;FLAVOR:Marlin
;TIME:1872
;Filament used: 1.14963m
;Layer height: 0.15
;MINX:-25.167
;MINY:-6.246
;MINZ:0.2
;MAXX:25.14
;MAXY:5.383
;MAXZ:23.2
;TARGET_MACHINE.NAME:Original Prusa MINI
;Generated with Cura_SteamEngine 5.8.1
M82 ;absolute extrusion mode
M201 X1250 Y1250 Z400 E5000 ; sets maximum accelerations
M203 X180 Y180 Z12 E80 ; sets maximum feedrates
M205 X8.00 Y8.00 Z2.00 E10.00 ; sets the jerk limits
M221 S100 ; reset flow
G90 ; use absolute positioning
M82 ; absolute extrusion mode
M104 S170 ; set extruder temp for bed leveling
M140 S60 ; set bed temp
M109 R170 ; wait for extruder temp
M190 S60 ; wait for bed temp
G28 ; home all
G29 ; mesh bed leveling
M104 S200 ; set extruder temp
G92 E0.0
G1 Y-2 X179 F2400
G1 Z3 F720
M109 S200 ; wait for extruder temp
G92 E0.0
G1 X170 F1000
G1 Z0.2 F720
G1 X110 E8 F900
G1 X40 E18 F900
G92 E0.0
M900 K0.2 ; LA
M83 ;relative extrusion mode
G1 F4200 E-3.5
;LAYER_COUNT:152
;LAYER:0
M106 S119
G1 F600 Z0.7
;MESH:pi 3mm_deformed_tet (6).stl
G0 F3600 X6.735 Y2.634 Z0.7
;TYPE:WALL-INNER
G1 F600 Z0.2
G1 F4200 E3.5
G1 F1800 X5.968 Y4.246 E0.05938
G1 X6.846 Y4.252 E0.0292
G1 X12.159 Y4.34 E0.17674
G1 X13.722 Y4.355 E0.05199
G1 X14.166 Y2.661 E0.05825
G1 X14.1 Y-0.066 E0.09073
G1 X14.142 Y-2.716 E0.08815
G1 X13.67 Y-4.462 E0.06016
G1 X12.131 Y-4.443 E0.05119
G1 X6.861 Y-4.348 E0.17531
G1 X6.064 Y-4.343 E0.02651
G1 X6.312 Y-3.78 E0.02046
G1 X6.797 Y-2.727 E0.03856
G1 X6.85 Y-2.53 E0.00679
G1 X7.084 Y0.038 E0.08577
G1 X6.849 Y1.841 E0.06048
G1 X6.79 Y2.436 E0.01989
G1 X6.735 Y2.634 E0.00683
G0 F3600 X6.389 Y2.429
;TYPE:WALL-OUTER
G1 F1800 X5.797 Y3.675 E0.04588
G1 X5.386 Y4.642 E0.03495
G1 X6.84 Y4.652 E0.04836
G1 X12.155 Y4.74 E0.1768
G1 X14.066 Y4.758 E0.06356
G1 X14.105 Y4.472 E0.0096
G1 X14.567 Y2.708 E0.06065
G1 X14.5 Y-0.06 E0.09209
G1 X14.543 Y-2.766 E0.09001
G1 X13.975 Y-4.866 E0.07236
G1 X12.124 Y-4.843 E0.06157
G1 X6.858 Y-4.748 E0.17518
G1 X5.454 Y-4.738 E0.0467
G1 X5.949 Y-3.613 E0.04088
G1 X6.449 Y-2.527 E0.03976
G1 X6.631 Y-.498 E0.06776
G1 X6.687 Y-0.014 E0.01621
G1 X6.451 Y1.795 E0.06068
G1 X6.389 Y2.429 E0.02119
G0 F3600 X6.304 Y2.609
G0 X7.077 Y2.799
;TYPE:SKIN
G1 F1800 X7.168 Y2.472 E0.01129
G1 X7.221 Y1.938 E0.01785
G1 X7.468 Y-0.021 E0.06567
G1 X7.41 Y-.553 E0.0178
G1 X7.224 Y-2.567 E0.06727
G1 X7.143 Y-2.888 E0.01101
G1 X6.649 Y-3.968 E0.0395
G1 X13.379 Y-4.073 E0.22387
G1 X13.759 Y-2.67 E0.04835
G1 X13.72 Y-0.072 E0.08642
G1 X13.783 Y2.612 E0.08929
G1 X13.426 Y3.97 E0.0467
G1 X12.168 Y3.96 E0.04184
G1 X6.563 Y3.872 E0.18645
G1 X7.077 Y2.799 E0.03957
G0 F3600 X6.94 Y3.545
G1 F1800 X7.075 Y3.68 E0.00635
G0 F3600 X7.121 Y3.161
G1 F1800 X7.649 Y3.689 E0.02484
G0 F3600 X8.224 Y3.698
G1 F1800 X7.295 Y2.769 E0.0437
G0 F3600 X7.386 Y2.295
G1 F1800 X8.799 Y3.707 E0.06644
G0 F3600 X9.373 Y3.716
G1 F1800 X7.442 Y1.785 E0.09083
G0 F3600 X7.505 Y1.283
G1 F1800 X9.948 Y3.725 E0.11489
G0 F3600 X10.522 Y3.734
G1 F1800 X7.569 Y0.781 E0.1389
G0 F3600 X7.633 Y0.279
G1 F1800 X11.097 Y3.743 E0.16294
G0 F3600 X11.672 Y3.752
G1 F1800 X7.636 Y-.284 E0.18984
G0 F3600 X7.578 Y-.907
G1 F1800 X12.245 Y3.76 E0.21952
G0 F3600 X12.816 Y3.765
G1 F1800 X7.521 Y-1.53 E0.24906
G0 F3600 X7.463 Y-2.154
G1 F1800 X13.296 Y3.68 E0.27439
G0 F3600 X13.414 Y3.231
G1 F1800 X7.369 Y-2.813 E0.28431
G1 X7.299 Y-2.883
G0 F3600 X7.532 Y-3.782
G1 F1800 X13.575 Y2.261 E0.28424
G0 F3600 X13.532 Y2.784
G1 F1800 X6.975 Y-3.773 E0.30842
G1 X6.905 Y-3.843
G0 F3600 X6.486 Y-3.652
G0 X8.683 Y-4.282
G0 X8.089 Y-3.79
G1 F1800 X13.562 Y1.682 E0.25741
G0 F3600 X13.547 Y1.102
G1 F1800 X8.646 Y-3.799 E0.23053
G0 F3600 X9.203 Y-3.808
G1 F1800 X13.534 Y0.523 E0.20372
G0 F3600 X13.521 Y-0.056
G1 F1800 X9.76 Y-3.816 E0.17688
G0 F3600 X10.317 Y-3.825
G1 F1800 X13.528 Y-.614 E0.15104
G0 F3600 X13.537 Y-1.171
G1 F1800 X10.874 Y-3.834 E0.12526
G0 F3600 X11.431 Y-3.842
G1 F1800 X13.545 Y-1.728 E0.09944
G0 F3600 X13.554 Y-2.285
G1 F1800 X11.988 Y-3.851 E0.07366
G0 F3600 X12.545 Y-3.859
G1 F1800 X13.485 Y-2.92 E0.04419
G1 X13.555 Y-2.85
G0 F3600 X13.275 Y-3.696
G1 F1800 X13.102 Y-3.869 E0.00814
M104 S200
G1 F4200 E-3.5
;MESH:NONMESH
G0 F600 X13.102 Y-3.869 Z0.35
G0 F3600 X13.095 Y-4.353
G0 X6.337 Y-4.166
G0 X6.813 Y-2.217
G0 X6.85 Y-.527
G0 X5.776 Y-.39
G0 X-10.075 Y2.551
;TIME_ELAPSED:13.136590
;LAYER:1
M106 S255
;TYPE:WALL-INNER
;MESH:pi 3mm_deformed_tet (6).stl
G1 F4200 E3.5
G1 F2535.2 X-10.366 Y4.373 E0.04902
G1 F2615 X-9.424 Y4.353 E0.02427
G1 F1500 X-9.672 Y2.142 E0.04828
G1 F2559.2 X-9.574 Y1.002 E0.03011
G1 F2700 X-9.508 Y-0.082 E0.02709
G1 X-9.295 Y-.827 E0.01933
G1 X-9.244 Y-2.583 E0.04382
G1 X-8.694 Y-3.862 E0.03473
G1 X-8.807 Y-4.329 E0.01199
G1 X-9.784 Y-4.347 E0.02438
G1 X-9.951 Y-3.892 E0.01209
G1 X-10.169 Y-2.357 E0.03867
G1 X-10.584 Y-.837 E0.0393
G1 X-10.517 Y-0.089 E0.01873
G1 X-10.347 Y1.047 E0.02865
G1 F2500 X-10.126 Y2.115 E0.02938
G1 F2358.1 X-10.075 Y2.551 E0.01254
G0 F5400 X-10.5 Y2.481
;TYPE:WALL-OUTER
G1 F1800 X-10.682 Y3.829 E0.03393
G1 X-10.839 Y4.783 E0.02412
G1 F1500 X-8.831 Y4.742 E0.04008
G1 F1800 X-9.032 Y4.351 E0.01097
G1 F1500 X-9.236 Y2.143 E0.04425
G1 X-9.114 Y-0.017 E0.04317
G1 F1800 X-8.896 Y-.764 E0.01941
G1 X-8.849 Y-2.488 E0.04302
G1 X-8.274 Y-3.826 E0.03633
G1 X-8.491 Y-4.723 E0.02302
G1 X-10.061 Y-4.753 E0.03917
G1 X-10.341 Y-3.99 E0.02027
G1 X-10.563 Y-2.436 E0.03916
G1 X-10.989 Y-.873 E0.04041
G1 X-10.917 Y-0.056 E0.02046
G1 X-10.741 Y1.116 E0.02956
G1 X-10.5 Y2.481 E0.03458
G0 F5400 X-10.526 Y2.679
G0 X-9.724 Y2.763
G0 X-9.592 Y3.778
G0 X-9.822 Y3.953
;TYPE:SKIN
;BRIDGE
G1 F1200 X-9.85 Y4.002 E0.00129
G1 X-9.907 Y4.002 E0.0013
G1 X-9.936 Y3.953 E0.0013
G1 X-9.908 Y3.904 E0.00129
G1 X-9.851 Y3.904 E0.0013
G1 X-9.822 Y3.953 E0.0013
G0 F5400 X-9.592 Y3.778
G0 X-9.403 Y-2.623
G0 X-8.865 Y-3.877
G0 X-9.667 Y-4.178
G0 X-9.574 Y-3.802
G1 F1200 X-9.516 Y-3.958 E0.00337
G1 X-9.108 Y-3.951 E0.00827
G1 X-9.089 Y-3.873 E0.00175
G1 X-9.663 Y-2.729 E0.03186
G1 X-9.574 Y-3.802 E0.02514
G0 F5400 X-9.84 Y-3.9
G0 X-10.007 Y-2.778
G0 X-9.663 Y-2.729
G1 F1200 X-9.711 Y-2.269 E0.01258
G0 F5400 X-10.07 Y-2.338
G0 X-10.386 Y-.974
G0 X-10.421 Y-.128
G0 X-9.897 Y-.173
G1 F1200 X-9.967 Y0.866 E0.02296
G1 X-10.12 Y-.151 E0.02268
G1 X-10.178 Y-.819 E0.01579
G1 X-9.711 Y-2.269 E0.04028
G1 X-9.693 Y-.887 E0.03455
G1 X-9.897 Y-.173 E0.01637
G1 F4200 E-3.5
G0 F5400 X-10.421 Y-.128
G0 X-10.189 Y1.019
G0 X-9.896 Y2.113
G0 X-8.372 Y2.117
G0 X3.684 Y2.373
G0 X12.297 Y4.34
;TYPE:WALL-INNER
G1 F4200 E3.5
G1 F2700 X14.138 Y4.358 E0.04593
G1 X14.175 Y4.358 E0.00092
G1 X14.174 Y4.222 E0.00339
G1 X14.159 Y2.429 E0.04473
G1 X14.1 Y-0.066 E0.06226
G1 X14.144 Y-2.759 E0.06719
G1 X14.153 Y-4.212 E0.03625
G1 X14.155 Y-4.469 E0.00641
G1 X14.084 Y-4.468 E0.00177
G1 X12.219 Y-4.447 E0.04653
G1 X6.639 Y-4.344 E0.13922
G1 X5.629 Y-4.34 E0.02519
G1 X4.929 Y-4.338 E0.01746
G1 F1500 X4.964 Y-0.064 E0.0853
G1 X4.948 Y4.239 E0.08587
G1 F2700 X5.557 Y4.243 E0.01519
G1 X6.89 Y4.252 E0.03325
G1 X12.297 Y4.34 E0.1349
G0 F5400 X12.293 Y4.74
;TYPE:WALL-OUTER
G1 F1800 X14.067 Y4.757 E0.04425
G1 X14.578 Y4.762 E0.01275
G1 X14.571 Y3.866 E0.02235
G1 X14.559 Y2.42 E0.03607
G1 X14.5 Y-0.06 E0.06188
G1 X14.544 Y-2.756 E0.06726
G1 X14.551 Y-3.856 E0.02744
G1 X14.558 Y-4.873 E0.02537
G1 X13.977 Y-4.867 E0.01449
G1 X12.212 Y-4.847 E0.04403
G1 X6.637 Y-4.744 E0.13909
G1 X5.453 Y-4.74 E0.02954
G1 X4.526 Y-4.736 E0.02312
G1 F1500 X4.564 Y-0.066 E0.0932
G1 X4.549 Y2.361 E0.04843
G1 X4.548 Y4.637 E0.04542
G1 F1800 X5.388 Y4.642 E0.02095
G1 X6.884 Y4.652 E0.03732
G1 X12.293 Y4.74 E0.13495
G0 F5400 X12.493 Y4.741
G0 X12.303 Y3.96
;TYPE:SKIN
G1 F1800 X6.896 Y3.872 E0.1349
G1 X5.719 Y3.861 E0.02936
G1 X5.329 Y3.857 E0.00973
G1 X5.344 Y-0.059 E0.09769
G1 X5.31 Y-3.957 E0.09724
G1 X5.796 Y-3.96 E0.01212
G1 X6.638 Y-3.964 E0.021
G1 X12.22 Y-4.064 E0.13927
G1 X13.77 Y-4.081 E0.03867
G1 X13.764 Y-2.766 E0.0328
G1 X13.72 Y-0.072 E0.06721
G1 X13.777 Y2.446 E0.06283
G1 X13.79 Y3.974 E0.03812
G1 X12.303 Y3.96 E0.0371
G0 F5400 X13.202 Y3.769
G1 F1800 X13.584 Y3.386 E0.01349
G0 F5400 X13.579 Y2.826
G1 F1800 X12.641 Y3.764 E0.03309
G0 F5400 X12.082 Y3.757
G1 F1800 X13.572 Y2.267 E0.05256
G0 F5400 X13.559 Y1.714
G1 F1800 X11.526 Y3.748 E0.07174
G0 F5400 X10.969 Y3.739
G1 F1800 X13.547 Y1.16 E0.09096
G0 F5400 X13.535 Y0.607
G1 F1800 X10.412 Y3.73 E0.11017
G0 F5400 X9.856 Y3.721
G1 F1800 X13.522 Y0.054 E0.12935
G0 F5400 X13.527 Y-.516
G1 F1800 X9.299 Y3.712 E0.14915
G0 F5400 X8.743 Y3.702
G1 F1800 X13.536 Y-1.091 E0.16909
G0 F5400 X13.546 Y-1.667
G1 F1800 X8.186 Y3.693 E0.18909
G0 F5400 X7.63 Y3.684
G1 F1800 X13.555 Y-2.242 E0.20904
G0 F5400 X13.564 Y-2.816
G1 F1800 X7.072 Y3.676 E0.22902
G0 F5400 X6.514 Y3.668
G1 F1800 X13.567 Y-3.384 E0.2488
G0 F5400 X13.495 Y-3.878
G1 F1800 X5.953 Y3.664 E0.26606
G0 F5400 X5.531 Y3.52
G1 F1800 X12.923 Y-3.872 E0.26077
G0 F5400 X12.351 Y-3.866
G1 F1800 X5.533 Y2.952 E0.24052
G0 F5400 X5.535 Y2.384
G1 F1800 X11.775 Y-3.856 E0.22013
G0 F5400 X11.2 Y-3.846
G1 F1800 X5.537 Y1.817 E0.19978
G0 F5400 X5.539 Y1.249
G1 F1800 X10.624 Y-3.835 E0.17937
G0 F5400 X10.048 Y-3.825
G1 F1800 X5.542 Y0.681 E0.15896
G0 F5400 X5.544 Y0.113
G1 F1800 X9.472 Y-3.815 E0.13857
G0 F5400 X8.895 Y-3.804
G1 F1800 X5.541 Y-.45 E0.11832
G0 F5400 X5.536 Y-1.01
G1 F1800 X8.32 Y-3.794 E0.09821
G0 F5400 X7.744 Y-3.784
G1 F1800 X5.531 Y-1.571 E0.07807
G0 F5400 X5.526 Y-2.132
G1 F1800 X7.168 Y-3.774 E0.05793
G0 F5400 X6.592 Y-3.764
G1 F1800 X5.521 Y-2.693 E0.03778
G0 F5400 X5.517 Y-3.254
G1 F1800 X6.024 Y-3.761 E0.01789
G1 F4200 E-3.5
;MESH:NONMESH
G0 F600 X6.024 Y-3.761 Z0.5
G0 F5400 X6.023 Y-4.242
G0 X5.103 Y-4.166
G0 X4.767 Y-0.085
G0 X3.702 Y-0.076
G0 X-5.341 Y0.003
;TIME_ELAPSED:27.598920
;LAYER:2
;TYPE:WALL-INNER
;MESH:pi 3mm_deformed_tet (6).stl
G1 F4200 E3.5
G1 F3600 X-4.953 Y-1.553 E0.04
G1 F1500 X-4.966 Y-4.272 E0.05426
G1 F3600 X-6.789 Y-4.288 E0.04548
G1 X-8.394 Y-4.32 E0.04004
G1 X-10.21 Y-4.357 E0.04531
G1 X-12.148 Y-4.396 E0.04835
G1 F1500 X-14.19 Y-4.414 E0.04075
G1 X-14.124 Y0.026 E0.08861
G1 X-14.147 Y2.546 E0.05029
G1 F3600 X-14.153 Y4.433 E0.04707
G1 X-12.186 Y4.412 E0.04907
G1 X-10.776 Y4.384 E0.03518
G1 X-10.7 Y4.382 E0.0019
G1 X-9.034 Y4.349
G1 F1500 X-6.742 Y4.304 E0.04575
G1 F3600 X-4.947 Y4.307 E0.04478
G1 F1500 X-4.953 Y1.714 E0.05175
G1 F3600 X-5.341 Y0.003 E0.04376
G0 F7200 X-4.927 Y-0.004
;TYPE:WALL-OUTER
G1 F1800 X-4.553 Y-1.505 E0.03859
G1 F1500 X-4.568 Y-4.669 E0.06314
G1 X-6.781 Y-4.688 E0.04416
G1 F1800 X-8.49 Y-4.722 E0.04264
G1 X-10.065 Y-4.754 E0.0393
G1 F1500 X-12.144 Y-4.796 E0.0415
G1 X-14.596 Y-4.818 E0.04893
G1 X-14.524 Y0.022 E0.0966
G1 X-14.547 Y2.545 E0.05035
G1 X-14.555 Y4.837 E0.04574
G1 X-12.178 Y4.812 E0.04744
G1 F1800 X-10.843 Y4.785 E0.03331
G1 X-8.831 Y4.745 E0.0502
G1 F1500 X-6.743 Y4.704 E0.04168
G1 X-4.545 Y4.707 E0.04386
G1 X-4.553 Y1.67 E0.06061
G1 F1800 X-4.927 Y-0.004 E0.04279
G0 F7200 X-4.879 Y-.198
G0 X-5.731 Y0.002
;TYPE:SKIN
;BRIDGE
G1 F1200 X-5.332 Y1.759 E0.03596
G1 X-5.329 Y3.924 E0.0432
G1 X-6.74 Y3.924 E0.02816
G1 X-9.069 Y3.97 E0.04649
G1 X-10.713 Y4.003 E0.03281
G1 X-12.186 Y4.032 E0.0294
G1 X-13.77 Y4.049 E0.03161
G1 X-13.744 Y0.026 E0.08028
G1 X-13.801 Y-4.03 E0.08095
G1 X-12.16 Y-4.015 E0.03275
G1 X-10.347 Y-3.979 E0.03619
G1 X-8.302 Y-3.938 E0.04082
G1 X-6.793 Y-3.908 E0.03012
G1 X-5.344 Y-3.893 E0.02892
G1 X-5.333 Y-1.6 E0.04576
G1 X-5.731 Y0.002 E0.03294
G0 F7200 X-5.383 Y-.242
G0 X-5.155 Y-1.158
G0 X-5.619 Y-1.274
G1 F1200 X-5.655 Y-3.696 E0.04834
G0 F7200 X-6.055 Y-3.7
G1 F1200 X-5.946 Y3.723 E0.14815
G0 F7200 X-5.546 Y3.723
G1 F1200 X-5.577 Y1.585 E0.04267
G1 X-5.578 Y1.485
G0 F7200 X-5.131 Y1.384
G0 X-5.12 Y4.134
G0 X-6.347 Y4.204
G0 X-6.346 Y3.723
G1 F1200 X-6.455 Y-3.704 E0.14823
G0 F7200 X-6.856 Y-3.709
G1 F1200 X-6.746 Y3.725 E0.14837
G0 F7200 X-7.146 Y3.733
G1 F1200 X-7.256 Y-3.716 E0.14867
G0 F7200 X-7.656 Y-3.724
G1 F1200 X-7.546 Y3.74 E0.14897
G0 F7200 X-7.945 Y3.748
G1 F1200 X-8.056 Y-3.732 E0.14929
G0 F7200 X-8.456 Y-3.74
G1 F1200 X-8.345 Y3.756 E0.14961
G0 F7200 X-8.745 Y3.764
G1 F1200 X-8.856 Y-3.748 E0.14993
G0 F7200 X-9.257 Y-3.757
G1 F1200 X-9.145 Y3.772 E0.15027
G0 F7200 X-9.545 Y3.78
G1 F1200 X-9.657 Y-3.765 E0.15059
G0 F7200 X-10.057 Y-3.773
G1 F1200 X-9.945 Y3.787 E0.15088
G0 F7200 X-10.345 Y3.795
G1 F1200 X-10.457 Y-3.78 E0.15118
G0 F7200 X-10.857 Y-3.788
G1 F1200 X-10.745 Y3.803 E0.1515
G0 F7200 X-11.145 Y3.811
G1 F1200 X-11.257 Y-3.796 E0.15182
G0 F7200 X-11.658 Y-3.804
G1 F1200 X-11.545 Y3.819 E0.15214
G0 F7200 X-11.945 Y3.827
G1 F1200 X-12.058 Y-3.812 E0.15246
G0 F7200 X-12.458 Y-3.817
G1 F1200 X-12.345 Y3.833 E0.15268
G0 F7200 X-12.745 Y3.837
G1 F1200 X-12.858 Y-3.82 E0.15282
G0 F7200 X-13.258 Y-3.824
G1 F1200 X-13.145 Y3.842 E0.153
G0 F7200 X-13.545 Y3.847
G1 F1200 X-13.561 Y2.715 E0.02259
G1 X-13.562 Y2.615
G1 F4200 E-3.5
G1 F600 Z1
G0 F7200 X12.314 Y4.344 Z1
;TYPE:WALL-INNER
G1 F600 Z0.5
G1 F4200 E3.5
G1 F3600 X14.171 Y4.359 E0.04632
G1 X14.157 Y2.479 E0.0469
G1 X14.1 Y-0.066 E0.0635
G1 X14.144 Y-2.905 E0.07083
G1 X14.155 Y-4.468 E0.03899
G1 X12.26 Y-4.447 E0.04727
G1 X6.495 Y-4.344 E0.14383
G1 X4.93 Y-4.338 E0.03904
G1 X4.968 Y-0.063 E0.10664
G1 X4.948 Y2.375 E0.06082
G1 X4.952 Y4.24 E0.04652
G1 X6.886 Y4.256 E0.04825
G1 X12.314 Y4.344 E0.13542
G0 F7200 X12.311 Y4.744
;TYPE:WALL-OUTER
G1 F1800 X14.574 Y4.762 E0.05645
G1 X14.557 Y2.476 E0.05703
G1 X14.5 Y-0.06 E0.06328
G1 X14.544 Y-2.902 E0.0709
G1 X14.558 Y-4.873 E0.04917
G1 X12.253 Y-4.847 E0.0575
G1 X6.493 Y-4.744 E0.14371
G1 X4.526 Y-4.736 E0.04907
G1 X4.568 Y-0.066 E0.1165
G1 X4.548 Y2.375 E0.06089
G1 X4.552 Y4.637 E0.05643
G1 X6.88 Y4.656 E0.05807
G1 X12.311 Y4.744 E0.13549
G0 F7200 X12.511 Y4.745
G0 X12.321 Y3.964
;TYPE:SKIN
G1 F1800 X6.892 Y3.876 E0.13544
G1 X5.328 Y3.861 E0.03902
G1 X5.328 Y2.379 E0.03697
G1 X5.348 Y-0.058 E0.06079
G1 X5.311 Y-3.957 E0.09727
G1 X6.494 Y-3.964 E0.02951
G1 X12.26 Y-4.064 E0.14386
G1 X13.77 Y-4.081 E0.03767
G1 X13.764 Y-2.912 E0.02916
G1 X13.72 Y-0.072 E0.07085
G1 X13.777 Y2.495 E0.06405
G1 X13.786 Y3.974 E0.03689
G1 X12.321 Y3.964 E0.03655
G0 F7200 X12.319 Y4.244
G0 X5.521 Y4.144
G0 X5.528 Y3.265
G1 F1800 X5.929 Y3.666 E0.01415
G0 F7200 X6.5 Y3.672
G1 F1800 X5.528 Y2.7 E0.03429
G0 F7200 X5.53 Y2.135
G1 F1800 X7.073 Y3.679 E0.05445
G0 F7200 X7.648 Y3.688
G1 F1800 X5.535 Y1.575 E0.07454
G0 F7200 X5.539 Y1.013
G1 F1800 X8.223 Y3.697 E0.09469
G0 F7200 X8.798 Y3.707
G1 F1800 X5.544 Y0.453 E0.11479
G0 F7200 X5.547 Y-.11
G1 F1800 X9.373 Y3.717 E0.13499
G0 F7200 X9.948 Y3.726
G1 F1800 X5.542 Y-.681 E0.15545
G0 F7200 X5.537 Y-1.252
G1 F1800 X10.523 Y3.735 E0.17591
G0 F7200 X11.098 Y3.744
G1 F1800 X5.531 Y-1.823 E0.19639
G0 F7200 X5.526 Y-2.394
G1 F1800 X11.674 Y3.754 E0.21689
G0 F7200 X12.249 Y3.763
G1 F1800 X5.52 Y-2.965 E0.23737
G0 F7200 X5.515 Y-3.536
G1 F1800 X12.818 Y3.767 E0.25763
G0 F7200 X13.388 Y3.771
G1 F1800 X5.857 Y-3.76 E0.26568
G0 F7200 X6.419 Y-3.763
G1 F1800 X13.583 Y3.4 E0.25271
G0 F7200 X13.579 Y2.831
G1 F1800 X6.976 Y-3.772 E0.23294
G0 F7200 X7.532 Y-3.782
G1 F1800 X13.572 Y2.258 E0.21308
G0 F7200 X13.559 Y1.679
G1 F1800 X8.088 Y-3.792 E0.193
G0 F7200 X8.644 Y-3.801
G1 F1800 X13.546 Y1.101 E0.17293
G0 F7200 X13.533 Y0.523
G1 F1800 X9.2 Y-3.811 E0.15288
G0 F7200 X9.756 Y-3.82
G1 F1800 X13.521 Y-0.056 E0.1328
G0 F7200 X13.528 Y-.614
G1 F1800 X10.312 Y-3.83 E0.11345
G0 F7200 X10.868 Y-3.84
G1 F1800 X13.538 Y-1.17 E0.09419
G0 F7200 X13.546 Y-1.727
G1 F1800 X11.424 Y-3.849 E0.07486
G0 F7200 X11.98 Y-3.859
G1 F1800 X13.555 Y-2.285 E0.05554
G0 F7200 X13.563 Y-2.842
G1 F1800 X12.538 Y-3.867 E0.03616
G0 F7200 X13.097 Y-3.874
G1 F1800 X13.567 Y-3.403 E0.0166
G1 F4200 E-3.5
;MESH:NONMESH
G0 F600 X13.567 Y-3.403 Z0.65
G0 F7200 X14.047 Y-3.4
G0 X13.982 Y-4.294
G0 X5.103 Y-4.166
G0 X4.771 Y2.37
G0 X3.687 Y2.372
G0 X-3.694 Y2.47
G0 X-12.231 Y4.412
;TIME_ELAPSED:52.523097
;LAYER:3
;TYPE:WALL-INNER
;MESH:pi 3mm_deformed_tet (6).stl
G1 F4200 E3.5
G1 F3600 X-6.784 Y4.308 E0.1359
G1 X-4.948 Y4.308 E0.0458
G1 X-4.96 Y2.377 E0.04817
G1 X-4.948 Y-0.012 E0.05959
G1 X-4.969 Y-4.272 E0.10627
G1 X-6.909 Y-4.288 E0.0484
G1 X-12.026 Y-4.396 E0.12767
G1 X-14.19 Y-4.414 E0.05398
G1 X-14.123 Y0.018 E0.11057
G1 X-14.151 Y2.762 E0.06845
G1 X-14.157 Y4.432 E0.04166
G1 X-12.231 Y4.412 E0.04805
G0 F7200 X-12.223 Y4.812
;TYPE:WALL-OUTER
G1 F1800 X-6.784 Y4.708 E0.1357
G1 X-4.546 Y4.708 E0.05583
G1 X-4.56 Y2.379 E0.0581
G1 X-4.548 Y-0.014 E0.05969
G1 X-4.571 Y-4.669 E0.11612
G1 X-6.901 Y-4.688 E0.05812
G1 X-12.022 Y-4.796 E0.12777
G1 X-14.596 Y-4.818 E0.06421
G1 X-14.523 Y0.019 E0.12067
G1 X-14.551 Y2.76 E0.06838
G1 X-14.559 Y4.837 E0.05181
G1 X-12.223 Y4.812 E0.05828
G0 F7200 X-12.024 Y4.809
G0 X-12.229 Y4.032
;TYPE:SKIN
;BRIDGE
G1 F1500 X-13.774 Y4.045 E0.03854
G1 X-13.739 Y0.015 E0.10053
G1 X-13.8 Y-4.03 E0.10091
G1 X-12.038 Y-4.015 E0.04395
G1 X-6.913 Y-3.908 E0.12787
G1 X-5.347 Y-3.893 E0.03907
G1 X-5.329 Y0.011 E0.09739
G1 X-5.34 Y2.374 E0.05895
G1 X-5.33 Y3.928 E0.03877
G1 X-6.78 Y3.928 E0.03617
G1 X-12.229 Y4.032 E0.13595
G0 F7200 X-12.225 Y4.311
G0 X-13.984 Y4.258
G0 X-14.052 Y3.205
G0 X-13.568 Y3.207
G1 F1500 X-12.918 Y3.837 E0.02258
G0 F7200 X-12.249 Y3.831
G1 F1500 X-13.562 Y2.558 E0.04562
G0 F7200 X-13.556 Y1.908
G1 F1500 X-11.587 Y3.819 E0.06845
G0 F7200 X-10.925 Y3.807
G1 F1500 X-13.551 Y1.259 E0.09127
G0 F7200 X-13.545 Y0.61
G1 F1500 X-10.264 Y3.794 E0.11405
G0 F7200 X-9.601 Y3.782
G1 F1500 X-13.54 Y-0.04 E0.13691
G0 F7200 X-13.55 Y-.705
G1 F1500 X-8.939 Y3.769 E0.16027
G0 F7200 X-8.278 Y3.756
G1 F1500 X-13.56 Y-1.369 E0.18359
G0 F7200 X-13.57 Y-2.034
G1 F1500 X-7.616 Y3.743 E0.20694
G0 F7200 X-6.954 Y3.73
G1 F1500 X-13.58 Y-2.699 E0.2303
G0 F7200 X-13.59 Y-3.363
G1 F1500 X-6.282 Y3.727 E0.25399
G0 F7200 X-5.607 Y3.728
G1 F1500 X-13.392 Y-3.826 E0.27059
G0 F7200 X-12.711 Y-3.82
G1 F1500 X-5.534 Y3.143 E0.24944
G0 F7200 X-5.539 Y2.484
G1 F1500 X-12.03 Y-3.814 E0.22561
G0 F7200 X-11.34 Y-3.8
G1 F1500 X-5.537 Y1.832 E0.20172
G0 F7200 X-5.534 Y1.179
G1 F1500 X-10.651 Y-3.786 E0.17786
G0 F7200 X-9.961 Y-3.771
G1 F1500 X-5.531 Y0.527 E0.15397
G0 F7200 X-5.529 Y-.126
G1 F1500 X-9.271 Y-3.756 E0.13005
G0 F7200 X-8.581 Y-3.742
G1 F1500 X-5.532 Y-.784 E0.10597
G0 F7200 X-5.535 Y-1.441
G1 F1500 X-7.891 Y-3.728 E0.08191
G0 F7200 X-7.201 Y-3.713
G1 F1500 X-5.538 Y-2.099 E0.05781
G0 F7200 X-5.541 Y-2.757
G1 F1500 X-6.517 Y-3.704 E0.03392
G0 F7200 X-5.835 Y-3.697
G1 F1500 X-5.544 Y-3.415 E0.01011
G1 F4200 E-3.5
G0 F7200 X-5.538 Y-4.176
G0 X-4.768 Y0.143
G0 X-3.684 Y0.137
G0 X3.707 Y0.222
G0 X12.358 Y4.344
;TYPE:WALL-INNER
G1 F4200 E3.5
G1 F3600 X14.167 Y4.361 E0.04513
G1 X14.153 Y2.479 E0.04695
G1 X14.096 Y-0.067 E0.06353
G1 X14.148 Y-3.051 E0.07445
G1 X14.156 Y-4.469 E0.03537
G1 X12.303 Y-4.451 E0.04623
G1 X6.347 Y-4.344 E0.1486
G1 X4.929 Y-4.338 E0.03537
G1 X4.945 Y-2.469 E0.04662
G1 X4.96 Y-2.1 E0.00921
G1 X4.972 Y-0.063 E0.05081
G1 X4.952 Y2.375 E0.06082
G1 X4.956 Y4.24 E0.04652
G1 X6.878 Y4.256 E0.04795
G1 X12.358 Y4.344 E0.13672
G0 F7200 X12.354 Y4.744
;TYPE:WALL-OUTER
G1 F1800 X14.57 Y4.765 E0.05528
G1 X14.553 Y2.476 E0.0571
G1 X14.496 Y-0.06 E0.06328
G1 X14.548 Y-3.049 E0.07457
G1 X14.558 Y-4.873 E0.0455
G1 X12.296 Y-4.851 E0.05643
G1 X6.345 Y-4.744 E0.14847
G1 X4.526 Y-4.736 E0.04538
G1 X4.545 Y-2.453 E0.05695
G1 X4.56 Y-2.098 E0.00886
G1 X4.572 Y-0.066 E0.05069
G1 X4.552 Y2.375 E0.06089
G1 X4.556 Y4.637 E0.05643
G1 X6.872 Y4.656 E0.05777
G1 X12.354 Y4.744 E0.13677
G0 F7200 X12.554 Y4.745
G0 X12.364 Y3.964
;TYPE:SKIN
G1 F1800 X6.884 Y3.876 E0.13672
G1 X5.332 Y3.861 E0.03872
G1 X5.332 Y2.379 E0.03697
G1 X5.352 Y-0.058 E0.06079
G1 X5.34 Y-2.13 E0.05169
G1 X5.325 Y-2.452 E0.00804
G1 X5.31 Y-3.957 E0.03754
G1 X6.346 Y-3.964 E0.02584
G1 X12.305 Y-4.068 E0.14867
G1 X13.774 Y-4.085 E0.03665
G1 X13.768 Y-3.056 E0.02567
G1 X13.716 Y-0.072 E0.07445
G1 X13.773 Y2.495 E0.06405
G1 X13.782 Y3.977 E0.03697
G1 X12.364 Y3.964 E0.03537
G0 F7200 X13.199 Y3.772
G1 F1800 X13.579 Y3.392 E0.01341
G0 F7200 X13.575 Y2.83
G1 F1800 X12.638 Y3.767 E0.03306
G0 F7200 X12.08 Y3.76
G1 F1800 X13.567 Y2.272 E0.05248
G0 F7200 X13.555 Y1.718
G1 F1800 X11.523 Y3.75 E0.07168
G0 F7200 X10.966 Y3.742
G1 F1800 X13.543 Y1.165 E0.09091
G0 F7200 X13.53 Y0.612
G1 F1800 X10.409 Y3.733 E0.1101
G0 F7200 X9.853 Y3.724
G1 F1800 X13.518 Y0.058 E0.12931
G0 F7200 X13.523 Y-.513
G1 F1800 X9.296 Y3.714 E0.14912
G0 F7200 X8.739 Y3.706
G1 F1800 X13.533 Y-1.088 E0.16912
G0 F7200 X13.543 Y-1.664
G1 F1800 X8.183 Y3.697 E0.18911
G0 F7200 X7.626 Y3.688
G1 F1800 X13.554 Y-2.24 E0.20913
G0 F7200 X13.564 Y-2.816
G1 F1800 X7.069 Y3.679 E0.22913
G0 F7200 X6.51 Y3.672
G1 F1800 X13.569 Y-3.387 E0.24903
G0 F7200 X13.499 Y-3.882
G1 F1800 X5.95 Y3.667 E0.26631
G0 F7200 X5.532 Y3.519
G1 F1800 X12.923 Y-3.872 E0.26074
G0 F7200 X12.348 Y-3.863
G1 F1800 X5.532 Y2.953 E0.24045
G0 F7200 X5.532 Y2.387
G1 F1800 X11.773 Y-3.854 E0.22017
G0 F7200 X11.198 Y-3.845
G1 F1800 X5.537 Y1.817 E0.19972
G0 F7200 X5.542 Y1.247
G1 F1800 X10.623 Y-3.835 E0.17926
G0 F7200 X10.048 Y-3.825
G1 F1800 X5.546 Y0.677 E0.15882
G0 F7200 X5.551 Y0.106
G1 F1800 X9.473 Y-3.816 E0.13836
G0 F7200 X8.898 Y-3.806
G1 F1800 X5.549 Y-.458 E0.11813
G0 F7200 X5.547 Y-1.021
G1 F1800 X8.323 Y-3.797 E0.09793
G0 F7200 X7.748 Y-3.788
G1 F1800 X5.544 Y-1.584 E0.07775
G0 F7200 X5.54 Y-2.146
G1 F1800 X7.173 Y-3.779 E0.05761
G0 F7200 X6.597 Y-3.769
G1 F1800 X5.523 Y-2.695 E0.03789
G0 F7200 X5.518 Y-3.255
G1 F1800 X6.025 Y-3.763 E0.0179
G1 F4200 E-3.5
;MESH:NONMESH
G0 F600 X6.025 Y-3.763 Z0.8
G0 F7200 X6.024 Y-4.243
G0 X5.103 Y-4.167
G0 X4.766 Y-2.502
G0 X3.683 Y-2.467
G0 X-3.684 Y0.137
G0 X-12.276 Y4.412
;TIME_ELAPSED:74.212975
;LAYER:4
;TYPE:WALL-INNER
;MESH:pi 3mm_deformed_tet (6).stl
G1 F4200 E3.5
G1 F3600 X-6.788 Y4.308 E0.13692
G1 X-4.952 Y4.308 E0.0458
G1 X-4.964 Y2.387 E0.04792
G1 X-4.949 Y0.04 E0.05855
G1 X-4.969 Y-4.272 E0.10756
G1 X-6.905 Y-4.288 E0.0483
G1 X-12.352 Y-4.4 E0.1359
G1 X-14.19 Y-4.414 E0.04585
G1 X-14.124 Y0.027 E0.11079
G1 X-14.155 Y2.912 E0.07197
G1 X-14.158 Y4.432 E0.03792
G1 X-12.276 Y4.412 E0.04695
G0 F7200 X-12.268 Y4.812
;TYPE:WALL-OUTER
G1 F1800 X-6.788 Y4.708 E0.13672
G1 X-4.55 Y4.708 E0.05583
G1 X-4.564 Y2.39 E0.05782
G1 X-4.549 Y0.043 E0.05855
G1 X-4.571 Y-4.669 E0.11754
G1 X-6.897 Y-4.688 E0.05802
G1 X-12.348 Y-4.8 E0.136
G1 X-14.596 Y-4.818 E0.05608
G1 X-14.524 Y0.023 E0.12077
G1 X-14.555 Y2.911 E0.07205
G1 X-14.559 Y4.837 E0.04804
G1 X-12.268 Y4.812 E0.05715
G0 F7200 X-12.069 Y4.809
G0 X-12.274 Y4.032
;TYPE:SKIN
;BRIDGE
G1 F1800 X-13.775 Y4.045 E0.03744
G1 X-13.744 Y0.03 E0.10016
G1 X-13.801 Y-4.03 E0.10129
G1 X-12.364 Y-4.019 E0.03585
G1 X-6.909 Y-3.908 E0.1361
G1 X-5.347 Y-3.893 E0.03897
G1 X-5.328 Y-0.01 E0.09686
G1 X-5.344 Y2.382 E0.05967
G1 X-5.334 Y3.928 E0.03857
G1 X-6.784 Y3.928 E0.03617
G1 X-12.274 Y4.032 E0.13697
G0 F7200 X-12.27 Y4.311
G0 X-5.85 Y4.208
G0 X-5.85 Y3.728
G1 F1800 X-5.537 Y3.406 E0.0112
G0 F7200 X-5.541 Y2.836
G1 F1800 X-6.407 Y3.728 E0.03101
G0 F7200 X-6.968 Y3.732
G1 F1800 X-5.543 Y2.264 E0.05103
G0 F7200 X-5.54 Y1.686
G1 F1800 X-7.536 Y3.742 E0.07148
G0 F7200 X-8.103 Y3.753
G1 F1800 X-5.536 Y1.108 E0.09194
G0 F7200 X-5.532 Y0.53
G1 F1800 X-8.672 Y3.764 E0.11244
G0 F7200 X-9.239 Y3.774
G1 F1800 X-5.529 Y-0.048 E0.13287
G0 F7200 X-5.532 Y-.619
G1 F1800 X-9.808 Y3.786 E0.15314
G0 F7200 X-10.376 Y3.796
G1 F1800 X-5.534 Y-1.19 E0.17337
G0 F7200 X-5.537 Y-1.762
G1 F1800 X-10.943 Y3.807 E0.19361
G0 F7200 X-11.512 Y3.818
G1 F1800 X-5.54 Y-2.333 E0.21386
G0 F7200 X-5.543 Y-2.905
G1 F1800 X-12.079 Y3.828 E0.23408
G0 F7200 X-12.644 Y3.835
G1 F1800 X-5.545 Y-3.476 E0.2542
G0 F7200 X-5.887 Y-3.699
G1 F1800 X-13.206 Y3.841 E0.26212
G0 F7200 X-13.572 Y3.643
G1 F1800 X-6.439 Y-3.704 E0.25544
G0 F7200 X-6.991 Y-3.71
G1 F1800 X-13.567 Y3.064 E0.2355
G0 F7200 X-13.563 Y2.485
G1 F1800 X-7.537 Y-3.722 E0.2158
G0 F7200 X-8.084 Y-3.733
G1 F1800 X-13.558 Y1.906 E0.19604
G0 F7200 X-13.553 Y1.327
G1 F1800 X-8.631 Y-3.744 E0.17628
G0 F7200 X-9.177 Y-3.755
G1 F1800 X-13.549 Y0.748 E0.15656
G0 F7200 X-13.544 Y0.169
G1 F1800 X-9.724 Y-3.766 E0.1368
G0 F7200 X-10.271 Y-3.777
G1 F1800 X-13.549 Y-.4 E0.1174
G0 F7200 X-13.558 Y-.966
G1 F1800 X-10.817 Y-3.788 E0.09814
G0 F7200 X-11.364 Y-3.799
G1 F1800 X-13.565 Y-1.532 E0.07882
G0 F7200 X-13.574 Y-2.098
G1 F1800 X-11.911 Y-3.81 E0.05954
G0 F7200 X-12.459 Y-3.82
G1 F1800 X-13.581 Y-2.664 E0.04019
G0 F7200 X-13.59 Y-3.23
G1 F1800 X-13.013 Y-3.824 E0.02066
G1 X-12.944 Y-3.895
G1 F4200 E-3.5
G0 F7200 X-12.941 Y-4.304
G0 X-5.14 Y-4.102
G0 X-4.77 Y0.014
G0 X-3.686 Y0.008
G0 X3.712 Y0.099
G0 X12.401 Y4.344
;TYPE:WALL-INNER
G1 F4200 E3.5
G1 F3600 X14.165 Y4.362 E0.04401
G1 X14.148 Y2.449 E0.04772
G1 X14.096 Y-0.066 E0.06275
G1 X14.148 Y-3.197 E0.07811
G1 X14.158 Y-4.472 E0.03181
G1 X12.349 Y-4.452 E0.04513
G1 X6.199 Y-4.344 E0.15344
G1 X4.93 Y-4.338 E0.03166
G1 X4.948 Y-2.478 E0.0464
G1 X4.964 Y-1.952 E0.01313
G1 X4.976 Y-0.062 E0.04715
G1 X4.953 Y2.377 E0.06084
G1 X4.956 Y4.243 E0.04655
G1 X6.874 Y4.256 E0.04785
G1 X12.401 Y4.344 E0.13789
G0 F7200 X12.397 Y4.744
;TYPE:WALL-OUTER
G1 F1800 X14.568 Y4.766 E0.05416
G1 X14.548 Y2.44 E0.05802
G1 X14.496 Y-0.06 E0.06238
G1 X14.548 Y-3.193 E0.07816
G1 X14.562 Y-4.877 E0.04201
G1 X12.342 Y-4.852 E0.05538
G1 X6.197 Y-4.744 E0.15331
G1 X4.526 Y-4.736 E0.04168
G1 X4.548 Y-2.466 E0.05663
G1 X4.564 Y-1.95 E0.01288
G1 X4.576 Y-0.066 E0.047
G1 X4.553 Y2.377 E0.06094
G1 X4.556 Y4.641 E0.05648
G1 X6.868 Y4.656 E0.05767
G1 X12.397 Y4.744 E0.13794
G0 F7200 X12.597 Y4.746
G0 X12.407 Y3.964
;TYPE:SKIN
G1 F1800 X6.88 Y3.876 E0.13789
G1 X5.336 Y3.861 E0.03852
G1 X5.332 Y2.385 E0.03682
G1 X5.356 Y-0.058 E0.06094
G1 X5.344 Y-1.954 E0.0473
G1 X5.328 Y-2.476 E0.01303
G1 X5.311 Y-3.957 E0.03695
G1 X6.198 Y-3.964 E0.02213
G1 X12.348 Y-4.072 E0.15344
G1 X13.774 Y-4.086 E0.03557
G1 X13.768 Y-3.203 E0.02203
G1 X13.716 Y-0.072 E0.07811
G1 X13.769 Y2.466 E0.06332
G1 X13.778 Y3.978 E0.03772
G1 X12.407 Y3.964 E0.0342
G0 F7200 X12.405 Y4.244
G0 X5.529 Y4.146
G0 X5.535 Y3.272
G1 F1800 X5.931 Y3.668 E0.01397
G0 F7200 X6.505 Y3.677
G1 F1800 X5.533 Y2.705 E0.03429
G0 F7200 X5.535 Y2.14
G1 F1800 X7.079 Y3.685 E0.05449
G0 F7200 X7.652 Y3.693
G1 F1800 X5.54 Y1.58 E0.07452
G0 F7200 X5.546 Y1.02
G1 F1800 X8.226 Y3.701 E0.09456
G0 F7200 X8.8 Y3.709
G1 F1800 X5.551 Y0.46 E0.11462
G0 F7200 X5.556 Y-.101
G1 F1800 X9.373 Y3.717 E0.13467
G0 F7200 X9.948 Y3.725
G1 F1800 X5.552 Y-.67 E0.15506
G0 F7200 X5.549 Y-1.239
G1 F1800 X10.521 Y3.733 E0.1754
G0 F7200 X11.095 Y3.741
G1 F1800 X5.546 Y-1.808 E0.19576
G0 F7200 X5.531 Y-2.389
G1 F1800 X11.669 Y3.749 E0.21653
G0 F7200 X12.242 Y3.757
G1 F1800 X5.523 Y-2.963 E0.23705
G0 F7200 X5.515 Y-3.536
G1 F1800 X12.816 Y3.765 E0.25756
G0 F7200 X13.39 Y3.773
G1 F1800 X5.853 Y-3.763 E0.26587
G0 F7200 X6.41 Y-3.772
G1 F1800 X13.574 Y3.392 E0.25273
G0 F7200 X13.571 Y2.823
G1 F1800 X6.966 Y-3.782 E0.23301
G0 F7200 X7.522 Y-3.792
G1 F1800 X13.564 Y2.251 E0.21317
G0 F7200 X13.552 Y1.673
G1 F1800 X8.079 Y-3.801 E0.19309
G0 F7200 X8.635 Y-3.81
G1 F1800 X13.54 Y1.095 E0.17304
G0 F7200 X13.528 Y0.518
G1 F1800 X9.192 Y-3.819 E0.15298
G0 F7200 X9.748 Y-3.828
G1 F1800 X13.516 Y-0.06 E0.13293
G0 F7200 X13.524 Y-.618
G1 F1800 X10.305 Y-3.837 E0.11356
G0 F7200 X10.861 Y-3.847
G1 F1800 X13.533 Y-1.175 E0.09426
G0 F7200 X13.541 Y-1.732
G1 F1800 X11.418 Y-3.856 E0.07491
G0 F7200 X11.974 Y-3.865
G1 F1800 X13.55 Y-2.29 E0.05558
G0 F7200 X13.557 Y-2.848
G1 F1800 X12.532 Y-3.873 E0.03616
G0 F7200 X13.092 Y-3.878
G1 F1800 X13.566 Y-3.405 E0.0167
G1 F4200 E-3.5
;MESH:NONMESH
G0 F600 X13.566 Y-3.405 Z0.95
G0 F7200 X14.049 Y-3.401
G0 X13.985 Y-4.298
G0 X5.104 Y-4.167
G0 X4.775 Y2.369
G0 X3.691 Y2.371
G0 X-3.701 Y2.471
G0 X-12.317 Y4.416
;TIME_ELAPSED:96.422785
;LAYER:5
;TYPE:WALL-INNER
;MESH:pi 3mm_deformed_tet (6).stl
G1 F4200 E3.5
G1 F3600 X-6.788 Y4.308 E0.13795
G1 X-4.953 Y4.308 E0.04577
G1 X-4.968 Y2.398 E0.04765
G1 X-4.953 Y0.04 E0.05882
G1 X-4.973 Y-4.272 E0.10756
G1 X-6.897 Y-4.288 E0.048
G1 X-11.783 Y-4.392 E0.12191
G1 X-14.19 Y-4.414 E0.06005
G1 X-14.12 Y0.028 E0.11082
G1 X-14.155 Y3.059 E0.07561
G1 X-14.161 Y4.433 E0.03427
G1 X-12.317 Y4.416 E0.046
G0 F7200 X-12.309 Y4.816
;TYPE:WALL-OUTER
G1 F1800 X-6.788 Y4.708 E0.13775
G1 X-4.55 Y4.708 E0.05583
G1 X-4.568 Y2.401 E0.05755
G1 X-4.553 Y0.043 E0.05882
G1 X-4.575 Y-4.669 E0.11754
G1 X-6.889 Y-4.688 E0.05772
G1 X-11.779 Y-4.792 E0.12201
G1 X-14.596 Y-4.818 E0.07027
G1 X-14.52 Y0.023 E0.12077
G1 X-14.555 Y3.057 E0.07569
G1 X-14.563 Y4.837 E0.0444
G1 X-12.309 Y4.816 E0.05623
G0 F7200 X-12.11 Y4.813
G0 X-12.314 Y4.036
;TYPE:SKIN
G1 F1800 X-13.778 Y4.049 E0.03652
G1 X-13.74 Y0.031 E0.10023
G1 X-13.8 Y-4.03 E0.10131
G1 X-11.799 Y-4.011 E0.04992
G1 X-6.905 Y-3.908 E0.12211
G1 X-5.351 Y-3.893 E0.03877
G1 X-5.332 Y-0.01 E0.09686
G1 X-5.348 Y2.394 E0.05997
G1 X-5.334 Y3.928 E0.03827
G1 X-6.784 Y3.928 E0.03617
G1 X-12.314 Y4.036 E0.13797
G0 F7200 X-12.611 Y4.319
G0 X-5.127 Y4.136
G0 X-5.061 Y3.275
G0 X-5.54 Y3.277
G1 F1800 X-5.991 Y3.729 E0.01593
G0 F7200 X-6.557 Y3.729
G1 F1800 X-5.545 Y2.717 E0.0357
G0 F7200 X-5.547 Y2.152
G1 F1800 X-7.129 Y3.735 E0.05583
G0 F7200 X-7.706 Y3.746
G1 F1800 X-5.543 Y1.583 E0.07631
G0 F7200 X-5.539 Y1.013
G1 F1800 X-8.283 Y3.758 E0.09682
G0 F7200 X-8.86 Y3.769
G1 F1800 X-5.535 Y0.444 E0.1173
G0 F7200 X-5.532 Y-.124
G1 F1800 X-9.437 Y3.78 E0.13774
G0 F7200 X-10.014 Y3.792
G1 F1800 X-5.535 Y-.687 E0.15801
G0 F7200 X-5.538 Y-1.25
G1 F1800 X-10.591 Y3.803 E0.17826
G0 F7200 X-11.168 Y3.814
G1 F1800 X-5.541 Y-1.813 E0.19851
G0 F7200 X-5.544 Y-2.376
G1 F1800 X-11.745 Y3.825 E0.21876
G0 F7200 X-12.322 Y3.837
G1 F1800 X-5.547 Y-2.939 E0.23902
G0 F7200 X-5.549 Y-3.502
G1 F1800 X-12.893 Y3.842 E0.25908
G0 F7200 X-13.463 Y3.847
G1 F1800 X-5.918 Y-3.699 E0.26619
G0 F7200 X-6.479 Y-3.704
G1 F1800 X-13.571 Y3.388 E0.25019
G0 F7200 X-13.566 Y2.818
G1 F1800 X-7.037 Y-3.711 E0.23033
G0 F7200 X-7.591 Y-3.723
G1 F1800 X-13.561 Y2.247 E0.21061
G0 F7200 X-13.555 Y1.676
G1 F1800 X-8.145 Y-3.734 E0.19085
G0 F7200 X-8.699 Y-3.746
G1 F1800 X-13.55 Y1.105 E0.17113
G0 F7200 X-13.545 Y0.534
G1 F1800 X-9.253 Y-3.758 E0.15141
G0 F7200 X-9.808 Y-3.769
G1 F1800 X-13.54 Y-0.036 E0.13167
G0 F7200 X-13.549 Y-.593
G1 F1800 X-10.361 Y-3.781 E0.11247
G0 F7200 X-10.916 Y-3.792
G1 F1800 X-13.557 Y-1.151 E0.09317
G0 F7200 X-13.565 Y-1.708
G1 F1800 X-11.469 Y-3.804 E0.07394
G0 F7200 X-12.026 Y-3.813
G1 F1800 X-13.574 Y-2.266 E0.05459
G0 F7200 X-13.581 Y-2.823
G1 F1800 X-12.587 Y-3.818 E0.03508
G0 F7200 X-13.147 Y-3.823
G1 F1800 X-13.59 Y-3.381 E0.01561
G1 F4200 E-3.5
G0 F7200 X-14.072 Y-3.375
G0 X-14.014 Y-4.24
G0 X-5.144 Y-4.102
G0 X-4.788 Y2.467
G0 X-3.703 Y2.471
G0 X3.694 Y2.456
G0 X12.443 Y4.348
;TYPE:WALL-INNER
G1 F4200 E3.5
G1 F3600 X14.168 Y4.363 E0.04303
G1 X14.144 Y2.45 E0.04772
G1 X14.104 Y0.735 E0.04279
G1 X14.096 Y-0.067 E0.02001
G1 X14.152 Y-3.345 E0.08178
G1 X14.159 Y-4.472 E0.02811
G1 X12.394 Y-4.452 E0.04403
G1 X6.055 Y-4.34 E0.15815
G1 X4.933 Y-4.334 E0.02799
G1 X4.948 Y-2.473 E0.04642
G1 X4.968 Y-1.809 E0.01657
G1 X4.981 Y-0.062 E0.04358
G1 X4.957 Y2.377 E0.06084
G1 X4.96 Y4.243 E0.04655
G1 X6.866 Y4.256 E0.04755
G1 X12.443 Y4.348 E0.13914
G0 F7200 X12.439 Y4.748
;TYPE:WALL-OUTER
G1 F1800 X14.589 Y4.766 E0.05363
G1 X14.56 Y4.194 E0.01429
G1 X14.544 Y2.441 E0.04373
G1 X14.504 Y0.731 E0.04267
G1 X14.496 Y-0.06 E0.01973
G1 X14.552 Y-3.342 E0.08188
G1 X14.562 Y-4.877 E0.03829
G1 X12.387 Y-4.852 E0.05426
G1 X6.053 Y-4.74 E0.15803
G1 X4.53 Y-4.732 E0.03799
G1 X4.548 Y-2.461 E0.05665
G1 X4.568 Y-1.806 E0.01635
G1 X4.581 Y-0.066 E0.04341
G1 X4.557 Y2.377 E0.06094
G1 X4.56 Y4.641 E0.05648
G1 X6.86 Y4.656 E0.05737
G1 X12.439 Y4.748 E0.13919
G0 F7200 X12.639 Y4.749
G0 X12.448 Y3.968
;TYPE:SKIN
G1 F1800 X6.872 Y3.876 E0.13911
G1 X5.34 Y3.861 E0.03822
G1 X5.336 Y2.385 E0.03682
G1 X5.361 Y-0.058 E0.06094
G1 X5.348 Y-1.81 E0.04371
G1 X5.328 Y-2.466 E0.01637
G1 X5.314 Y-3.953 E0.0371
G1 X12.391 Y-4.071 E0.17656
G1 X13.775 Y-4.086 E0.03453
G1 X13.772 Y-3.351 E0.01833
G1 X13.716 Y-0.066 E0.08196
G1 X13.724 Y0.735 E0.01998
G1 X13.764 Y2.449 E0.04277
G1 X13.778 Y3.978 E0.03814
G1 X12.448 Y3.968 E0.03318
G0 F7200 X13.197 Y3.774
G1 F1800 X13.572 Y3.398 E0.01325
G0 F7200 X13.567 Y2.838
G1 F1800 X12.635 Y3.77 E0.03288
G0 F7200 X12.077 Y3.763
G1 F1800 X13.559 Y2.28 E0.0523
G0 F7200 X13.547 Y1.727
G1 F1800 X11.52 Y3.753 E0.07149
G0 F7200 X10.964 Y3.744
G1 F1800 X13.534 Y1.174 E0.09066
G0 F7200 X13.523 Y0.619
G1 F1800 X10.407 Y3.735 E0.10993
G0 F7200 X9.851 Y3.726
G1 F1800 X13.517 Y0.059 E0.12935
G0 F7200 X13.523 Y-.513
G1 F1800 X9.294 Y3.717 E0.14921
G0 F7200 X8.738 Y3.707
G1 F1800 X13.533 Y-1.088 E0.16916
G0 F7200 X13.543 Y-1.664
G1 F1800 X8.181 Y3.698 E0.18916
G0 F7200 X7.625 Y3.689
G1 F1800 X13.553 Y-2.239 E0.20913
G0 F7200 X13.563 Y-2.815
G1 F1800 X7.068 Y3.68 E0.22913
G0 F7200 X6.509 Y3.673
G1 F1800 X13.572 Y-3.39 E0.24917
G0 F7200 X13.5 Y-3.883
G1 F1800 X5.949 Y3.668 E0.26638
G0 F7200 X5.54 Y3.511
G1 F1800 X12.925 Y-3.874 E0.26053
G0 F7200 X12.35 Y-3.865
G1 F1800 X5.538 Y2.947 E0.24031
G0 F7200 X5.537 Y2.383
G1 F1800 X11.775 Y-3.856 E0.22008
G0 F7200 X11.201 Y-3.847
G1 F1800 X5.542 Y1.812 E0.19964
G0 F7200 X5.548 Y1.24
G1 F1800 X10.626 Y-3.837 E0.17912
G0 F7200 X10.051 Y-3.828
G1 F1800 X5.554 Y0.668 E0.15863
G0 F7200 X5.56 Y0.097
G1 F1800 X9.476 Y-3.819 E0.13815
G0 F7200 X8.901 Y-3.81
G1 F1800 X5.559 Y-.467 E0.11792
G0 F7200 X5.554 Y-1.029
G1 F1800 X8.326 Y-3.801 E0.09779
G0 F7200 X7.751 Y-3.792
G1 F1800 X5.55 Y-1.59 E0.07766
G0 F7200 X5.538 Y-2.144
G1 F1800 X7.176 Y-3.782 E0.05778
G0 F7200 X6.602 Y-3.773
G1 F1800 X5.527 Y-2.698 E0.03792
G0 F7200 X5.521 Y-3.258
G1 F1800 X6.027 Y-3.764 E0.01785
G1 F4200 E-3.5
;MESH:NONMESH
G0 F600 X6.027 Y-3.764 Z1.1
G0 F7200 X6.025 Y-4.24
G0 X5.107 Y-4.163
G0 X4.768 Y-2.497
G0 X3.685 Y-2.463
G0 X-3.688 Y0.01
G0 X-12.362 Y4.416
;TIME_ELAPSED:118.323603
;LAYER:6
;TYPE:WALL-INNER
;MESH:pi 3mm_deformed_tet (6).stl
G1 F4200 E3.5
G1 F3600 X-6.79 Y4.312 E0.13902
G1 X-4.953 Y4.308 E0.04582
G1 X-4.968 Y2.409 E0.04737
G1 X-4.952 Y-0.011 E0.06037
G1 X-4.973 Y-4.272 E0.10629
G1 X-6.893 Y-4.288 E0.0479
G1 X-12.433 Y-4.404 E0.13823
G1 X-14.19 Y-4.415 E0.04383
G1 X-14.119 Y0.01 E0.1104
G1 X-14.159 Y3.203 E0.07966
G1 X-14.162 Y4.433 E0.03068
G1 X-12.362 Y4.416 E0.0449
G0 F7200 X-12.355 Y4.816
;TYPE:WALL-OUTER
G1 F1800 X-6.79 Y4.712 E0.13884
G1 X-4.55 Y4.708 E0.05588
G1 X-4.568 Y2.412 E0.05728
G1 X-4.552 Y-0.013 E0.06049
G1 X-4.575 Y-4.669 E0.11615
G1 X-6.885 Y-4.688 E0.05763
G1 X-12.43 Y-4.804 E0.13835
G1 X-14.596 Y-4.818 E0.05403
G1 X-14.519 Y0.016 E0.1206
G1 X-14.559 Y3.202 E0.07948
G1 X-14.563 Y4.837 E0.04079
G1 X-12.355 Y4.816 E0.05508
G0 F7200 X-12.156 Y4.813
G0 X-12.363 Y4.036
;TYPE:SKIN
G1 F1800 X-13.779 Y4.049 E0.03532
G1 X-13.736 Y0.007 E0.10083
G1 X-13.8 Y-4.03 E0.10072
G1 X-12.446 Y-4.023 E0.03378
G1 X-6.897 Y-3.908 E0.13845
G1 X-5.351 Y-3.893 E0.03857
G1 X-5.333 Y0.014 E0.09746
G1 X-5.348 Y2.406 E0.05967
G1 X-5.334 Y3.928 E0.03797
G1 X-6.789 Y3.932 E0.0363
G1 X-12.363 Y4.036 E0.13907
G0 F7200 X-12.377 Y4.317
G0 X-13.989 Y4.259
G0 X-14.059 Y3.397
G0 X-13.573 Y3.398
G1 F1800 X-13.128 Y3.842 E0.01568
G0 F7200 X-12.567 Y3.837
G1 F1800 X-13.567 Y2.838 E0.03526
G0 F7200 X-13.561 Y2.278
G1 F1800 X-12.01 Y3.829 E0.05472
G0 F7200 X-11.455 Y3.818
G1 F1800 X-13.555 Y1.719 E0.07407
G0 F7200 X-13.548 Y1.16
G1 F1800 X-10.899 Y3.808 E0.09343
G0 F7200 X-10.344 Y3.798
G1 F1800 X-13.543 Y0.6 E0.11284
G0 F7200 X-13.536 Y0.04
G1 F1800 X-9.789 Y3.787 E0.13219
G0 F7200 X-9.234 Y3.777
G1 F1800 X-13.545 Y-.534 E0.15208
G0 F7200 X-13.554 Y-1.109
G1 F1800 X-8.678 Y3.767 E0.17201
G0 F7200 X-8.123 Y3.756
G1 F1800 X-13.563 Y-1.684 E0.19191
G0 F7200 X-13.572 Y-2.258
G1 F1800 X-7.568 Y3.746 E0.21181
G0 F7200 X-7.013 Y3.735
G1 F1800 X-13.581 Y-2.833 E0.2317
G0 F7200 X-13.591 Y-3.408
G1 F1800 X-6.452 Y3.73 E0.25183
G0 F7200 X-5.887 Y3.729
G1 F1800 X-13.444 Y-3.828 E0.26659
G0 F7200 X-12.876 Y-3.825
G1 F1800 X-5.537 Y3.514 E0.2589
G0 F7200 X-5.543 Y2.942
G1 F1800 X-12.305 Y-3.82 E0.23855
G0 F7200 X-11.727 Y-3.808
G1 F1800 X-5.547 Y2.372 E0.21802
G0 F7200 X-5.544 Y1.81
G1 F1800 X-11.15 Y-3.796 E0.19777
G0 F7200 X-10.572 Y-3.784
G1 F1800 X-5.54 Y1.248 E0.17752
G0 F7200 X-5.537 Y0.686
G1 F1800 X-9.994 Y-3.772 E0.15725
G0 F7200 X-9.417 Y-3.76
G1 F1800 X-5.533 Y0.124 E0.13702
G0 F7200 X-5.535 Y-.443
G1 F1800 X-8.839 Y-3.748 E0.11658
G0 F7200 X-8.261 Y-3.736
G1 F1800 X-5.537 Y-1.011 E0.09611
G0 F7200 X-5.539 Y-1.58
G1 F1800 X-7.684 Y-3.724 E0.07565
G0 F7200 X-7.106 Y-3.712
G1 F1800 X-5.542 Y-2.148 E0.05517
G0 F7200 X-5.545 Y-2.717
G1 F1800 X-6.532 Y-3.704 E0.03482
G0 F7200 X-5.961 Y-3.698
G1 F1800 X-5.548 Y-3.285 E0.01457
G1 F4200 E-3.5
G1 F600 Z1.6
G0 F7200 X7.113 Y-4.201 Z1.6
;TYPE:FILL
G1 F600 Z1.1
G1 F4200 E3.5
G1 F3600 X13.987 Y2.673 E0.2425
G1 X14.057 Y2.743
G0 F7200 X13.846 Y2.743
G0 X13.841 Y-2.666
G0 X13.977 Y-2.664
G1 F3600 X7.208 Y4.105 E0.23879
G1 X7.138 Y4.175
G0 F7200 X7.141 Y3.966
G0 X12.488 Y4.05
G0 X12.485 Y4.348
;TYPE:WALL-INNER
G1 F3600 X14.158 Y4.362 E0.04173
G1 X14.144 Y2.446 E0.0478
G1 X14.104 Y0.884 E0.03898
G1 X14.092 Y-0.067 E0.02372
G1 X14.152 Y-3.493 E0.08548
G1 X14.159 Y-4.473 E0.02445
G1 X12.436 Y-4.456 E0.04298
G1 X5.908 Y-4.34 E0.16287
G1 X4.933 Y-4.335 E0.02432
G1 X4.948 Y-2.472 E0.04647
G1 X4.972 Y-1.665 E0.02014
G1 X4.984 Y-0.062 E0.03999
G1 X4.961 Y2.377 E0.06084
G1 X4.964 Y4.244 E0.04657
G1 X6.862 Y4.26 E0.04735
G1 X12.485 Y4.348 E0.14028
G0 F7200 X12.481 Y4.748
;TYPE:WALL-OUTER
G1 F1800 X14.593 Y4.766 E0.05269
G1 X14.556 Y4.042 E0.01808
G1 X14.544 Y2.436 E0.04006
G1 X14.504 Y0.879 E0.03885
G1 X14.492 Y-0.06 E0.02343
G1 X14.552 Y-3.49 E0.08557
G1 X14.562 Y-4.877 E0.0346
G1 X12.429 Y-4.856 E0.05321
G1 X5.906 Y-4.74 E0.16274
G1 X4.53 Y-4.733 E0.03432
G1 X4.548 Y-2.46 E0.0567
G1 X4.572 Y-1.662 E0.01992
G1 X4.584 Y-0.066 E0.03981
G1 X4.561 Y2.377 E0.06094
G1 X4.564 Y4.641 E0.05648
G1 X6.856 Y4.66 E0.05718
G1 X12.481 Y4.748 E0.14033
G0 F7200 X12.681 Y4.749
G0 X12.687 Y4.051
G0 X6.781 Y3.123
G0 X5.34 Y2.38
;TYPE:SKIN
G1 F1800 X5.365 Y-0.049 E0.06059
G1 X5.352 Y-1.67 E0.04044
G1 X5.329 Y-2.418 E0.01867
G1 X5.314 Y-3.958 E0.03842
G1 X6.252 Y-3.966 E0.0234
G1 X6.859 Y-2.64 E0.03638
G1 X7.04 Y-.586 E0.05144
G1 X7.11 Y-0.041 E0.01371
G1 X6.869 Y1.818 E0.04676
G1 X6.8 Y2.541 E0.01812
G1 X6.166 Y3.87 E0.03673
G1 X5.344 Y3.865 E0.02051
G1 X5.34 Y2.38 E0.03704
G0 F7200 X5.542 Y3.28
G1 F1800 X5.931 Y3.668 E0.01371
G0 F7200 X6.188 Y3.359
G1 F1800 X5.54 Y2.712 E0.02284
G0 F7200 X5.542 Y2.147
G1 F1800 X6.371 Y2.977 E0.02926
G0 F7200 X6.553 Y2.594
G1 F1800 X5.547 Y1.587 E0.03551
G0 F7200 X5.554 Y1.028
G1 F1800 X6.64 Y2.114 E0.03831
G0 F7200 X6.696 Y1.604
G1 F1800 X5.559 Y0.468 E0.04009
G0 F7200 X5.564 Y-0.093
G1 F1800 X6.76 Y1.103 E0.04219
G0 F7200 X6.825 Y0.602
G1 F1800 X5.559 Y-.663 E0.04464
G0 F7200 X5.555 Y-1.233
G1 F1800 X6.889 Y0.101 E0.04706
G0 F7200 X6.85 Y-.504
G1 F1800 X5.547 Y-1.807 E0.04597
G0 F7200 X5.53 Y-2.389
G1 F1800 X6.792 Y-1.127 E0.04452
G0 F7200 X6.737 Y-1.748
G1 F1800 X5.524 Y-2.961 E0.04279
G0 F7200 X5.518 Y-3.533
G1 F1800 X6.683 Y-2.368 E0.0411
G1 X6.753 Y-2.298
G0 F7200 X7.17 Y-2.334
G0 X6.789 Y-3.463
G0 X6.354 Y-3.263
G1 F1800 X5.854 Y-3.763 E0.01764
G1 F4200 E-3.5
;MESH:NONMESH
G0 F600 X5.854 Y-3.763 Z1.25
G0 F7200 X6.491 Y-4.12
G0 X5.107 Y-4.164
G0 X4.769 Y-2.495
G0 X3.686 Y-2.462
G0 X-3.728 Y-5.519
G0 X-9.695 Y-5.62
G0 X-9.767 Y-1.547
;TIME_ELAPSED:135.187596
;LAYER:7
;TYPE:FILL
;MESH:pi 3mm_deformed_tet (6).stl
G1 F4200 E3.5
G1 F3600 X-10.397 Y-.916 E0.02224
G1 X-10.467 Y-.846
G0 F7200 X-10.282 Y-.81
G0 X-9.853 Y2.485
G0 X-10.107 Y4.206
G0 X-11.746 Y4.308
G0 X-11.433 Y4.404
;TYPE:WALL-INNER
G1 F3600 X-8.622 Y4.344 E0.07014
G1 X-6.022 Y4.304 E0.06486
G1 X-4.961 Y4.307 E0.02647
G1 X-4.972 Y2.464 E0.04597
G1 X-4.956 Y-0.013 E0.06179
G1 X-4.977 Y-4.272 E0.10624
G1 X-6.89 Y-4.288 E0.04772
G1 X-9.744 Y-4.353 E0.07121
G1 X-12.474 Y-4.403 E0.06811
G1 X-14.189 Y-4.415 E0.04278
G1 X-14.119 Y0.018 E0.1106
G1 X-14.159 Y3.35 E0.08312
G1 X-14.162 Y4.433 E0.02702
G1 X-11.433 Y4.404 E0.06808
G0 F7200 X-11.425 Y4.804
;TYPE:WALL-OUTER
G1 F1800 X-8.616 Y4.744 E0.07009
G1 X-6.023 Y4.704 E0.06469
G1 X-4.555 Y4.707 E0.03662
G1 X-4.572 Y2.466 E0.0559
G1 X-4.556 Y-0.015 E0.06189
G1 X-4.579 Y-4.669 E0.1161
G1 X-6.881 Y-4.688 E0.05743
G1 X-9.736 Y-4.753 E0.07124
G1 X-12.471 Y-4.803 E0.06824
G1 X-14.596 Y-4.818 E0.05301
G1 X-14.519 Y0.019 E0.12067
G1 X-14.559 Y3.349 E0.08307
G1 X-14.563 Y4.837 E0.03712
G1 X-11.425 Y4.804 E0.07828
G0 F7200 X-11.226 Y4.8
G0 X-11.746 Y4.308
G0 X-10.107 Y4.206
G0 X-9.853 Y2.485
G0 X-10.282 Y-.81
G0 X-10.567 Y-.832
;TYPE:SKIN
G1 F1800 X-10.496 Y-0.065 E0.01921
G1 X-10.33 Y1.03 E0.02763
G1 X-10.075 Y2.484 E0.03682
G1 X-10.28 Y3.999 E0.03814
G1 X-11.434 Y4.024 E0.02879
G1 X-13.778 Y4.049 E0.05847
G1 X-13.736 Y0.066 E0.09936
G1 X-13.8 Y-4.03 E0.10219
G1 X-12.48 Y-4.019 E0.03293
G1 X-9.923 Y-3.976 E0.06379
G1 X-10.157 Y-2.337 E0.0413
G1 X-10.567 Y-.832 E0.03891
G0 F7200 X-10.282 Y-.81
G0 X-9.588 Y-2.228
G0 X-9.616 Y-4.174
G0 X-14.014 Y-4.242
G0 X-14.072 Y-3.374
G0 X-13.59 Y-3.381
G1 F1800 X-13.146 Y-3.825 E0.01566
G0 F7200 X-12.584 Y-3.82
G1 F1800 X-13.581 Y-2.824 E0.03515
G0 F7200 X-13.572 Y-2.267
G1 F1800 X-12.027 Y-3.812 E0.0545
G0 F7200 X-11.471 Y-3.803
G1 F1800 X-13.563 Y-1.71 E0.07382
G0 F7200 X-13.555 Y-1.153
G1 F1800 X-10.914 Y-3.794 E0.09317
G0 F7200 X-10.358 Y-3.784
G1 F1800 X-13.545 Y-.597 E0.11243
G0 F7200 X-13.537 Y-0.04
G1 F1800 X-10.212 Y-3.364 E0.11728
G0 F7200 X-10.306 Y-2.705
G1 F1800 X-13.54 Y0.53 E0.11411
G0 F7200 X-13.547 Y1.102
G1 F1800 X-10.46 Y-1.985 E0.1089
G1 X-10.39 Y-2.055
G0 F7200 X-10.673 Y-1.206
G1 F1800 X-13.553 Y1.674 E0.1016
G0 F7200 X-13.559 Y2.245
G1 F1800 X-10.743 Y-.571 E0.09934
G0 F7200 X-10.696 Y-0.052
G1 F1800 X-13.565 Y2.817 E0.10121
G0 F7200 X-13.572 Y3.389
G1 F1800 X-10.622 Y0.44 E0.10405
G0 F7200 X-10.548 Y0.931
G1 F1800 X-13.463 Y3.847 E0.10285
G0 F7200 X-12.891 Y3.84
G1 F1800 X-10.466 Y1.415 E0.08555
G0 F7200 X-10.382 Y1.896
G1 F1800 X-12.319 Y3.834 E0.06835
G0 F7200 X-11.747 Y3.828
G1 F1800 X-10.297 Y2.377 E0.05117
G0 F7200 X-10.346 Y2.992
G1 F1800 X-11.172 Y3.818 E0.02914
G0 F7200 X-10.595 Y3.806
G1 F1800 X-10.434 Y3.646 E0.00566
G0 F7200 X-9.962 Y3.712
G0 X-9.868 Y2.158
G0 X-9.76 Y0.106
G0 X-9.591 Y-.872
G0 X-9.314 Y-.822
G1 F1800 X-9.269 Y-2.576 E0.04377
G1 X-8.744 Y-3.805 E0.03334
G1 X-8.737 Y-3.949 E0.0036
G1 X-6.897 Y-3.908 E0.04591
G1 X-5.355 Y-3.893 E0.03847
G1 X-5.337 Y-0.001 E0.09709
G1 X-5.352 Y2.458 E0.06134
G1 X-5.345 Y3.924 E0.03657
G1 X-6.02 Y3.924 E0.01684
G1 X-9.486 Y3.98 E0.08647
G1 X-9.659 Y2.128 E0.0464
G1 X-9.529 Y-0.085 E0.0553
G1 X-9.314 Y-.822 E0.01915
G0 F7200 X-9.591 Y-.872
G0 X-9.488 Y-2.623
G0 X-8.959 Y-3.888
G0 X-8.143 Y-3.736
G1 F1800 X-8.868 Y-3.012 E0.02556
G1 X-8.938 Y-2.942
G0 F7200 X-9.078 Y-2.236
G1 F1800 X-7.589 Y-3.724 E0.05251
G0 F7200 X-7.036 Y-3.712
G1 F1800 X-9.093 Y-1.655 E0.07257
G0 F7200 X-9.109 Y-1.073
G1 F1800 X-6.478 Y-3.705 E0.09283
G0 F7200 X-5.918 Y-3.699
G1 F1800 X-9.235 Y-.382 E0.11702
G0 F7200 X-9.351 Y0.301
G1 F1800 X-5.554 Y-3.497 E0.13397
G0 F7200 X-5.551 Y-2.934
G1 F1800 X-9.387 Y0.902 E0.13533
G0 F7200 X-9.422 Y1.503
G1 F1800 X-5.549 Y-2.371 E0.13665
G0 F7200 X-5.546 Y-1.808
G1 F1800 X-9.458 Y2.104 E0.13801
G0 F7200 X-9.412 Y2.623
G1 F1800 X-5.543 Y-1.245 E0.13647
G0 F7200 X-5.54 Y-.682
G1 F1800 X-9.364 Y3.141 E0.13488
G0 F7200 X-9.315 Y3.658
G1 F1800 X-5.537 Y-.12 E0.13328
G0 F7200 X-5.54 Y0.449
G1 F1800 X-8.861 Y3.77 E0.11716
G0 F7200 X-8.287 Y3.761
G1 F1800 X-5.544 Y1.018 E0.09677
G0 F7200 X-5.547 Y1.587
G1 F1800 X-7.712 Y3.752 E0.07638
G0 F7200 X-7.136 Y3.742
G1 F1800 X-5.551 Y2.157 E0.05592
G0 F7200 X-5.551 Y2.722
G1 F1800 X-6.561 Y3.733 E0.03565
G0 F7200 X-5.986 Y3.724
G1 F1800 X-5.548 Y3.285 E0.01547
G1 F4200 E-3.5
G0 F7200 X-5.068 Y3.284
G0 X-3.702 Y4.019
G0 X3.7 Y4.013
G0 X4.765 Y4.011
G0 X7.21 Y3.968
G0 X7.208 Y4.105
;TYPE:FILL
G1 F4200 E3.5
G1 F3600 X13.972 Y-2.658 E0.2386
G1 X14.042 Y-2.728
G0 F7200 X13.841 Y-2.731
G0 X13.841 Y2.667
G0 X13.981 Y2.667
G1 F3600 X7.111 Y-4.202 E0.24234
G1 X7.041 Y-4.272
G0 F7200 X7.043 Y-4.063
G0 X12.531 Y4.051
G0 X12.529 Y4.348
;TYPE:WALL-INNER
G1 F3600 X14.151 Y4.362 E0.04046
G1 X14.14 Y2.444 E0.04785
G1 X14.104 Y1.035 E0.03516
G1 X14.092 Y-0.067 E0.02749
G1 X14.152 Y-3.636 E0.08904
G1 X14.158 Y-4.473 E0.02088
G1 X12.48 Y-4.455 E0.04186
G1 X5.76 Y-4.34 E0.16766
G1 X4.934 Y-4.335 E0.02061
G1 X4.948 Y-2.471 E0.0465
G1 X4.98 Y-1.516 E0.02384
G1 X4.989 Y-0.061 E0.0363
G1 X4.961 Y2.375 E0.06077
G1 X4.964 Y4.244 E0.04662
G1 X6.854 Y4.26 E0.04715
G1 X12.529 Y4.348 E0.14158
G0 F7200 X12.525 Y4.748
;TYPE:WALL-OUTER
G1 F1800 X14.596 Y4.766 E0.05166
G1 X14.548 Y3.886 E0.02198
G1 X14.54 Y2.434 E0.03622
G1 X14.504 Y1.031 E0.03501
G1 X14.492 Y-0.06 E0.02722
G1 X14.552 Y-3.632 E0.08912
G1 X14.562 Y-4.877 E0.03106
G1 X12.474 Y-4.855 E0.05209
G1 X5.758 Y-4.74 E0.16756
G1 X4.53 Y-4.733 E0.03063
G1 X4.548 Y-2.458 E0.05675
G1 X4.58 Y-1.514 E0.02356
G1 X4.589 Y-0.065 E0.03615
G1 X4.561 Y2.375 E0.06087
G1 X4.564 Y4.641 E0.05653
G1 X6.848 Y4.66 E0.05698
G1 X12.525 Y4.748 E0.14163
G0 F7200 X12.725 Y4.749
G0 X12.733 Y3.752
G1 F4200 E-3.5
;MESH:NONMESH
G0 F600 X12.733 Y3.752 Z1.4
G0 F7200 X4.765 Y4.205
G0 X3.7 Y4.207
G0 X-3.698 Y4.348
G0 X-7.155 Y4.158
;TIME_ELAPSED:150.834354
;LAYER:8
;TYPE:FILL
;MESH:pi 3mm_deformed_tet (6).stl
G1 F4200 E3.5
G1 F3600 X-14.001 Y-2.687 E0.24149
G1 X-14.071 Y-2.757
G0 F7200 X-13.864 Y-2.759
G0 X-13.855 Y2.676
G0 X-13.987 Y2.674
G1 F3600 X-7.179 Y-4.135 E0.24019
G1 X-7.109 Y-4.205
G0 F7200 X-7.114 Y-3.997
G0 X-11.333 Y4.104
G0 X-11.312 Y4.4
;TYPE:WALL-INNER
G1 F3600 X-6.794 Y4.312 E0.11272
G1 X-4.958 Y4.308 E0.0458
G1 X-4.976 Y2.426 E0.04695
G1 X-4.956 Y-0.014 E0.06087
G1 X-4.977 Y-4.272 E0.10622
G1 X-6.883 Y-4.288 E0.04755
G1 X-9.744 Y-4.356 E0.07139
G1 X-12.512 Y-4.403 E0.06906
G1 X-14.186 Y-4.415 E0.04176
G1 X-14.119 Y0.018 E0.11059
G1 X-14.163 Y3.498 E0.08682
G1 X-14.166 Y4.432 E0.0233
G1 X-11.312 Y4.4 E0.0712
G0 F7200 X-11.304 Y4.8
;TYPE:WALL-OUTER
G1 F1800 X-6.794 Y4.712 E0.11252
G1 X-4.554 Y4.708 E0.05588
G1 X-4.576 Y2.43 E0.05683
G1 X-4.556 Y-0.016 E0.06102
G1 X-4.579 Y-4.669 E0.11607
G1 X-6.873 Y-4.688 E0.05723
G1 X-9.737 Y-4.756 E0.07146
G1 X-12.509 Y-4.803 E0.06916
G1 X-14.592 Y-4.818 E0.05196
G1 X-14.519 Y0.019 E0.12067
G1 X-14.563 Y3.497 E0.08677
G1 X-14.567 Y4.837 E0.03343
G1 X-11.304 Y4.8 E0.0814
G0 F7200 X-11.105 Y4.797
G0 X-11.123 Y3.799
G1 F4200 E-3.5
G0 F7200 X-4.788 Y4.01
G0 X-3.705 Y3.996
G0 X3.703 Y3.999
G0 X4.768 Y3.997
G0 X7.21 Y3.969
G0 X7.208 Y4.105
;TYPE:FILL
G1 F4200 E3.5
G1 F3600 X13.972 Y-2.659 E0.23862
G1 X14.042 Y-2.729
G0 F7200 X13.84 Y-2.732
G0 X13.838 Y2.664
G0 X13.977 Y2.664
G1 F3600 X7.109 Y-4.205 E0.2423
G1 X7.039 Y-4.275
G0 F7200 X7.041 Y-4.064
G0 X12.573 Y4.052
G0 X12.568 Y4.348
;TYPE:WALL-INNER
G1 F3600 X14.178 Y4.363 E0.04016
G1 X14.144 Y3.736 E0.01566
G1 X14.136 Y2.441 E0.0323
G1 X14.104 Y1.182 E0.03142
G1 X14.092 Y-0.067 E0.03116
G1 X14.156 Y-3.783 E0.09271
G1 X14.16 Y-4.473 E0.01721
G1 X12.525 Y-4.455 E0.04079
G1 X5.614 Y-4.336 E0.17242
G1 X4.935 Y-4.333 E0.01694
G1 X4.952 Y-2.471 E0.04645
G1 X4.984 Y-1.372 E0.02743
G1 X4.992 Y-0.061 E0.0327
G1 X4.965 Y2.375 E0.06077
G1 X4.968 Y4.244 E0.04662
G1 X6.85 Y4.26 E0.04695
G1 X12.568 Y4.348 E0.14265
G0 F7200 X12.564 Y4.748
;TYPE:WALL-OUTER
G1 F1800 X14.6 Y4.766 E0.05079
G1 X14.544 Y3.734 E0.02578
G1 X14.536 Y2.431 E0.0325
G1 X14.504 Y1.178 E0.03127
G1 X14.492 Y-0.06 E0.03088
G1 X14.556 Y-3.781 E0.09283
G1 X14.562 Y-4.877 E0.02734
G1 X12.518 Y-4.855 E0.05099
G1 X5.613 Y-4.736 E0.17227
G1 X4.531 Y-4.732 E0.02699
G1 X4.552 Y-2.459 E0.0567
G1 X4.584 Y-1.37 E0.02718
G1 X4.592 Y-0.065 E0.03255
G1 X4.565 Y2.375 E0.06087
G1 X4.568 Y4.641 E0.05653
G1 X6.844 Y4.66 E0.05678
G1 X12.564 Y4.748 E0.1427
G0 F7200 X12.764 Y4.749
G0 X12.773 Y3.753
G1 F4200 E-3.5
;MESH:NONMESH
G0 F600 X12.773 Y3.753 Z1.55
G0 F7200 X4.768 Y4.003
G0 X3.703 Y4.005
G0 X-3.702 Y4.138
G0 X-4.767 Y4.155
G0 X-7.157 Y4.02
G0 X-7.155 Y4.158
;TIME_ELAPSED:158.040968
;LAYER:9
;TYPE:FILL
;MESH:pi 3mm_deformed_tet (6).stl
G1 F4200 E3.5
G1 F3600 X-13.997 Y-2.683 E0.24135
G1 X-14.067 Y-2.753
G0 F7200 X-13.863 Y-2.755
G0 X-13.855 Y2.682
G0 X-13.994 Y2.68
G1 F3600 X-7.179 Y-4.135 E0.24042
G1 X-7.109 Y-4.205
G0 F7200 X-7.114 Y-3.997
G0 X-12.508 Y4.123
G0 X-12.49 Y4.42
;TYPE:WALL-INNER
G1 F3600 X-6.798 Y4.312 E0.14201
G1 X-4.962 Y4.308 E0.0458
G1 X-4.98 Y2.44 E0.0466
G1 X-4.96 Y-0.01 E0.06112
G1 X-4.978 Y-4.273 E0.10634
G1 X-6.879 Y-4.288 E0.04742
G1 X-9.744 Y-4.356 E0.07149
G1 X-12.551 Y-4.403 E0.07003
G1 X-14.185 Y-4.415 E0.04076
G1 X-14.115 Y0.011 E0.11042
G1 X-14.168 Y3.642 E0.09059
G1 X-14.168 Y4.434 E0.01976
G1 X-12.49 Y4.42 E0.04186
G0 F7200 X-12.482 Y4.82
;TYPE:WALL-OUTER
G1 F1800 X-6.798 Y4.712 E0.14181
G1 X-4.558 Y4.708 E0.05588
G1 X-4.58 Y2.444 E0.05648
G1 X-4.56 Y-0.012 E0.06127
G1 X-4.58 Y-4.669 E0.11617
G1 X-6.869 Y-4.688 E0.0571
G1 X-9.737 Y-4.756 E0.07156
G1 X-12.548 Y-4.803 E0.07013
G1 X-14.592 Y-4.818 E0.05099
G1 X-14.515 Y0.017 E0.12062
G1 X-14.568 Y3.642 E0.09044
G1 X-14.568 Y4.838 E0.02983
G1 X-12.482 Y4.82 E0.05204
G0 F7200 X-12.283 Y4.817
G0 X-12.3 Y3.818
G1 F4200 E-3.5
G0 F7200 X-4.769 Y4.156
G0 X-3.704 Y4.139
G0 X3.706 Y4.14
G0 X4.771 Y4.138
G0 X7.209 Y3.97
G0 X7.207 Y4.107
;TYPE:FILL
G1 F4200 E3.5
G1 F3600 X13.971 Y-2.657 E0.23862
G1 X14.041 Y-2.727
G0 F7200 X13.839 Y-2.73
G0 X13.834 Y2.66
G0 X13.974 Y2.66
G1 F3600 X7.107 Y-4.207 E0.24225
G1 X7.037 Y-4.277
G0 F7200 X7.039 Y-4.066
G0 X12.615 Y4.053
G0 X12.612 Y4.352
;TYPE:WALL-INNER
G1 F3600 X14.18 Y4.366 E0.03912
G1 X14.14 Y3.585 E0.01951
G1 X14.132 Y2.441 E0.02854
G1 X14.104 Y1.331 E0.0277
G1 X14.088 Y-0.067 E0.03488
G1 X14.159 Y-4.474 E0.10995
G1 X12.567 Y-4.46 E0.03971
G1 X5.467 Y-4.336 E0.17714
G1 X4.934 Y-4.334 E0.0133
G1 X4.952 Y-2.472 E0.04645
G1 X4.988 Y-1.229 E0.03102
G1 X4.996 Y-0.06 E0.02916
G1 X4.964 Y2.382 E0.06092
G1 X4.971 Y4.247 E0.04652
G1 X6.842 Y4.26 E0.04667
G1 X12.612 Y4.352 E0.14395
G0 F7200 X12.608 Y4.752
;TYPE:WALL-OUTER
G1 F1800 X14.601 Y4.77 E0.04972
G1 X14.54 Y3.582 E0.02967
G1 X14.532 Y2.431 E0.02871
G1 X14.504 Y1.327 E0.02755
G1 X14.488 Y-0.06 E0.0346
G1 X14.556 Y-3.928 E0.0965
G1 X14.562 Y-4.878 E0.0237
G1 X12.56 Y-4.86 E0.04994
G1 X5.465 Y-4.736 E0.17701
G1 X4.53 Y-4.732 E0.02332
G1 X4.552 Y-2.461 E0.05665
G1 X4.588 Y-1.226 E0.03082
G1 X4.596 Y-0.065 E0.02896
G1 X4.564 Y2.383 E0.06107
G1 X4.572 Y4.645 E0.05643
G1 X6.836 Y4.66 E0.05648
G1 X12.608 Y4.752 E0.144
G0 F7200 X12.808 Y4.753
G0 X12.817 Y3.754
G1 F4200 E-3.5
;MESH:NONMESH
G0 F600 X12.817 Y3.754 Z1.7
G0 F7200 X4.771 Y3.999
G0 X3.706 Y4.001
G0 X-3.704 Y4.13
G0 X-4.769 Y4.147
G0 X-7.156 Y4.021
G0 X-7.155 Y4.159
;TIME_ELAPSED:165.265957
;LAYER:10
;TYPE:FILL
;MESH:pi 3mm_deformed_tet (6).stl
G1 F4200 E3.5
G1 F3600 X-13.998 Y-2.684 E0.24141
G1 X-14.068 Y-2.754
G0 F7200 X-13.863 Y-2.756
G0 X-13.855 Y2.677
G0 X-13.989 Y2.675
G1 F3600 X-7.178 Y-4.136 E0.24028
G1 X-7.108 Y-4.206
G0 F7200 X-7.113 Y-3.997
G0 X-11.073 Y4.1
G0 X-11.069 Y4.4
;TYPE:WALL-INNER
G1 F3600 X-6.795 Y4.312 E0.10664
G1 X-4.962 Y4.305 E0.04572
G1 X-4.98 Y2.44 E0.04652
G1 X-4.96 Y-0.012 E0.06117
G1 X-4.981 Y-4.273 E0.10629
G1 X-6.871 Y-4.288 E0.04715
G1 X-9.755 Y-4.356 E0.07196
G1 X-12.592 Y-4.403 E0.07078
G1 X-14.186 Y-4.412 E0.03976
G1 X-14.115 Y0.018 E0.11052
G1 X-14.169 Y4.433 E0.11014
G1 X-11.069 Y4.4 E0.07733
G0 F7200 X-11.061 Y4.8
;TYPE:WALL-OUTER
G1 F1800 X-6.794 Y4.712 E0.10646
G1 X-4.558 Y4.704 E0.05578
G1 X-4.58 Y2.444 E0.05638
G1 X-4.56 Y-0.014 E0.06132
G1 X-4.583 Y-4.669 E0.11612
G1 X-6.861 Y-4.688 E0.05683
G1 X-9.748 Y-4.756 E0.07204
G1 X-12.59 Y-4.803 E0.0709
G1 X-14.592 Y-4.814 E0.04994
G1 X-14.515 Y0.019 E0.12057
G1 X-14.567 Y3.788 E0.09403
G1 X-14.571 Y4.837 E0.02617
G1 X-11.061 Y4.8 E0.08756
G0 F7200 X-10.862 Y4.796
G0 X-10.879 Y3.796
G1 F4200 E-3.5
G0 F7200 X-4.769 Y4.169
G0 X-3.704 Y4.152
G0 X3.708 Y4.153
G0 X4.773 Y4.151
G0 X7.206 Y3.971
G0 X7.204 Y4.11
;TYPE:FILL
G1 F4200 E3.5
G1 F3600 X13.973 Y-2.659 E0.23879
G1 X14.043 Y-2.729
G0 F7200 X13.839 Y-2.732
G0 X13.831 Y2.657
G0 X13.97 Y2.657
G1 F3600 X7.108 Y-4.206 E0.24209
G1 X7.038 Y-4.276
G0 F7200 X7.04 Y-4.065
G0 X12.658 Y4.054
G0 X12.656 Y4.352
;TYPE:WALL-INNER
G1 F3600 X14.183 Y4.366 E0.03809
G1 X14.136 Y3.459 E0.02266
G1 X14.128 Y2.443 E0.02535
G1 X14.104 Y1.483 E0.02395
G1 X14.088 Y-0.067 E0.03867
G1 X14.162 Y-4.481 E0.11012
G1 X4.937 Y-4.334 E0.23015
G1 X4.952 Y-2.465 E0.04662
G1 X4.992 Y-1.085 E0.03444
G1 X5 Y-0.06 E0.02557
G1 X4.968 Y2.386 E0.06102
G1 X4.972 Y4.248 E0.04645
G1 X6.838 Y4.264 E0.04655
G1 X12.656 Y4.352 E0.14515
G0 F7200 X12.652 Y4.752
;TYPE:WALL-OUTER
G1 F1800 X14.605 Y4.77 E0.04872
G1 X14.536 Y3.43 E0.03347
G1 X14.528 Y2.433 E0.02487
G1 X14.504 Y1.479 E0.02381
G1 X14.488 Y-0.06 E0.03839
G1 X14.56 Y-4.075 E0.10017
G1 X14.566 Y-4.875 E0.01996
G1 X13.755 Y-4.875 E0.02023
G1 X5.321 Y-4.736 E0.21042
G1 X4.534 Y-4.732 E0.01963
G1 X4.552 Y-2.454 E0.05683
G1 X4.592 Y-1.082 E0.03424
G1 X4.6 Y-0.065 E0.02537
G1 X4.568 Y2.386 E0.06115
G1 X4.572 Y4.645 E0.05635
G1 X6.832 Y4.664 E0.05638
G1 X12.652 Y4.752 E0.1452
G0 F7200 X12.852 Y4.753
G0 X12.86 Y3.755
G1 F4200 E-3.5
G1 F600 Z2.2
;MESH:NONMESH
G0 F7200 X12.86 Y3.755 Z2.2
G0 X-7.152 Y4.162
;TIME_ELAPSED:172.485140
;LAYER:11
;MESH:pi 3mm_deformed_tet (6).stl
G0 X-7.152 Y4.162 Z2.35
;TYPE:FILL
G1 F600 Z1.85
G1 F4200 E3.5
G1 F3600 X-13.999 Y-2.686 E0.24156
G1 X-14.069 Y-2.756
G0 F7200 X-13.862 Y-2.758
G0 X-13.854 Y2.68
G0 X-13.992 Y2.678
G1 F3600 X-7.178 Y-4.136 E0.24038
G1 X-7.108 Y-4.206
G0 F7200 X-7.113 Y-3.997
G0 X-12.594 Y4.126
G0 X-12.576 Y4.424
;TYPE:WALL-INNER
G1 F3600 X-6.8 Y4.316 E0.14411
G1 X-4.966 Y4.306 E0.04575
G1 X-4.984 Y2.457 E0.04613
G1 X-4.964 Y-0.01 E0.06154
G1 X-4.982 Y-4.273 E0.10634
G1 X-6.867 Y-4.288 E0.04702
G1 X-9.774 Y-4.36 E0.07254
G1 X-12.633 Y-4.407 E0.07133
G1 X-14.186 Y-4.413 E0.03874
G1 X-14.116 Y0.029 E0.11082
G1 X-14.179 Y4.435 E0.10992
G1 X-12.576 Y4.424 E0.03999
G0 F7200 X-12.569 Y4.824
;TYPE:WALL-OUTER
G1 F1800 X-6.798 Y4.716 E0.14398
G1 X-4.562 Y4.704 E0.05578
G1 X-4.584 Y2.461 E0.05595
G1 X-4.564 Y-0.012 E0.06169
G1 X-4.584 Y-4.669 E0.11617
G1 X-6.857 Y-4.688 E0.0567
G1 X-9.767 Y-4.76 E0.07261
G1 X-12.631 Y-4.807 E0.07145
G1 X-14.592 Y-4.815 E0.04892
G1 X-14.516 Y0.023 E0.1207
G1 X-14.572 Y3.936 E0.09762
G1 X-14.572 Y4.838 E0.0225
G1 X-12.569 Y4.824 E0.04997
G0 F7200 X-12.37 Y4.821
G0 X-12.387 Y3.821
G1 F4200 E-3.5
G1 F600 Z2.35
G0 F7200 X-12.385 Y3.821 Z2.35
G0 X7.204 Y4.11
;TYPE:FILL
G1 F600 Z1.85
G1 F4200 E3.5
G1 F3600 X13.972 Y-2.658 E0.23876
G1 X14.042 Y-2.728
G0 F7200 X13.837 Y-2.731
G0 X13.827 Y2.652
G0 X13.966 Y2.652
G1 F3600 X7.106 Y-4.207 E0.24199
G1 X7.036 Y-4.277
G0 F7200 X7.038 Y-4.068
G0 X12.7 Y4.055
G0 X12.696 Y4.352
;TYPE:WALL-INNER
G1 F3600 X14.187 Y4.365 E0.03719
G1 X14.132 Y3.308 E0.0264
G1 X14.124 Y2.446 E0.0215
G1 X14.104 Y1.63 E0.02036
G1 X14.088 Y-0.067 E0.04233
G1 X14.162 Y-4.474 E0.10995
G1 X12.652 Y-4.459 E0.03767
G1 X4.938 Y-4.334 E0.19245
G1 X4.952 Y-2.464 E0.04665
G1 X5 Y-.939 E0.03806
G1 X5.004 Y-0.06 E0.02193
G1 X4.972 Y2.398 E0.06132
G1 X4.976 Y4.248 E0.04615
G1 X6.837 Y4.264 E0.04642
G1 X12.696 Y4.352 E0.14617
G0 F7200 X12.692 Y4.752
;TYPE:WALL-OUTER
G1 F1800 X14.609 Y4.769 E0.04782
G1 X14.532 Y3.278 E0.03724
G1 X14.524 Y2.436 E0.021
G1 X14.504 Y1.626 E0.02021
G1 X14.488 Y-0.06 E0.04206
G1 X14.566 Y-4.878 E0.1202
G1 X12.646 Y-4.859 E0.0479
G1 X5.173 Y-4.736 E0.18644
G1 X4.534 Y-4.732 E0.01594
G1 X4.552 Y-2.452 E0.05688
G1 X4.6 Y-.937 E0.03781
G1 X4.604 Y-0.065 E0.02175
G1 X4.572 Y2.398 E0.06144
G1 X4.576 Y4.645 E0.05605
G1 X6.831 Y4.664 E0.05625
G1 X12.692 Y4.752 E0.14622
G0 F7200 X12.892 Y4.753
G0 X12.901 Y3.756
G1 F4200 E-3.5
;MESH:NONMESH
G0 F600 X12.901 Y3.756 Z2
G0 F7200 X4.776 Y4.001
G0 X3.711 Y4.003
G0 X-3.706 Y4.138
G0 X-4.771 Y4.155
G0 X-7.152 Y4.023
G0 X-7.151 Y4.163
;TIME_ELAPSED:179.704760
;LAYER:12
;TYPE:FILL
;MESH:pi 3mm_deformed_tet (6).stl
G1 F4200 E3.5
G1 F3600 X-13.997 Y-2.683 E0.24151
G1 X-14.067 Y-2.753
G0 F7200 X-13.861 Y-2.755
G0 X-13.854 Y2.678
G0 X-13.989 Y2.676
G1 F3600 X-7.178 Y-4.136 E0.24029
G1 X-7.108 Y-4.206
G0 F7200 X-7.113 Y-3.998
G0 X-10.851 Y4.099
G0 X-10.833 Y4.396
;TYPE:WALL-INNER
G1 F3600 X-6.807 Y4.316 E0.10045
G1 X-4.97 Y4.306 E0.04582
G1 X-4.988 Y2.462 E0.046
G1 X-4.964 Y-0.012 E0.06172
G1 X-4.985 Y-4.273 E0.10629
G1 X-6.863 Y-4.288 E0.04685
G1 X-9.794 Y-4.36 E0.07314
G1 X-12.676 Y-4.407 E0.0719
G1 X-14.185 Y-4.413 E0.03764
G1 X-14.112 Y0.029 E0.11082
G1 X-14.172 Y4.436 E0.10994
G1 X-10.833 Y4.396 E0.0833
G0 F7200 X-10.825 Y4.796
;TYPE:WALL-OUTER
G1 F1800 X-6.805 Y4.716 E0.1003
G1 X-4.564 Y4.704 E0.0559
G1 X-4.584 Y3.433 E0.03171
G1 X-4.588 Y2.466 E0.02412
G1 X-4.564 Y-0.014 E0.06187
G1 X-4.587 Y-4.669 E0.11612
G1 X-6.853 Y-4.688 E0.05653
G1 X-9.787 Y-4.76 E0.07321
G1 X-12.674 Y-4.807 E0.07203
G1 X-14.592 Y-4.815 E0.04785
G1 X-14.512 Y0.023 E0.1207
G1 X-14.571 Y4.082 E0.10126
G1 X-14.574 Y4.838 E0.01886
G1 X-13.783 Y4.836 E0.01973
G1 X-10.825 Y4.796 E0.07379
G0 F7200 X-10.626 Y4.793
G0 X-10.645 Y3.794
G1 F4200 E-3.5
G1 F600 Z2.5
G0 F7200 X-10.643 Y3.794 Z2.5
G0 X7.205 Y4.109
;TYPE:FILL
G1 F600 Z2
G1 F4200 E3.5
G1 F3600 X13.972 Y-2.658 E0.23872
G1 X14.042 Y-2.728
G0 F7200 X13.836 Y-2.731
G0 X13.821 Y2.648
G0 X13.961 Y2.647
G1 F3600 X7.108 Y-4.206 E0.24176
G1 X7.038 Y-4.276
G0 F7200 X7.04 Y-4.07
G0 X12.743 Y4.056
G0 X12.739 Y4.352
;TYPE:WALL-INNER
G1 F3600 X14.191 Y4.365 E0.03622
G1 X14.128 Y3.151 E0.03032
G1 X14.084 Y-0.068 E0.08031
G1 X14.164 Y-4.475 E0.10995
G1 X12.694 Y-4.463 E0.03667
G1 X4.939 Y-4.332 E0.19348
G1 X4.956 Y-2.464 E0.0466
G1 X5.004 Y-.792 E0.04173
G1 X5.009 Y-0.066 E0.01811
G1 X4.972 Y2.402 E0.06157
G1 X4.976 Y4.248 E0.04605
G1 X6.835 Y4.264 E0.04637
G1 X12.739 Y4.352 E0.14729
G0 F7200 X12.735 Y4.752
;TYPE:WALL-OUTER
G1 F1800 X14.613 Y4.769 E0.04685
G1 X14.528 Y3.123 E0.04111
G1 X14.484 Y-0.06 E0.07941
G1 X14.564 Y-4.367 E0.10746
G1 X14.566 Y-4.878 E0.01275
G1 X12.688 Y-4.863 E0.04685
G1 X4.535 Y-4.724 E0.20341
G1 X4.556 Y-2.453 E0.05665
G1 X4.604 Y-.79 E0.0415
G1 X4.609 Y-0.067 E0.01804
G1 X4.572 Y2.402 E0.0616
G1 X4.576 Y4.645 E0.05595
G1 X6.829 Y4.664 E0.0562
G1 X12.735 Y4.752 E0.14734
G0 F7200 X12.935 Y4.753
G0 X12.944 Y3.757
G1 F4200 E-3.5
;MESH:NONMESH
G0 F600 X12.944 Y3.757 Z2.15
G0 F7200 X4.778 Y4.002
G0 X3.713 Y4.004
G0 X-3.708 Y4.136
G0 X-4.773 Y4.153
G0 X-7.152 Y4.024
G0 X-7.15 Y4.163
;TIME_ELAPSED:186.911052
;LAYER:13
;TYPE:FILL
;MESH:pi 3mm_deformed_tet (6).stl
G1 F4200 E3.5
G1 F3600 X-13.996 Y-2.683 E0.24151
G1 X-14.066 Y-2.753
G0 F7200 X-13.86 Y-2.755
G0 X-13.854 Y2.681
G0 X-13.993 Y2.679
G1 F3600 X-7.179 Y-4.135 E0.24038
G1 X-7.109 Y-4.205
G0 F7200 X-7.114 Y-3.997
G0 X-10.714 Y4.097
G0 X-10.708 Y4.396
;TYPE:WALL-INNER
G1 F3600 X-6.8 Y4.316 E0.09751
G1 X-4.967 Y4.306 E0.04573
G1 X-4.988 Y2.463 E0.04598
G1 X-4.968 Y-0.006 E0.06159
G1 X-4.986 Y-4.27 E0.10637
G1 X-6.859 Y-4.288 E0.04672
G1 X-10.797 Y-4.38 E0.09826
G1 X-14.184 Y-4.415 E0.08449
G1 X-14.112 Y0.03 E0.1109
G1 X-14.176 Y4.438 E0.10997
G1 X-10.708 Y4.396 E0.08652
G0 F7200 X-10.7 Y4.796
;TYPE:WALL-OUTER
G1 F1800 X-6.798 Y4.716 E0.09736
G1 X-4.563 Y4.704 E0.05575
G1 X-4.588 Y2.466 E0.05583
G1 X-4.568 Y-0.008 E0.06172
G1 X-4.588 Y-4.666 E0.1162
G1 X-6.849 Y-4.688 E0.0564
G1 X-10.792 Y-4.78 E0.09839
G1 X-13.746 Y-4.815 E0.07369
G1 X-14.592 Y-4.815 E0.0211
G1 X-14.512 Y0.024 E0.12073
G1 X-14.576 Y4.23 E0.10493
G1 X-14.576 Y4.839 E0.01519
G1 X-13.686 Y4.836 E0.0222
G1 X-10.7 Y4.796 E0.07449
G0 F7200 X-10.501 Y4.792
G0 X-10.52 Y3.793
G1 F4200 E-3.5
G0 F7200 X-4.773 Y4.171
G0 X-3.709 Y4.154
G0 X3.716 Y4.152
G0 X4.781 Y4.149
G0 X7.206 Y3.974
G0 X7.204 Y4.11
;TYPE:FILL
G1 F4200 E3.5
G1 F3600 X13.967 Y-2.653 E0.23858
G1 X14.037 Y-2.723
G0 F7200 X13.836 Y-2.726
G0 X13.818 Y2.644
G0 X13.957 Y2.643
G1 F3600 X7.105 Y-4.209 E0.24172
G1 X7.035 Y-4.279
G0 F7200 X7.037 Y-4.07
G0 X12.828 Y4.057
G0 X12.826 Y4.356
;TYPE:WALL-INNER
G1 F3600 X14.194 Y4.367 E0.03413
G1 X14.12 Y2.976 E0.03475
G1 X14.084 Y-0.067 E0.07591
G1 X14.157 Y-4.475 E0.10997
G1 X12.738 Y-4.464 E0.0354
G1 X4.938 Y-4.332 E0.1946
G1 X4.956 Y-2.464 E0.0466
G1 X5.008 Y-.649 E0.04529
G1 X5.012 Y-0.059 E0.01472
G1 X4.976 Y2.418 E0.0618
G1 X4.98 Y4.251 E0.04572
G1 X6.838 Y4.264 E0.04635
G1 X12.826 Y4.356 E0.14939
G0 F7200 X12.823 Y4.756
;TYPE:WALL-OUTER
G1 F1800 X14.616 Y4.77 E0.04473
G1 X14.52 Y2.971 E0.04494
G1 X14.484 Y-0.06 E0.07561
G1 X14.564 Y-4.878 E0.1202
G1 X12.732 Y-4.864 E0.0457
G1 X4.534 Y-4.732 E0.20453
G1 X4.556 Y-2.453 E0.05685
G1 X4.608 Y-.646 E0.04509
G1 X4.612 Y-0.065 E0.01449
G1 X4.576 Y2.418 E0.06195
G1 X4.58 Y4.649 E0.05565
G1 X6.832 Y4.664 E0.05618
G1 X12.823 Y4.756 E0.14946
G0 F7200 X13.023 Y4.757
G0 X13.031 Y3.759
G1 F4200 E-3.5
G1 F600 Z2.65
;MESH:NONMESH
G0 F7200 X13.031 Y3.759 Z2.65
G0 X-7.15 Y4.163
;TIME_ELAPSED:194.125861
;LAYER:14
;MESH:pi 3mm_deformed_tet (6).stl
G0 X-7.15 Y4.163 Z2.8
;TYPE:FILL
G1 F600 Z2.3
G1 F4200 E3.5
G1 F3600 X-13.997 Y-2.683 E0.24153
G1 X-14.067 Y-2.753
G0 F7200 X-13.859 Y-2.755
G0 X-13.853 Y2.679
G0 X-13.991 Y2.677
G1 F3600 X-7.178 Y-4.136 E0.24035
G1 X-7.108 Y-4.206
G0 F7200 X-7.113 Y-3.998
G0 X-10.593 Y4.096
G0 X-10.587 Y4.396
;TYPE:WALL-INNER
G1 F3600 X-6.799 Y4.316 E0.09451
G1 X-4.971 Y4.307 E0.0456
G1 X-4.992 Y2.463 E0.046
G1 X-4.972 Y-0.005 E0.06157
G1 X-4.986 Y-4.27 E0.10639
G1 X-6.852 Y-4.288 E0.04655
G1 X-9.835 Y-4.364 E0.07444
G1 X-12.754 Y-4.407 E0.07282
G1 X-14.185 Y-4.413 E0.0357
G1 X-14.112 Y0.029 E0.11082
G1 X-14.176 Y4.438 E0.10999
G1 X-10.587 Y4.396 E0.08953
G0 F7200 X-10.593 Y4.096
G0 X-13.61 Y4.139
G0 X-13.594 Y4.836
;TYPE:WALL-OUTER
G1 F1800 X-10.579 Y4.796 E0.07522
G1 X-6.797 Y4.716 E0.09436
G1 X-4.567 Y4.705 E0.05563
G1 X-4.592 Y2.466 E0.05586
G1 X-4.572 Y-0.006 E0.06167
G1 X-4.588 Y-4.666 E0.11624
G1 X-6.842 Y-4.688 E0.05623
G1 X-9.829 Y-4.764 E0.07454
G1 X-12.752 Y-4.807 E0.07292
G1 X-14.592 Y-4.815 E0.0459
G1 X-14.512 Y0.023 E0.1207
G1 X-14.583 Y4.839 E0.12015
G1 X-13.594 Y4.836 E0.02467
G0 F7200 X-13.394 Y4.834
G0 X-13.407 Y3.835
G1 F4200 E-3.5
G0 F7200 X-4.773 Y4.126
G0 X-3.709 Y4.112
G0 X3.718 Y4.107
G0 X4.784 Y4.104
G0 X7.206 Y3.974
G0 X7.204 Y4.11
;TYPE:FILL
G1 F4200 E3.5
G1 F3600 X13.966 Y-2.652 E0.23855
G1 X14.036 Y-2.722
G0 F7200 X13.831 Y-2.725
G0 X13.816 Y2.641
G0 X13.953 Y2.64
G1 F3600 X7.099 Y-4.214 E0.24179
G1 X7.029 Y-4.284
G0 F7200 X7.031 Y-4.073
G0 X12.828 Y4.059
G0 X12.824 Y4.356
;TYPE:WALL-INNER
G1 F3600 X14.195 Y4.366 E0.0342
G1 X14.116 Y2.847 E0.03794
G1 X14.084 Y-0.067 E0.07269
G1 X14.157 Y-4.475 E0.10997
G1 X12.785 Y-4.467 E0.03423
G1 X4.941 Y-4.341 E0.19569
G1 X4.956 Y-2.457 E0.047
G1 X5.02 Y-.27 E0.05458
G1 X4.976 Y2.429 E0.06734
G1 X4.983 Y4.251 E0.04545
G1 X6.838 Y4.264 E0.04627
G1 X12.824 Y4.356 E0.14934
G0 F7200 X12.82 Y4.756
;TYPE:WALL-OUTER
G1 F1800 X14.617 Y4.77 E0.04483
G1 X14.516 Y2.819 E0.04873
G1 X14.484 Y-0.06 E0.07182
G1 X14.564 Y-4.878 E0.1202
G1 X12.779 Y-4.867 E0.04453
G1 X4.538 Y-4.735 E0.2056
G1 X4.556 Y-2.445 E0.05713
G1 X4.62 Y-.276 E0.05413
G1 X4.576 Y2.43 E0.06751
G1 X4.584 Y4.649 E0.05535
G1 X6.832 Y4.664 E0.05608
G1 X12.82 Y4.756 E0.14939
G0 F7200 X13.02 Y4.757
G0 X13.028 Y3.76
G1 F4200 E-3.5
;MESH:NONMESH
G0 F600 X13.028 Y3.76 Z2.45
G0 F7200 X4.783 Y3.998
G0 X3.718 Y4.001
G0 X-3.709 Y4.105
G0 X-4.773 Y4.119
G0 X-7.153 Y4.026
G0 X-7.151 Y4.163
;TIME_ELAPSED:201.466660
;LAYER:15
;TYPE:FILL
;MESH:pi 3mm_deformed_tet (6).stl
G1 F4200 E3.5
G1 F3600 X-13.995 Y-2.681 E0.24144
G1 X-14.065 Y-2.751
G0 F7200 X-13.858 Y-2.753
G0 X-13.853 Y2.679
G0 X-13.991 Y2.677
G1 F3600 X-7.177 Y-4.137 E0.24038
G1 X-7.107 Y-4.207
G0 F7200 X-7.112 Y-3.998
G0 X-10.49 Y4.096
G0 X-10.469 Y4.392
;TYPE:WALL-INNER
G1 F3600 X-6.791 Y4.316 E0.09177
G1 X-4.972 Y4.307 E0.04538
G1 X-4.996 Y2.462 E0.04603
G1 X-4.972 Y-0.008 E0.06162
G1 X-4.99 Y-4.269 E0.10629
G1 X-6.848 Y-4.288 E0.04635
G1 X-9.855 Y-4.364 E0.07503
G1 X-12.793 Y-4.407 E0.0733
G1 X-14.184 Y-4.413 E0.0347
G1 X-14.108 Y0.03 E0.11085
G1 X-14.179 Y4.438 E0.10997
G1 X-13.506 Y4.436 E0.01679
G1 X-10.469 Y4.392 E0.07577
G0 F7200 X-10.49 Y4.096
G0 X-13.516 Y4.139
G0 X-13.5 Y4.836
;TYPE:WALL-OUTER
G1 F1800 X-10.461 Y4.792 E0.07582
G1 X-6.789 Y4.716 E0.09162
G1 X-4.567 Y4.705 E0.05543
G1 X-4.596 Y2.466 E0.05586
G1 X-4.572 Y-0.01 E0.06177
G1 X-4.592 Y-4.665 E0.11612
G1 X-6.838 Y-4.688 E0.05603
G1 X-9.849 Y-4.764 E0.07513
G1 X-12.791 Y-4.807 E0.0734
G1 X-14.592 Y-4.815 E0.04493
G1 X-14.508 Y0.024 E0.12073
G1 X-14.58 Y4.839 E0.12012
G1 X-13.5 Y4.836 E0.02694
G0 F7200 X-13.3 Y4.834
G0 X-13.313 Y3.835
G1 F4200 E-3.5
G0 F7200 X-4.775 Y4.139
G0 X-3.71 Y4.125
G0 X3.72 Y4.12
G0 X4.786 Y4.117
G0 X7.202 Y3.975
G0 X7.2 Y4.113
;TYPE:FILL
G1 F4200 E3.5
G1 F3600 X13.964 Y-2.65 E0.2386
G1 X14.034 Y-2.72
G0 F7200 X13.831 Y-2.723
G0 X13.813 Y2.639
G0 X13.952 Y2.638
G1 F3600 X7.101 Y-4.212 E0.24167
G1 X7.031 Y-4.282
G0 F7200 X7.033 Y-4.075
G0 X6.85 Y3.97
G0 X6.846 Y4.268
;TYPE:WALL-INNER
G1 F3600 X14.199 Y4.369 E0.18344
G1 X14.112 Y2.672 E0.04239
G1 X14.08 Y-0.067 E0.06833
G1 X14.157 Y-4.473 E0.10992
G1 X13.35 Y-4.471 E0.02013
G1 X4.941 Y-4.341 E0.20979
G1 X4.956 Y-2.459 E0.04695
G1 X5.02 Y-0.058 E0.05991
G1 X4.98 Y2.434 E0.06217
G1 X4.984 Y4.252 E0.04535
G1 X6.846 Y4.268 E0.04645
G0 F7200 X6.85 Y3.97
G0 X12.871 Y4.06
G0 X12.863 Y4.756
;TYPE:WALL-OUTER
G1 F1800 X14.621 Y4.773 E0.04386
G1 X14.512 Y2.667 E0.0526
G1 X14.48 Y-0.06 E0.06803
G1 X14.564 Y-4.875 E0.12013
G1 X13.344 Y-4.871 E0.03043
G1 X4.538 Y-4.735 E0.21969
G1 X4.556 Y-2.449 E0.05703
G1 X4.62 Y-0.064 E0.05952
G1 X4.58 Y2.434 E0.06232
G1 X4.584 Y4.649 E0.05525
G1 X6.84 Y4.668 E0.05628
G1 X12.863 Y4.756 E0.15026
G0 F7200 X13.063 Y4.757
G0 X13.071 Y3.761
G1 F4200 E-3.5
;MESH:NONMESH
G0 F600 X13.071 Y3.761 Z2.6
G0 F7200 X4.785 Y3.999
G0 X3.72 Y4.002
G0 X-3.71 Y4.116
G0 X-4.775 Y4.13
G0 X-7.149 Y4.027
G0 X-7.147 Y4.167
;TIME_ELAPSED:208.970259
;LAYER:16
;TYPE:FILL
;MESH:pi 3mm_deformed_tet (6).stl
G1 F4200 E3.5
G1 F3600 X-13.995 Y-2.681 E0.24158
G1 X-14.065 Y-2.751
G0 F7200 X-13.858 Y-2.753
G0 X-13.848 Y2.674
G0 X-13.986 Y2.672
G1 F3600 X-7.177 Y-4.137 E0.24021
G1 X-7.107 Y-4.207
G0 F7200 X-7.112 Y-3.998
G0 X-10.37 Y4.095
G0 X-10.349 Y4.392
;TYPE:WALL-INNER
G1 F3600 X-6.788 Y4.32 E0.08885
G1 X-4.973 Y4.308 E0.04528
G1 X-5 Y2.462 E0.04605
G1 X-4.976 Y-0.004 E0.06152
G1 X-4.991 Y-4.269 E0.10639
G1 X-6.844 Y-4.288 E0.04623
G1 X-9.873 Y-4.364 E0.07558
G1 X-12.833 Y-4.407 E0.07385
G1 X-14.185 Y-4.413 E0.03373
G1 X-14.108 Y0.029 E0.11082
G1 X-14.171 Y4.438 E0.10999
G1 X-13.41 Y4.436 E0.01898
G1 X-10.349 Y4.392 E0.07636
G0 F7200 X-10.37 Y4.095
G0 X-13.423 Y4.139
G0 X-13.404 Y4.836
;TYPE:WALL-OUTER
G1 F1800 X-10.341 Y4.792 E0.07641
G1 X-6.786 Y4.72 E0.0887
G1 X-4.567 Y4.705 E0.05535
G1 X-4.6 Y2.466 E0.05586
G1 X-4.576 Y-0.005 E0.06164
G1 X-4.592 Y-4.665 E0.11624
G1 X-6.834 Y-4.688 E0.05593
G1 X-9.867 Y-4.764 E0.07568
G1 X-12.831 Y-4.807 E0.07395
G1 X-14.592 Y-4.815 E0.04393
G1 X-14.508 Y0.023 E0.1207
G1 X-14.577 Y4.839 E0.12015
G1 X-13.404 Y4.836 E0.02926
G0 F7200 X-13.204 Y4.834
G0 X-13.217 Y3.834
G1 F4200 E-3.5
G0 F7200 X-4.777 Y4.146
G0 X-3.712 Y4.131
G0 X3.724 Y4.122
G0 X4.789 Y4.119
G0 X7.202 Y3.976
G0 X7.2 Y4.113
;TYPE:FILL
G1 F4200 E3.5
G1 F3600 X13.965 Y-2.651 E0.23864
G1 X14.035 Y-2.721
G0 F7200 X13.831 Y-2.724
G0 X13.815 Y2.647
G0 X13.954 Y2.64
G1 F3600 X7.099 Y-4.214 E0.24181
G1 X7.029 Y-4.284
G0 F7200 X7.031 Y-4.075
G0 X12.911 Y4.061
G0 X12.907 Y4.36
;TYPE:WALL-INNER
G1 F3600 X14.203 Y4.37 E0.03233
G1 X14.108 Y2.544 E0.04561
G1 X14.08 Y-0.067 E0.06514
G1 X14.156 Y-4.473 E0.10992
G1 X13.257 Y-4.471 E0.02243
G1 X4.942 Y-4.341 E0.20744
G1 X4.96 Y-2.457 E0.047
G1 X5.025 Y-0.066 E0.05967
G1 X4.98 Y2.445 E0.06265
G1 X4.987 Y4.252 E0.04508
G1 X6.849 Y4.268 E0.04645
G1 X12.907 Y4.36 E0.15113
G0 F7200 X12.903 Y4.76
;TYPE:WALL-OUTER
G1 F1800 X14.625 Y4.774 E0.04296
G1 X14.508 Y2.515 E0.05643
G1 X14.48 Y-0.06 E0.06424
G1 X14.564 Y-4.875 E0.12013
G1 X13.251 Y-4.871 E0.03275
G1 X4.538 Y-4.735 E0.21737
G1 X4.56 Y-2.447 E0.05708
G1 X4.625 Y-0.067 E0.05939
G1 X4.58 Y2.446 E0.0627
G1 X4.588 Y4.649 E0.05495
G1 X6.843 Y4.668 E0.05625
G1 X12.903 Y4.76 E0.15118
G0 F7200 X13.103 Y4.761
G0 X13.11 Y3.762
G1 F4200 E-3.5
;MESH:NONMESH
G0 F600 X13.11 Y3.762 Z2.75
G0 F7200 X4.788 Y3.994
G0 X3.723 Y3.997
G0 X-3.712 Y4.115
G0 X-4.777 Y4.13
G0 X-7.148 Y4.028
G0 X-7.146 Y4.168
;TIME_ELAPSED:216.323995
;LAYER:17
;TYPE:FILL
;MESH:pi 3mm_deformed_tet (6).stl
G1 F4200 E3.5
G1 F3600 X-13.993 Y-2.679 E0.24155
G1 X-14.063 Y-2.749
G0 F7200 X-13.857 Y-2.751
G0 X-13.849 Y2.673
G0 X-13.985 Y2.671
G1 F3600 X-7.176 Y-4.137 E0.24019
G1 X-7.106 Y-4.207
G0 F7200 X-7.111 Y-3.998
G0 X-10.248 Y4.093
G0 X-10.227 Y4.392
;TYPE:WALL-INNER
G1 F3600 X-6.785 Y4.32 E0.08588
G1 X-4.976 Y4.308 E0.04513
G1 X-5 Y2.462 E0.04605
G1 X-4.976 Y-0.007 E0.06159
G1 X-4.994 Y-4.269 E0.10632
G1 X-6.836 Y-4.288 E0.04595
G1 X-9.896 Y-4.368 E0.07636
G1 X-12.878 Y-4.411 E0.07439
G1 X-14.181 Y-4.414 E0.0325
G1 X-14.108 Y0.029 E0.11085
G1 X-14.171 Y4.438 E0.10999
G1 X-13.317 Y4.436 E0.0213
G1 X-10.227 Y4.392 E0.07709
G0 F7200 X-10.248 Y4.093
G0 X-13.33 Y4.139
G0 X-13.311 Y4.836
;TYPE:WALL-OUTER
G1 F1800 X-10.219 Y4.792 E0.07714
G1 X-6.782 Y4.72 E0.08576
G1 X-4.571 Y4.705 E0.05515
G1 X-4.6 Y2.466 E0.05586
G1 X-4.576 Y-0.009 E0.06174
G1 X-4.596 Y-4.665 E0.11615
G1 X-6.826 Y-4.688 E0.05563
G1 X-9.89 Y-4.768 E0.07646
G1 X-12.877 Y-4.811 E0.07452
G1 X-14.588 Y-4.815 E0.04268
G1 X-14.508 Y0.023 E0.1207
G1 X-14.577 Y4.839 E0.12015
G1 X-13.311 Y4.836 E0.03158
G0 F7200 X-13.111 Y4.834
G0 X-13.124 Y3.834
G1 F4200 E-3.5
G0 F7200 X-4.779 Y4.152
G0 X-3.714 Y4.136
G0 X3.724 Y4.133
G0 X4.79 Y4.13
G0 X7.197 Y3.976
G0 X7.195 Y4.119
;TYPE:FILL
G1 F4200 E3.5
G1 F3600 X13.972 Y-2.659 E0.23909
G1 X14.042 Y-2.729
G0 F7200 X13.836 Y-2.732
G0 X13.821 Y2.651
G0 X13.958 Y2.645
G1 F3600 X7.102 Y-4.212 E0.24188
G1 X7.032 Y-4.282
G0 F7200 X7.034 Y-4.075
G0 X12.958 Y4.062
G0 X12.954 Y4.36
;TYPE:WALL-INNER
G1 F3600 X14.207 Y4.37 E0.03126
G1 X14.108 Y2.472 E0.04741
G1 X14.08 Y-0.069 E0.06339
G1 X14.132 Y-2.636 E0.06405
G1 X14.158 Y-4.474 E0.04585
G1 X13.161 Y-4.471 E0.02487
G1 X4.942 Y-4.337 E0.20505
G1 X4.96 Y-2.456 E0.04692
G1 X5.028 Y-0.057 E0.05987
G1 X4.985 Y2.376 E0.0607
G1 X4.988 Y4.254 E0.04685
G1 X9.871 Y4.308 E0.12181
G1 X12.954 Y4.36 E0.07692
G0 F7200 X12.95 Y4.76
;TYPE:WALL-OUTER
G1 F1800 X14.629 Y4.774 E0.04188
G1 X14.508 Y2.443 E0.05823
G1 X14.48 Y-0.061 E0.06247
G1 X14.532 Y-2.63 E0.0641
G1 X14.564 Y-4.875 E0.05601
G1 X13.155 Y-4.871 E0.03515
G1 X4.538 Y-4.731 E0.21498
G1 X4.56 Y-2.445 E0.05703
G1 X4.628 Y-0.064 E0.05942
G1 X4.585 Y2.376 E0.06088
G1 X4.588 Y4.65 E0.05673
G1 X9.864 Y4.708 E0.13162
G1 X12.95 Y4.76 E0.07699
G0 F7200 X13.15 Y4.761
G0 X13.158 Y3.763
G1 F4200 E-3.5
;MESH:NONMESH
G0 F600 X13.158 Y3.763 Z2.9
G0 F7200 X4.789 Y4.001
G0 X3.724 Y4.004
G0 X-3.714 Y4.125
G0 X-4.779 Y4.141
G0 X-7.149 Y4.029
G0 X-7.147 Y4.167
;TIME_ELAPSED:223.676754
;LAYER:18
;TYPE:FILL
;MESH:pi 3mm_deformed_tet (6).stl
G1 F4200 E3.5
G1 F3600 X-13.991 Y-2.677 E0.24144
G1 X-14.061 Y-2.747
G0 F7200 X-13.856 Y-2.749
G0 X-13.85 Y2.674
G0 X-13.986 Y2.672
G1 F3600 X-7.177 Y-4.137 E0.24021
G1 X-7.107 Y-4.207
G0 F7200 X-7.112 Y-3.999
G0 X-9.652 Y4.082
G0 X-9.646 Y4.378
;TYPE:WALL-INNER
G1 F3600 X-6.781 Y4.32 E0.07148
G1 X-4.977 Y4.308 E0.045
G1 X-5.004 Y2.462 E0.04605
G1 X-4.98 Y-.135 E0.06479
G1 X-4.996 Y-4.269 E0.10312
G1 X-6.864 Y-4.288 E0.0466
G1 X-9.912 Y-4.368 E0.07606
G1 X-12.917 Y-4.411 E0.07497
G1 X-14.18 Y-4.414 E0.03151
G1 X-14.103 Y-0.023 E0.10955
G1 X-14.174 Y4.438 E0.11129
G1 X-13.221 Y4.436 E0.02377
G1 X-9.646 Y4.378 E0.08919
G0 F7200 X-9.652 Y4.082
G0 X-13.236 Y4.139
G0 X-13.215 Y4.836
;TYPE:WALL-OUTER
G1 F1800 X-9.638 Y4.778 E0.08924
G1 X-6.778 Y4.72 E0.07136
G1 X-4.571 Y4.705 E0.05506
G1 X-4.604 Y2.466 E0.05586
G1 X-4.58 Y-.137 E0.06493
G1 X-4.596 Y-4.665 E0.11295
G1 X-6.854 Y-4.688 E0.05633
G1 X-9.906 Y-4.768 E0.07616
G1 X-12.916 Y-4.811 E0.07509
G1 X-14.588 Y-4.815 E0.04171
G1 X-14.503 Y-0.026 E0.11948
G1 X-14.58 Y4.839 E0.12137
G1 X-13.215 Y4.836 E0.03405
G0 F7200 X-13.015 Y4.833
G0 X-13.03 Y3.834
G1 F4200 E-3.5
G0 F7200 X-4.78 Y4.168
G0 X-3.715 Y4.151
G0 X3.724 Y4.152
G0 X4.789 Y4.15
G0 X7.198 Y3.98
G0 X7.196 Y4.118
;TYPE:FILL
G1 F4200 E3.5
G1 F3600 X13.969 Y-2.655 E0.23894
G1 X14.039 Y-2.725
G0 F7200 X13.834 Y-2.728
G0 X13.824 Y2.655
G0 X13.962 Y2.648
G1 F3600 X7.104 Y-4.209 E0.24192
G1 X7.034 Y-4.279
G0 F7200 X7.036 Y-4.073
G0 X13.001 Y4.063
G0 X12.996 Y4.36
;TYPE:WALL-INNER
G1 F3600 X14.211 Y4.37 E0.03031
G1 X14.112 Y2.472 E0.04741
G1 X14.08 Y-0.068 E0.06337
G1 X14.164 Y-4.476 E0.10998
G1 X13.069 Y-4.471 E0.02732
G1 X4.938 Y-4.334 E0.20286
G1 X4.956 Y-2.597 E0.04333
G1 X5.032 Y-0.056 E0.06341
G1 X4.985 Y2.378 E0.06073
G1 X4.988 Y4.254 E0.0468
G1 X9.891 Y4.308 E0.12231
G1 X12.996 Y4.36 E0.07747
G0 F7200 X12.992 Y4.76
;TYPE:WALL-OUTER
G1 F1800 X14.633 Y4.774 E0.04094
G1 X14.512 Y2.443 E0.05823
G1 X14.48 Y-0.06 E0.06244
G1 X14.572 Y-4.878 E0.12021
G1 X13.063 Y-4.871 E0.03764
G1 X4.534 Y-4.727 E0.21279
G1 X4.556 Y-2.585 E0.05344
G1 X4.632 Y-0.064 E0.06292
G1 X4.585 Y2.378 E0.06093
G1 X4.588 Y4.65 E0.05668
G1 X9.884 Y4.708 E0.13212
G1 X12.992 Y4.76 E0.07754
G0 F7200 X13.192 Y4.761
G0 X13.2 Y3.764
G1 F4200 E-3.5
;MESH:NONMESH
G0 F600 X13.2 Y3.764 Z3.05
G0 F7200 X4.789 Y4.008
G0 X3.724 Y4.01
G0 X-3.715 Y4.141
G0 X-4.78 Y4.158
G0 X-7.149 Y4.03
G0 X-7.147 Y4.167
;TIME_ELAPSED:231.034312
;LAYER:19
;TYPE:FILL
;MESH:pi 3mm_deformed_tet (6).stl
G1 F4200 E3.5
G1 F3600 X-13.993 Y-2.679 E0.24151
G1 X-14.063 Y-2.749
G0 F7200 X-13.857 Y-2.751
G0 X-13.852 Y2.676
G0 X-13.988 Y2.674
G1 F3600 X-7.176 Y-4.137 E0.24029
G1 X-7.106 Y-4.207
G0 F7200 X-7.111 Y-3.999
G0 X-13.143 Y4.139
G0 X-13.127 Y4.436
;TYPE:WALL-INNER
G1 F3600 X-9.989 Y4.388 E0.07829
G1 X-6.938 Y4.323 E0.07612
G1 X-4.977 Y4.305 E0.04892
G1 X-5.004 Y2.462 E0.04598
G1 X-4.98 Y-0.017 E0.06184
G1 X-4.996 Y-2.445 E0.06057
G1 X-4.993 Y-4.266 E0.04543
G1 X-6.872 Y-4.289 E0.04688
G1 X-9.931 Y-4.368 E0.07633
G1 X-12.957 Y-4.411 E0.07549
G1 X-14.184 Y-4.414 E0.03061
G1 X-14.104 Y0.031 E0.1109
G1 X-14.177 Y4.438 E0.10995
G1 X-13.127 Y4.436 E0.02619
G0 F7200 X-13.121 Y4.836
;TYPE:WALL-OUTER
G1 F1800 X-9.981 Y4.788 E0.07834
G1 X-6.934 Y4.723 E0.07603
G1 X-4.571 Y4.701 E0.05895
G1 X-4.604 Y2.466 E0.05576
G1 X-4.58 Y-0.019 E0.06199
G1 X-4.596 Y-2.445 E0.06052
G1 X-4.593 Y-4.662 E0.0553
G1 X-6.862 Y-4.689 E0.0566
G1 X-9.925 Y-4.768 E0.07643
G1 X-12.956 Y-4.811 E0.07562
G1 X-14.592 Y-4.815 E0.04081
G1 X-14.504 Y0.024 E0.12073
G1 X-14.584 Y4.839 E0.12013
G1 X-13.121 Y4.836 E0.03649
G0 F7200 X-12.921 Y4.833
G0 X-12.936 Y3.834
G1 F4200 E-3.5
G0 F7200 X-4.78 Y4.165
G0 X-3.715 Y4.148
G0 X3.723 Y4.154
G0 X4.788 Y4.152
G0 X7.2 Y3.977
G0 X7.198 Y4.115
;TYPE:FILL
G1 F4200 E3.5
G1 F3600 X13.976 Y-2.662 E0.23909
G1 X14.046 Y-2.732
G0 F7200 X13.84 Y-2.735
G0 X13.828 Y2.66
G0 X13.967 Y2.653
G1 F3600 X7.106 Y-4.208 E0.24204
G1 X7.036 Y-4.278
G0 F7200 X7.038 Y-4.071
G0 X13.034 Y4.063
G0 X13.029 Y4.36
;TYPE:WALL-INNER
G1 F3600 X14.218 Y4.37 E0.02966
G1 X14.116 Y2.447 E0.04804
G1 X14.092 Y0.324 E0.05296
G1 X14.096 Y-.451 E0.01933
G1 X14.168 Y-4.476 E0.10042
G1 X13.017 Y-4.471 E0.02871
G1 X4.935 Y-4.33 E0.20164
G1 X4.953 Y-2.741 E0.03964
G1 X4.976 Y-2.188 E0.01381
G1 X5.032 Y-0.043 E0.05353
G1 X5.02 Y0.238 E0.00702
G1 X4.985 Y2.374 E0.05329
G1 X4.988 Y4.25 E0.0468
G1 X10.019 Y4.308 E0.12551
G1 X13.029 Y4.36 E0.0751
G0 F7200 X13.025 Y4.76
;TYPE:WALL-OUTER
G1 F1800 X14.64 Y4.774 E0.04029
G1 X14.516 Y2.443 E0.05823
G1 X14.492 Y0.326 E0.05281
G1 X14.496 Y-.444 E0.01921
G1 X14.576 Y-4.878 E0.11062
G1 X13.011 Y-4.871 E0.03904
G1 X4.531 Y-4.723 E0.21157
G1 X4.553 Y-2.725 E0.04984
G1 X4.576 Y-2.178 E0.01366
G1 X4.632 Y-0.059 E0.05288
G1 X4.62 Y0.226 E0.00712
G1 X4.585 Y2.374 E0.05359
G1 X4.588 Y4.646 E0.05668
G1 X10.012 Y4.708 E0.13531
G1 X13.025 Y4.76 E0.07517
G0 F7200 X13.225 Y4.761
G0 X13.234 Y3.764
G1 F4200 E-3.5
;MESH:NONMESH
G0 F600 X13.234 Y3.764 Z3.2
G0 F7200 X4.788 Y4.013
G0 X3.723 Y4.015
G0 X-3.715 Y4.146
G0 X-4.78 Y4.163
G0 X-7.145 Y4.03
G0 X-7.143 Y4.171
;TIME_ELAPSED:238.269432
;LAYER:20
;TYPE:FILL
;MESH:pi 3mm_deformed_tet (6).stl
G1 F4200 E3.5
G1 F3600 X-13.998 Y-2.684 E0.24183
G1 X-14.068 Y-2.754
G0 F7200 X-13.859 Y-2.756
G0 X-13.856 Y2.681
G0 X-13.992 Y2.679
G1 F3600 X-7.176 Y-4.137 E0.24045
G1 X-7.106 Y-4.207
G0 F7200 X-7.111 Y-3.999
G0 X-12.98 Y4.139
G0 X-12.965 Y4.436
;TYPE:WALL-INNER
G1 F3600 X-9.647 Y4.383 E0.08278
G1 X-6.8 Y4.324 E0.07103
G1 X-4.974 Y4.302 E0.04555
G1 X-5.004 Y2.462 E0.04591
G1 X-4.98 Y-0.016 E0.06182
G1 X-4.996 Y-2.423 E0.06004
G1 X-4.992 Y-4.267 E0.046
G1 X-6.873 Y-4.289 E0.04692
G1 X-9.947 Y-4.368 E0.07671
G1 X-12.997 Y-4.411 E0.07609
G1 X-14.188 Y-4.414 E0.02971
G1 X-14.108 Y0.035 E0.111
G1 X-14.182 Y4.441 E0.10992
G1 X-12.965 Y4.436 E0.03036
G0 F7200 X-12.959 Y4.836
;TYPE:WALL-OUTER
G1 F1800 X-9.639 Y4.783 E0.08283
G1 X-6.796 Y4.724 E0.07093
G1 X-4.568 Y4.698 E0.05558
G1 X-4.604 Y2.466 E0.05568
G1 X-4.58 Y-0.018 E0.06197
G1 X-4.596 Y-2.415 E0.05979
G1 X-4.592 Y-4.662 E0.05605
G1 X-6.863 Y-4.689 E0.05665
G1 X-9.941 Y-4.768 E0.07681
G1 X-12.996 Y-4.811 E0.07621
G1 X-14.596 Y-4.815 E0.03991
G1 X-14.508 Y0.023 E0.1207
G1 X-14.588 Y4.843 E0.12025
G1 X-12.959 Y4.836 E0.04064
G0 F7200 X-12.759 Y4.833
G0 X-12.774 Y3.834
G1 F4200 E-3.5
G0 F7200 X-4.779 Y4.169
G0 X-3.714 Y4.152
G0 X3.722 Y4.158
G0 X4.787 Y4.156
G0 X7.203 Y3.975
G0 X7.201 Y4.113
;TYPE:FILL
G1 F4200 E3.5
G1 F3600 X13.981 Y-2.667 E0.23918
G1 X14.051 Y-2.737
G0 F7200 X13.843 Y-2.74
G0 X13.832 Y2.664
G0 X13.971 Y2.657
G1 F3600 X7.11 Y-4.204 E0.24204
G1 X7.04 Y-4.274
G0 F7200 X7.042 Y-4.065
G0 X9.917 Y4.013
G0 X9.912 Y4.312
;TYPE:WALL-INNER
G1 F3600 X14.219 Y4.372 E0.10745
G1 X14.12 Y2.476 E0.04736
G1 X14.099 Y0.452 E0.05049
G1 X14.084 Y-0.075 E0.01315
G1 X14.104 Y-.605 E0.01323
G1 X14.172 Y-4.478 E0.09663
G1 X12.998 Y-4.476 E0.02929
G1 X9.881 Y-4.42 E0.07777
G1 X9.546 Y-4.404 E0.00837
G1 X4.931 Y-4.329 E0.11514
G1 X4.949 Y-2.889 E0.03592
G1 X4.984 Y-2.044 E0.0211
G1 X5.036 Y-0.04 E0.05001
G1 X5.016 Y0.379 E0.01046
G1 X4.985 Y2.373 E0.04975
G1 X4.988 Y4.249 E0.0468
G1 X9.594 Y4.296 E0.1149
G1 X9.912 Y4.312 E0.00794
G0 F7200 X9.899 Y4.712
;TYPE:WALL-OUTER
G1 F1800 X14.641 Y4.777 E0.1183
G1 X14.52 Y2.447 E0.0582
G1 X14.499 Y0.44 E0.05007
G1 X14.484 Y-0.06 E0.01248
G1 X14.504 Y-.594 E0.01333
G1 X14.58 Y-4.879 E0.10691
G1 X12.991 Y-4.876 E0.03964
G1 X9.867 Y-4.82 E0.07794
G1 X9.54 Y-4.804 E0.00817
G1 X4.527 Y-4.723 E0.12507
G1 X4.549 Y-2.873 E0.04615
G1 X4.584 Y-2.034 E0.02095
G1 X4.636 Y-0.058 E0.04931
G1 X4.616 Y0.367 E0.01061
G1 X4.585 Y2.373 E0.05005
G1 X4.588 Y4.645 E0.05668
G1 X9.574 Y4.696 E0.12438
G1 X9.899 Y4.712 E0.00812
G0 F7200 X10.099 Y4.714
G0 X10.115 Y3.716
G1 F4200 E-3.5
;MESH:NONMESH
G0 F600 X10.115 Y3.716 Z3.35
G0 F7200 X4.787 Y4.015
G0 X3.722 Y4.017
G0 X-3.714 Y4.153
G0 X-4.779 Y4.17
G0 X-7.149 Y4.032
G0 X-7.147 Y4.166
;TIME_ELAPSED:245.461483
;LAYER:21
;TYPE:FILL
;MESH:pi 3mm_deformed_tet (6).stl
G1 F4200 E3.5
G1 F3600 X-13.999 Y-2.685 E0.24171
G1 X-14.069 Y-2.755
G0 F7200 X-13.863 Y-2.757
G0 X-13.861 Y2.687
G0 X-13.999 Y2.685
G1 F3600 X-7.18 Y-4.134 E0.24056
G1 X-7.11 Y-4.204
G0 F7200 X-7.116 Y-3.997
G0 X-13.06 Y4.139
G0 X-13.045 Y4.436
;TYPE:WALL-INNER
G1 F3600 X-10.062 Y4.392 E0.07442
G1 X-6.643 Y4.316 E0.08531
G1 X-4.971 Y4.298 E0.04171
G1 X-5.004 Y2.462 E0.04581
G1 X-4.98 Y-0.025 E0.06204
G1 X-5 Y-2.401 E0.05927
G1 X-4.988 Y-2.761 E0.00899
G1 X-4.988 Y-4.259 E0.03737
G1 X-6.872 Y-4.285 E0.047
G1 X-9.963 Y-4.372 E0.07714
G1 X-12.96 Y-4.411 E0.07477
G1 X-14.189 Y-4.414 E0.03066
G1 X-14.155 Y-2.504 E0.04765
G1 X-14.139 Y-2.137 E0.00916
G1 X-14.107 Y0.015 E0.05369
G1 X-14.124 Y0.437 E0.01054
G1 X-14.186 Y4.441 E0.09989
G1 X-13.045 Y4.436 E0.02846
G0 F7200 X-13.039 Y4.836
;TYPE:WALL-OUTER
G1 F1800 X-10.053 Y4.792 E0.07449
G1 X-6.639 Y4.716 E0.08518
G1 X-4.564 Y4.694 E0.05176
G1 X-4.604 Y2.466 E0.05559
G1 X-4.58 Y-0.028 E0.06222
G1 X-4.6 Y-2.387 E0.05885
G1 X-4.588 Y-2.728 E0.00851
G1 X-4.588 Y-4.654 E0.04804
G1 X-6.86 Y-4.685 E0.05668
G1 X-9.957 Y-4.772 E0.07729
G1 X-12.959 Y-4.811 E0.07489
G1 X-14.596 Y-4.815 E0.04084
G1 X-14.555 Y-2.487 E0.05808
G1 X-14.539 Y-2.131 E0.00889
G1 X-14.507 Y0.015 E0.05354
G1 X-14.524 Y0.426 E0.01026
G1 X-14.592 Y4.843 E0.1102
G1 X-13.039 Y4.836 E0.03874
G0 F7200 X-12.839 Y4.834
G0 X-12.854 Y3.834
G1 F4200 E-3.5
G0 F7200 X-4.776 Y4.185
G0 X-3.711 Y4.166
G0 X3.722 Y4.174
G0 X4.787 Y4.172
G0 X7.206 Y3.973
G0 X7.205 Y4.109
;TYPE:FILL
G1 F4200 E3.5
G1 F3600 X13.981 Y-2.667 E0.23904
G1 X14.051 Y-2.737
G0 F7200 X13.847 Y-2.74
G0 X13.835 Y2.669
G0 X13.975 Y2.662
G1 F3600 X7.112 Y-4.202 E0.24213
G1 X7.042 Y-4.272
G0 F7200 X7.044 Y-4.062
G0 X9.918 Y4.014
G0 X9.913 Y4.312
;TYPE:WALL-INNER
G1 F3600 X13.303 Y4.368 E0.08458
G1 X14.226 Y4.375 E0.02302
G1 X14.124 Y2.451 E0.04806
G1 X14.103 Y0.603 E0.0461
G1 X14.084 Y-0.074 E0.01689
G1 X14.108 Y-.752 E0.01692
G1 X14.173 Y-4.478 E0.09296
G1 X13.006 Y-4.476 E0.02911
G1 X9.886 Y-4.42 E0.07784
G1 X9.376 Y-4.4 E0.01273
G1 X4.929 Y-4.326 E0.11095
G1 X4.941 Y-3.036 E0.03218
G1 X4.988 Y-1.902 E0.02831
G1 X5.04 Y-0.042 E0.04642
G1 X5.016 Y0.522 E0.01408
G1 X4.985 Y2.375 E0.04623
G1 X4.988 Y4.246 E0.04667
G1 X9.42 Y4.292 E0.11056
G1 X9.913 Y4.312 E0.01231
G0 F7200 X9.918 Y4.014
G0 X13.31 Y4.069
G0 X13.3 Y4.768
;TYPE:WALL-OUTER
G1 F1800 X14.648 Y4.778 E0.03363
G1 X14.524 Y2.447 E0.05823
G1 X14.503 Y0.591 E0.0463
G1 X14.484 Y-0.06 E0.01625
G1 X14.508 Y-.742 E0.01702
G1 X14.58 Y-4.879 E0.10321
G1 X12.999 Y-4.876 E0.03944
G1 X9.874 Y-4.82 E0.07797
G1 X9.37 Y-4.8 E0.01258
G1 X4.526 Y-4.719 E0.12085
G1 X4.541 Y-3.02 E0.04238
G1 X4.588 Y-1.89 E0.02821
G1 X4.64 Y-0.059 E0.04569
G1 X4.616 Y0.51 E0.01421
G1 X4.585 Y2.375 E0.04653
G1 X4.588 Y4.642 E0.05655
G1 X9.404 Y4.692 E0.12014
G1 X9.902 Y4.712 E0.01243
G1 X13.3 Y4.768 E0.08477
G0 F7200 X13.5 Y4.769
G0 X13.507 Y3.77
G1 F4200 E-3.5
;MESH:NONMESH
G0 F600 X13.507 Y3.77 Z3.5
G0 F7200 X4.787 Y4.012
G0 X3.722 Y4.014
G0 X-3.711 Y4.162
G0 X-4.776 Y4.181
G0 X-7.152 Y4.029
G0 X-7.15 Y4.163
;TIME_ELAPSED:252.821318
;LAYER:22
;TYPE:FILL
;MESH:pi 3mm_deformed_tet (6).stl
G1 F4200 E3.5
G1 F3600 X-14.004 Y-2.69 E0.24178
G1 X-14.074 Y-2.76
G0 F7200 X-13.867 Y-2.762
G0 X-13.865 Y2.692
G0 X-14.004 Y2.69
G1 F3600 X-7.174 Y-4.14 E0.24095
G1 X-7.104 Y-4.21
G0 F7200 X-7.115 Y-3.998
G0 X-13.011 Y4.14
G0 X-12.996 Y4.436
;TYPE:WALL-INNER
G1 F3600 X-9.851 Y4.387 E0.07846
G1 X-6.487 Y4.308 E0.08394
G1 X-4.977 Y4.29 E0.03767
G1 X-5.004 Y2.457 E0.04573
G1 X-4.98 Y-0.027 E0.06197
G1 X-5 Y-2.4 E0.0592
G1 X-4.984 Y-2.882 E0.01203
G1 X-4.984 Y-4.255 E0.03425
G1 X-6.83 Y-4.28 E0.04605
G1 X-7.21 Y-4.301 E0.00949
G1 X-9.961 Y-4.372 E0.06865
G1 X-12.798 Y-4.411 E0.07078
G1 X-14.193 Y-4.414 E0.0348
G1 X-14.16 Y-2.507 E0.04758
G1 X-14.14 Y-1.986 E0.01301
G1 X-14.108 Y0.043 E0.05062
G1 X-14.132 Y0.586 E0.01356
G1 X-14.19 Y4.441 E0.09617
G1 X-12.996 Y4.436 E0.02978
G0 F7200 X-12.99 Y4.836
;TYPE:WALL-OUTER
G1 F1800 X-9.842 Y4.787 E0.07854
G1 X-6.483 Y4.708 E0.08381
G1 X-4.571 Y4.686 E0.0477
G1 X-4.604 Y2.461 E0.05551
G1 X-4.58 Y-0.03 E0.06214
G1 X-4.6 Y-2.387 E0.0588
G1 X-4.584 Y-2.904 E0.0129
G1 X-4.584 Y-4.65 E0.04355
G1 X-6.808 Y-4.68 E0.05548
G1 X-7.161 Y-4.7 E0.00882
G1 X-9.955 Y-4.772 E0.06972
G1 X-12.797 Y-4.811 E0.0709
G1 X-14.6 Y-4.815 E0.04498
G1 X-14.56 Y-2.492 E0.05796
G1 X-14.54 Y-1.98 E0.01278
G1 X-14.508 Y0.025 E0.05002
G1 X-14.532 Y0.574 E0.01371
G1 X-14.596 Y4.843 E0.1065
G1 X-12.99 Y4.836 E0.04006
G0 F7200 X-12.79 Y4.833
G0 X-12.805 Y3.835
G1 F4200 E-3.5
G0 F7200 X-4.782 Y4.141
G0 X-3.717 Y4.125
G0 X3.721 Y4.13
G0 X4.786 Y4.128
G0 X7.214 Y3.964
G0 X7.212 Y4.101
;TYPE:FILL
G1 F4200 E3.5
G1 F3600 X13.986 Y-2.672 E0.23895
G1 X14.056 Y-2.742
G0 F7200 X13.85 Y-2.745
G0 X13.838 Y2.671
G0 X13.978 Y2.664
G1 F3600 X7.117 Y-4.197 E0.24204
G1 X7.047 Y-4.267
G0 F7200 X7.049 Y-4.059
G0 X13.048 Y4.066
G0 X13.045 Y4.364
;TYPE:WALL-INNER
G1 F3600 X14.225 Y4.374 E0.02944
G1 X14.128 Y2.475 E0.04743
G1 X14.108 Y0.756 E0.04288
G1 X14.084 Y-0.076 E0.02076
G1 X14.116 Y-.901 E0.0206
G1 X14.177 Y-4.479 E0.08927
G1 X13.009 Y-4.479 E0.02914
G1 X9.939 Y-4.422 E0.07659
G1 X9.214 Y-4.392 E0.0181
G1 X4.926 Y-4.321 E0.10698
G1 X4.937 Y-3.187 E0.02829
G1 X4.996 Y-1.758 E0.03568
G1 X5.045 Y-0.066 E0.04222
G1 X5.012 Y0.668 E0.01833
G1 X4.98 Y2.487 E0.04538
G1 X4.984 Y4.246 E0.04388
G1 X6.223 Y4.26 E0.03091
G1 X6.839 Y4.256 E0.01537
G1 X9.255 Y4.288 E0.06027
G1 X9.916 Y4.312 E0.0165
G1 X13.045 Y4.364 E0.07806
G0 F7200 X13.041 Y4.764
;TYPE:WALL-OUTER
G1 F1800 X14.651 Y4.778 E0.04016
G1 X14.528 Y2.447 E0.05823
G1 X14.508 Y0.744 E0.04248
G1 X14.484 Y-0.06 E0.02006
G1 X14.516 Y-.89 E0.02072
G1 X14.584 Y-4.879 E0.09952
G1 X13.001 Y-4.879 E0.03949
G1 X9.931 Y-4.822 E0.07659
G1 X9.208 Y-4.792 E0.01805
G1 X4.522 Y-4.715 E0.11691
G1 X4.537 Y-3.171 E0.03852
G1 X4.596 Y-1.746 E0.03558
G1 X4.645 Y-0.067 E0.0419
G1 X4.612 Y0.655 E0.01803
G1 X4.58 Y2.487 E0.04571
G1 X4.584 Y4.642 E0.05376
G1 X6.226 Y4.66 E0.04096
G1 X6.834 Y4.656 E0.01517
G1 X9.241 Y4.688 E0.06005
G1 X9.906 Y4.712 E0.0166
G1 X13.041 Y4.764 E0.07821
G0 F7200 X13.241 Y4.765
G0 X13.249 Y3.767
G1 F4200 E-3.5
;MESH:NONMESH
G0 F600 X13.249 Y3.767 Z3.65
G0 F7200 X4.786 Y4.009
G0 X3.721 Y4.011
G0 X-3.717 Y4.134
G0 X-4.782 Y4.15
G0 X-7.154 Y4.026
G0 X-7.152 Y4.162
;TIME_ELAPSED:260.057948
;LAYER:23
;TYPE:FILL
;MESH:pi 3mm_deformed_tet (6).stl
G1 F4200 E3.5
G1 F3600 X-14.011 Y-2.697 E0.24197
G1 X-14.081 Y-2.767
G0 F7200 X-13.872 Y-2.769
G0 X-13.87 Y2.695
G0 X-14.006 Y2.693
G1 F3600 X-7.179 Y-4.135 E0.24086
G1 X-7.109 Y-4.205
G0 F7200 X-7.12 Y-3.995
G0 X-13.016 Y4.14
G0 X-13 Y4.436
;TYPE:WALL-INNER
G1 F3600 X-10.392 Y4.396 E0.06506
G1 X-6.327 Y4.304 E0.10143
G1 X-4.976 Y4.29 E0.0337
G1 X-5.004 Y2.457 E0.04573
G1 X-4.98 Y-0.035 E0.06217
G1 X-5.004 Y-2.403 E0.05907
G1 X-4.98 Y-3.05 E0.01615
G1 X-4.98 Y-4.251 E0.02996
G1 X-6.828 Y-4.276 E0.0461
G1 X-7.382 Y-4.305 E0.01384
G1 X-9.97 Y-4.372 E0.06458
G1 X-13.31 Y-4.415 E0.08332
G1 X-14.198 Y-4.415 E0.02215
G1 X-14.167 Y-2.5 E0.04778
G1 X-14.136 Y-1.838 E0.01653
G1 X-14.107 Y0.014 E0.0462
G1 X-14.136 Y0.733 E0.01795
G1 X-14.194 Y4.441 E0.09251
G1 X-13 Y4.436 E0.02978
G0 F7200 X-12.994 Y4.836
;TYPE:WALL-OUTER
G1 F1800 X-10.383 Y4.796 E0.06514
G1 X-6.323 Y4.704 E0.1013
G1 X-4.563 Y4.686 E0.04391
G1 X-4.604 Y2.461 E0.05551
G1 X-4.58 Y-0.039 E0.06237
G1 X-4.604 Y-2.388 E0.0586
G1 X-4.58 Y-3.02 E0.01578
G1 X-4.58 Y-4.646 E0.04056
G1 X-6.807 Y-4.676 E0.05556
G1 X-7.372 Y-4.705 E0.01411
G1 X-9.965 Y-4.772 E0.0647
G1 X-13.31 Y-4.815 E0.08345
G1 X-14.604 Y-4.815 E0.03228
G1 X-14.567 Y-2.482 E0.0582
G1 X-14.536 Y-1.832 E0.01623
G1 X-14.507 Y0.015 E0.04608
G1 X-14.536 Y0.722 E0.01765
G1 X-14.6 Y4.843 E0.10281
G1 X-12.994 Y4.836 E0.04006
G0 F7200 X-12.794 Y4.833
G0 X-12.809 Y3.835
G1 F4200 E-3.5
G0 F7200 X-4.782 Y4.139
G0 X-3.716 Y4.123
G0 X3.721 Y4.128
G0 X4.786 Y4.126
G0 X7.219 Y3.961
G0 X7.217 Y4.097
;TYPE:FILL
G1 F4200 E3.5
G1 F3600 X13.989 Y-2.675 E0.2389
G1 X14.059 Y-2.745
G0 F7200 X13.854 Y-2.748
G0 X13.842 Y2.676
G0 X13.983 Y2.669
G1 F3600 X7.117 Y-4.197 E0.24222
G1 X7.047 Y-4.267
G0 F7200 X7.049 Y-4.056
G0 X9.927 Y4.018
G0 X9.922 Y4.316
;TYPE:WALL-INNER
G1 F3600 X14.233 Y4.377 E0.10755
G1 X14.132 Y2.452 E0.04809
G1 X14.112 Y0.903 E0.03864
G1 X14.084 Y-0.079 E0.02451
G1 X14.12 Y-1.049 E0.02421
G1 X14.18 Y-4.482 E0.08565
G1 X13.018 Y-4.479 E0.02899
G1 X9.895 Y-4.424 E0.07792
G1 X9.05 Y-4.388 E0.0211
G1 X4.922 Y-4.321 E0.10299
G1 X4.932 Y-3.338 E0.02452
G1 X5.004 Y-1.614 E0.04304
G1 X5.048 Y-0.04 E0.03928
G1 X5.008 Y0.812 E0.02128
G1 X4.98 Y2.441 E0.04064
G1 X4.983 Y4.245 E0.045
G1 X6.06 Y4.256 E0.02687
G1 X6.838 Y4.252 E0.01941
G1 X9.09 Y4.28 E0.05618
G1 X9.922 Y4.316 E0.02077
G0 F7200 X9.91 Y4.716
;TYPE:WALL-OUTER
G1 F1800 X14.659 Y4.781 E0.11848
G1 X14.612 Y4.051 E0.01825
G1 X14.532 Y2.447 E0.04006
G1 X14.512 Y0.891 E0.03882
G1 X14.484 Y-0.064 E0.02383
G1 X14.52 Y-1.038 E0.02431
G1 X14.588 Y-4.883 E0.09593
G1 X13.011 Y-4.879 E0.03934
G1 X9.827 Y-4.822 E0.07944
G1 X9.044 Y-4.788 E0.01955
G1 X4.518 Y-4.715 E0.11292
G1 X4.532 Y-3.322 E0.03475
G1 X4.604 Y-1.602 E0.04294
G1 X4.648 Y-0.058 E0.03853
G1 X4.608 Y0.799 E0.0214
G1 X4.58 Y2.441 E0.04097
G1 X4.584 Y4.641 E0.05488
G1 X6.062 Y4.656 E0.03687
G1 X6.833 Y4.652 E0.01923
G1 X9.073 Y4.68 E0.05588
G1 X9.91 Y4.716 E0.0209
G0 F7200 X10.11 Y4.718
G0 X10.126 Y3.721
G1 F4200 E-3.5
G1 F600 Z4.15
;MESH:NONMESH
G0 F7200 X10.126 Y3.721 Z4.15
G0 X-7.157 Y4.156
;TIME_ELAPSED:267.269874
;LAYER:24
;MESH:pi 3mm_deformed_tet (6).stl
G0 X-7.157 Y4.156 Z4.3
;TYPE:FILL
G1 F600 Z3.8
G1 F4200 E3.5
G1 F3600 X-14.014 Y-2.7 E0.24188
G1 X-14.084 Y-2.77
G0 F7200 X-13.876 Y-2.772
G0 X-13.874 Y2.7
G0 X-14.011 Y2.698
G1 F3600 X-7.181 Y-4.132 E0.24095
G1 X-7.111 Y-4.202
G0 F7200 X-7.121 Y-3.992
G0 X-13.022 Y4.14
G0 X-13.008 Y4.436
;TYPE:WALL-INNER
G1 F3600 X-9.875 Y4.383 E0.07816
G1 X-9.212 Y4.36 E0.01655
G1 X-6.167 Y4.296 E0.07597
G1 X-4.976 Y4.282 E0.02971
G1 X-5.004 Y2.459 E0.04548
G1 X-4.984 Y-0.031 E0.06212
G1 X-5.004 Y-2.402 E0.05915
G1 X-4.976 Y-3.19 E0.01967
G1 X-4.976 Y-4.248 E0.02639
G1 X-6.837 Y-4.276 E0.04643
G1 X-7.522 Y-4.308 E0.01711
G1 X-9.979 Y-4.372 E0.06131
G1 X-13.035 Y-4.411 E0.07624
G1 X-14.202 Y-4.414 E0.02911
G1 X-14.171 Y-2.503 E0.04768
G1 X-14.136 Y-1.686 E0.0204
G1 X-14.108 Y0.042 E0.04311
G1 X-14.144 Y0.882 E0.02097
G1 X-14.198 Y4.441 E0.08879
G1 X-13.008 Y4.436 E0.02968
G0 F7200 X-13.002 Y4.836
;TYPE:WALL-OUTER
G1 F1800 X-9.861 Y4.783 E0.07836
G1 X-9.204 Y4.76 E0.0164
G1 X-6.163 Y4.696 E0.07587
G1 X-4.563 Y4.678 E0.03991
G1 X-4.58 Y4.131 E0.01365
G1 X-4.604 Y2.462 E0.04164
G1 X-4.584 Y-0.034 E0.06226
G1 X-4.604 Y-2.388 E0.05872
G1 X-4.576 Y-3.19 E0.02002
G1 X-4.576 Y-4.642 E0.03622
G1 X-6.819 Y-4.676 E0.05596
G1 X-7.508 Y-4.708 E0.01721
G1 X-9.974 Y-4.772 E0.06154
G1 X-13.034 Y-4.811 E0.07634
G1 X-14.608 Y-4.815 E0.03926
G1 X-14.571 Y-2.486 E0.0581
G1 X-14.536 Y-1.68 E0.02012
G1 X-14.508 Y0.025 E0.04254
G1 X-14.544 Y0.87 E0.0211
G1 X-14.604 Y4.843 E0.09912
G1 X-13.002 Y4.836 E0.03996
G0 F7200 X-12.802 Y4.833
G0 X-12.818 Y3.835
G1 F4200 E-3.5
G0 F7200 X-4.782 Y4.128
G0 X-3.717 Y4.111
G0 X3.721 Y4.117
G0 X4.786 Y4.115
G0 X7.222 Y3.957
G0 X7.22 Y4.093
;TYPE:FILL
G1 F4200 E3.5
G1 F3600 X13.993 Y-2.679 E0.23892
G1 X14.063 Y-2.749
G0 F7200 X13.856 Y-2.752
G0 X13.846 Y2.675
G0 X13.983 Y2.669
G1 F3600 X7.12 Y-4.194 E0.24211
G1 X7.05 Y-4.264
G0 F7200 X7.052 Y-4.054
G0 X9.93 Y4.019
G0 X9.925 Y4.316
;TYPE:WALL-INNER
G1 F3600 X14.237 Y4.376 E0.10757
G1 X14.132 Y2.45 E0.04812
G1 X14.119 Y1.04 E0.03517
G1 X14.084 Y-0.08 E0.02795
G1 X14.128 Y-1.194 E0.02781
G1 X14.185 Y-4.482 E0.08203
G1 X13.022 Y-4.48 E0.02901
G1 X9.898 Y-4.424 E0.07794
G1 X8.886 Y-4.384 E0.02526
G1 X4.919 Y-4.318 E0.09897
G1 X4.928 Y-3.485 E0.02078
G1 X5.012 Y-1.47 E0.05031
G1 X5.052 Y-0.041 E0.03566
G1 X5.008 Y0.952 E0.02479
G1 X4.98 Y2.481 E0.03815
G1 X4.984 Y4.242 E0.04393
G1 X5.896 Y4.252 E0.02275
G1 X6.831 Y4.248 E0.02332
G1 X8.924 Y4.276 E0.05221
G1 X9.925 Y4.316 E0.02499
G0 F7200 X9.914 Y4.716
;TYPE:WALL-OUTER
G1 F1800 X14.663 Y4.781 E0.11848
G1 X14.532 Y2.446 E0.05834
G1 X14.519 Y1.028 E0.03537
G1 X14.484 Y-0.064 E0.02725
G1 X14.528 Y-1.182 E0.02791
G1 X14.592 Y-4.883 E0.09234
G1 X13.015 Y-4.88 E0.03934
G1 X9.886 Y-4.824 E0.07807
G1 X8.88 Y-4.784 E0.02511
G1 X4.515 Y-4.711 E0.1089
G1 X4.528 Y-3.469 E0.03098
G1 X4.612 Y-1.458 E0.05021
G1 X4.652 Y-0.059 E0.03491
G1 X4.608 Y0.939 E0.02492
G1 X4.58 Y2.481 E0.03847
G1 X4.584 Y4.638 E0.05381
G1 X5.898 Y4.652 E0.03278
G1 X6.825 Y4.648 E0.02312
G1 X8.908 Y4.676 E0.05197
G1 X9.914 Y4.716 E0.02511
G0 F7200 X10.114 Y4.718
G0 X10.13 Y3.722
G1 F4200 E-3.5
;MESH:NONMESH
G0 F600 X10.13 Y3.722 Z3.95
G0 F7200 X4.786 Y4.002
G0 X3.721 Y4.004
G0 X-3.712 Y4.274
G0 X-4.776 Y4.31
G0 X-7.162 Y4.019
G0 X-7.16 Y4.154
;TIME_ELAPSED:274.454858
;LAYER:25
;TYPE:FILL
;MESH:pi 3mm_deformed_tet (6).stl
G1 F4200 E3.5
G1 F3600 X-14.018 Y-2.704 E0.24193
G1 X-14.088 Y-2.774
G0 F7200 X-13.88 Y-2.776
G0 X-13.879 Y2.705
G0 X-14.017 Y2.703
G1 F3600 X-7.183 Y-4.13 E0.24107
G1 X-7.113 Y-4.2
G0 F7200 X-7.123 Y-3.989
G0 X-13.028 Y4.14
G0 X-13.012 Y4.436
;TYPE:WALL-INNER
G1 F3600 X-9.818 Y4.381 E0.07969
G1 X-9.066 Y4.356 E0.01877
G1 X-6.006 Y4.288 E0.07635
G1 X-4.972 Y4.277 E0.02579
G1 X-5.004 Y2.459 E0.04536
G1 X-4.984 Y-0.031 E0.06212
G1 X-5.004 Y-2.401 E0.05912
G1 X-4.972 Y-3.334 E0.02329
G1 X-4.972 Y-4.244 E0.0227
G1 X-6.825 Y-4.272 E0.04623
G1 X-7.732 Y-4.317 E0.02265
G1 X-9.979 Y-4.372 E0.05607
G1 X-13.039 Y-4.411 E0.07634
G1 X-14.202 Y-4.414 E0.02901
G1 X-14.175 Y-2.5 E0.04775
G1 X-14.132 Y-1.534 E0.02412
G1 X-14.108 Y0.043 E0.03934
G1 X-14.152 Y1.03 E0.02465
G1 X-14.203 Y4.441 E0.0851
G1 X-13.012 Y4.436 E0.02971
G0 F7200 X-13.006 Y4.836
;TYPE:WALL-OUTER
G1 F1800 X-9.805 Y4.781 E0.07986
G1 X-9.057 Y4.756 E0.01867
G1 X-6.002 Y4.688 E0.07623
G1 X-4.559 Y4.673 E0.036
G1 X-4.58 Y3.992 E0.017
G1 X-4.604 Y2.462 E0.03817
G1 X-4.584 Y-0.034 E0.06226
G1 X-4.604 Y-2.387 E0.0587
G1 X-4.572 Y-3.334 E0.02364
G1 X-4.572 Y-4.638 E0.03253
G1 X-6.805 Y-4.672 E0.05571
G1 X-7.722 Y-4.717 E0.0229
G1 X-9.974 Y-4.772 E0.05619
G1 X-13.038 Y-4.811 E0.07644
G1 X-14.608 Y-4.815 E0.03916
G1 X-14.575 Y-2.482 E0.0582
G1 X-14.532 Y-1.528 E0.02382
G1 X-14.508 Y0.025 E0.03874
G1 X-14.552 Y1.018 E0.02479
G1 X-14.609 Y4.843 E0.09543
G1 X-13.006 Y4.836 E0.03999
G0 F7200 X-12.806 Y4.833
G0 X-12.822 Y3.835
G1 F4200 E-3.5
G0 F7200 X-4.802 Y4
G0 X-3.719 Y3.97
G0 X3.72 Y3.989
G0 X4.785 Y3.987
G0 X7.223 Y3.954
G0 X7.221 Y4.093
;TYPE:FILL
G1 F4200 E3.5
G1 F3600 X13.996 Y-2.682 E0.23901
G1 X14.066 Y-2.752
G0 F7200 X13.859 Y-2.755
G0 X13.85 Y2.679
G0 X13.987 Y2.674
G1 F3600 X7.124 Y-4.19 E0.24213
G1 X7.054 Y-4.26
G0 F7200 X7.056 Y-4.05
G0 X9.934 Y4.021
G0 X9.929 Y4.32
;TYPE:WALL-INNER
G1 F3600 X14.24 Y4.378 E0.10755
G1 X14.2 Y3.762 E0.0154
G1 X14.136 Y2.45 E0.03277
G1 X14.123 Y1.192 E0.03138
G1 X14.084 Y-0.079 E0.03172
G1 X14.132 Y-1.341 E0.0315
G1 X14.188 Y-4.484 E0.07841
G1 X13.028 Y-4.484 E0.02894
G1 X9.902 Y-4.424 E0.07799
G1 X8.722 Y-4.376 E0.02946
G1 X4.916 Y-4.313 E0.09495
G1 X4.924 Y-3.636 E0.01689
G1 X5.02 Y-1.324 E0.05772
G1 X5.053 Y-0.066 E0.03139
G1 X5.004 Y1.095 E0.02899
G1 X4.98 Y2.483 E0.03463
G1 X4.983 Y4.243 E0.0439
G1 X5.735 Y4.252 E0.01876
G1 X6.837 Y4.248 E0.02749
G1 X8.757 Y4.272 E0.0479
G1 X9.929 Y4.32 E0.02926
G0 F7200 X9.934 Y4.021
G0 X13.061 Y4.069
G0 X13.052 Y4.768
;TYPE:WALL-OUTER
G1 F1800 X14.666 Y4.782 E0.04026
G1 X14.6 Y3.742 E0.026
G1 X14.536 Y2.446 E0.03237
G1 X14.523 Y1.18 E0.03158
G1 X14.484 Y-0.064 E0.03105
G1 X14.532 Y-1.33 E0.0316
G1 X14.596 Y-4.884 E0.08867
G1 X13.021 Y-4.884 E0.03929
G1 X9.89 Y-4.824 E0.07812
G1 X8.716 Y-4.776 E0.02931
G1 X4.511 Y-4.707 E0.10491
G1 X4.524 Y-3.62 E0.02712
G1 X4.62 Y-1.314 E0.05757
G1 X4.653 Y-0.067 E0.03112
G1 X4.604 Y1.083 E0.02871
G1 X4.58 Y2.483 E0.03493
G1 X4.584 Y4.638 E0.05376
G1 X5.737 Y4.652 E0.02876
G1 X6.832 Y4.648 E0.02732
G1 X8.741 Y4.672 E0.04762
G1 X9.918 Y4.72 E0.02938
G1 X13.052 Y4.768 E0.07819
G0 F7200 X13.252 Y4.769
G0 X13.261 Y3.77
G1 F4200 E-3.5
;MESH:NONMESH
G0 F600 X13.261 Y3.77 Z4.1
G0 F7200 X4.785 Y3.999
G0 X3.72 Y4.001
G0 X-3.709 Y4.284
G0 X-4.773 Y4.319
G0 X-7.161 Y4.016
G0 X-7.159 Y4.154
;TIME_ELAPSED:281.816211
;LAYER:26
;TYPE:FILL
;MESH:pi 3mm_deformed_tet (6).stl
G1 F4200 E3.5
G1 F3600 X-14.023 Y-2.709 E0.24213
G1 X-14.093 Y-2.779
G0 F7200 X-13.883 Y-2.781
G0 X-13.883 Y2.707
G0 X-14.019 Y2.705
G1 F3600 X-7.187 Y-4.127 E0.24102
G1 X-7.117 Y-4.197
G0 F7200 X-7.127 Y-3.986
G0 X-13.034 Y4.14
G0 X-13.016 Y4.436
;TYPE:WALL-INNER
G1 F3600 X-9.875 Y4.383 E0.07836
G1 X-8.901 Y4.348 E0.02431
G1 X-5.843 Y4.284 E0.0763
G1 X-4.978 Y4.275 E0.02158
G1 X-5.004 Y2.455 E0.0454
G1 X-4.984 Y-0.041 E0.06226
G1 X-5.008 Y-2.401 E0.05887
G1 X-4.972 Y-3.479 E0.02691
G1 X-4.972 Y-4.238 E0.01893
G1 X-6.831 Y-4.268 E0.04638
G1 X-7.907 Y-4.321 E0.02687
G1 X-9.995 Y-4.376 E0.0521
G1 X-13.042 Y-4.411 E0.07601
G1 X-14.207 Y-4.414 E0.02906
G1 X-14.179 Y-2.501 E0.04773
G1 X-14.132 Y-1.383 E0.02791
G1 X-14.108 Y0.042 E0.03555
G1 X-14.156 Y1.178 E0.02836
G1 X-14.206 Y4.441 E0.08141
G1 X-13.016 Y4.436 E0.02968
G0 F7200 X-13.01 Y4.836
;TYPE:WALL-OUTER
G1 F1800 X-9.861 Y4.783 E0.07856
G1 X-8.893 Y4.748 E0.02416
G1 X-5.839 Y4.684 E0.0762
G1 X-4.555 Y4.67 E0.03203
G1 X-4.584 Y3.851 E0.02044
G1 X-4.604 Y2.458 E0.03475
G1 X-4.584 Y-0.045 E0.06244
G1 X-4.608 Y-2.387 E0.05842
G1 X-4.572 Y-3.479 E0.02725
G1 X-4.572 Y-4.631 E0.02874
G1 X-6.811 Y-4.668 E0.05586
G1 X-7.896 Y-4.721 E0.0271
G1 X-9.99 Y-4.776 E0.05225
G1 X-13.041 Y-4.811 E0.07611
G1 X-14.613 Y-4.815 E0.03921
G1 X-14.579 Y-2.485 E0.05813
G1 X-14.532 Y-1.376 E0.02769
G1 X-14.508 Y0.025 E0.03495
G1 X-14.556 Y1.166 E0.02849
G1 X-14.612 Y4.843 E0.09173
G1 X-13.01 Y4.836 E0.03996
G0 F7200 X-12.81 Y4.833
G0 X-12.827 Y3.835
G1 F4200 E-3.5
G0 F7200 X-4.77 Y4.342
G0 X-3.706 Y4.308
G0 X3.72 Y4.331
G0 X4.785 Y4.329
G0 X7.227 Y3.951
G0 X7.225 Y4.089
;TYPE:FILL
G1 F4200 E3.5
G1 F3600 X14.001 Y-2.687 E0.23904
G1 X14.071 Y-2.757
G0 F7200 X13.863 Y-2.76
G0 X13.853 Y2.685
G0 X13.992 Y2.679
G1 F3600 X7.126 Y-4.187 E0.24222
G1 X7.056 Y-4.257
G0 F7200 X7.058 Y-4.046
G0 X9.939 Y4.022
G0 X9.934 Y4.32
;TYPE:WALL-INNER
G1 F3600 X14.247 Y4.378 E0.1076
G1 X14.196 Y3.606 E0.0193
G1 X14.14 Y2.474 E0.02827
G1 X14.128 Y1.348 E0.02809
G1 X14.088 Y-0.079 E0.03561
G1 X14.14 Y-1.515 E0.03584
G1 X14.193 Y-4.484 E0.07407
G1 X13.036 Y-4.484 E0.02886
G1 X9.867 Y-4.423 E0.07907
G1 X8.555 Y-4.372 E0.03275
G1 X4.914 Y-4.31 E0.09084
G1 X4.92 Y-3.785 E0.0131
G1 X5.028 Y-1.18 E0.06504
G1 X5.056 Y-0.037 E0.02852
G1 X5 Y1.239 E0.03186
G1 X4.98 Y2.482 E0.03101
G1 X4.983 Y4.242 E0.0439
G1 X6.836 Y4.244 E0.04622
G1 X8.593 Y4.264 E0.04383
G1 X9.934 Y4.32 E0.03348
G0 F7200 X9.939 Y4.022
G0 X13.066 Y4.07
G0 X13.059 Y4.768
;TYPE:WALL-OUTER
G1 F1800 X14.674 Y4.782 E0.04029
G1 X14.596 Y3.586 E0.0299
G1 X14.54 Y2.447 E0.02845
G1 X14.528 Y1.337 E0.02769
G1 X14.488 Y-0.064 E0.03496
G1 X14.54 Y-1.478 E0.0353
G1 X14.6 Y-4.884 E0.08498
G1 X13.029 Y-4.884 E0.03919
G1 X9.852 Y-4.823 E0.07927
G1 X8.548 Y-4.772 E0.03255
G1 X4.51 Y-4.703 E0.10074
G1 X4.52 Y-3.769 E0.0233
G1 X4.628 Y-1.17 E0.06489
G1 X4.656 Y-0.055 E0.02782
G1 X4.6 Y1.227 E0.03201
G1 X4.58 Y2.482 E0.03131
G1 X4.584 Y4.638 E0.05378
G1 X5.575 Y4.648 E0.02472
G1 X6.832 Y4.644 E0.03136
G1 X8.577 Y4.664 E0.04353
G1 X9.922 Y4.72 E0.03358
G1 X13.059 Y4.768 E0.07826
G0 F7200 X13.259 Y4.769
G0 X13.268 Y3.771
G1 F4200 E-3.5
;MESH:NONMESH
G0 F600 X13.268 Y3.771 Z4.25
G0 F7200 X4.785 Y3.997
G0 X3.72 Y3.999
G0 X-3.707 Y4.274
G0 X-4.771 Y4.308
G0 X-7.164 Y4.014
G0 X-7.162 Y4.151
;TIME_ELAPSED:289.182442
;LAYER:27
;TYPE:FILL
;MESH:pi 3mm_deformed_tet (6).stl
G1 F4200 E3.5
G1 F3600 X-14.026 Y-2.712 E0.24213
G1 X-14.096 Y-2.782
G0 F7200 X-13.888 Y-2.784
G0 X-13.887 Y2.713
G0 X-14.025 Y2.711
G1 F3600 X-7.191 Y-4.122 E0.24107
G1 X-7.121 Y-4.192
G0 F7200 X-7.131 Y-3.982
G0 X-13.039 Y4.14
G0 X-13.021 Y4.436
;TYPE:WALL-INNER
G1 F3600 X-9.83 Y4.378 E0.07961
G1 X-8.738 Y4.344 E0.02725
G1 X-4.967 Y4.27 E0.09409
G1 X-5.004 Y2.455 E0.04528
G1 X-4.984 Y-0.041 E0.06226
G1 X-5.008 Y-2.4 E0.05885
G1 X-4.968 Y-3.62 E0.03045
G1 X-4.968 Y-4.233 E0.01529
G1 X-6.828 Y-4.264 E0.0464
G1 X-8.079 Y-4.325 E0.03124
G1 X-10.003 Y-4.376 E0.04801
G1 X-13.046 Y-4.411 E0.07591
G1 X-14.21 Y-4.414 E0.02904
G1 X-14.183 Y-2.5 E0.04775
G1 X-14.127 Y-1.234 E0.03161
G1 X-14.108 Y0.042 E0.03183
G1 X-14.164 Y1.326 E0.03206
G1 X-14.211 Y4.441 E0.07771
G1 X-13.021 Y4.436 E0.02968
G0 F7200 X-13.014 Y4.836
;TYPE:WALL-OUTER
G1 F1800 X-9.818 Y4.778 E0.07974
G1 X-8.729 Y4.744 E0.02718
G1 X-5.507 Y4.675 E0.08039
G1 X-4.555 Y4.666 E0.02375
G1 X-4.584 Y3.712 E0.02381
G1 X-4.604 Y2.458 E0.03129
G1 X-4.584 Y-0.045 E0.06244
G1 X-4.608 Y-2.387 E0.05842
G1 X-4.568 Y-3.62 E0.03077
G1 X-4.568 Y-4.627 E0.02512
G1 X-6.808 Y-4.664 E0.05588
G1 X-8.068 Y-4.725 E0.03147
G1 X-9.998 Y-4.776 E0.04816
G1 X-13.045 Y-4.811 E0.07601
G1 X-14.616 Y-4.815 E0.03919
G1 X-14.583 Y-2.483 E0.05818
G1 X-14.527 Y-1.228 E0.03134
G1 X-14.508 Y0.025 E0.03126
G1 X-14.564 Y1.314 E0.03218
G1 X-14.617 Y4.843 E0.08804
G1 X-13.014 Y4.836 E0.03999
G0 F7200 X-12.815 Y4.833
G0 X-12.831 Y3.836
G1 F4200 E-3.5
G0 F7200 X-4.767 Y4.347
G0 X-3.703 Y4.312
G0 X3.719 Y4.339
G0 X4.784 Y4.338
G0 X7.231 Y3.947
G0 X7.229 Y4.085
;TYPE:FILL
G1 F4200 E3.5
G1 F3600 X14.003 Y-2.689 E0.23897
G1 X14.073 Y-2.759
G0 F7200 X13.866 Y-2.762
G0 X13.857 Y2.687
G0 X13.996 Y2.682
G1 F3600 X7.131 Y-4.183 E0.24218
G1 X7.061 Y-4.253
G0 F7200 X7.063 Y-4.043
G0 X9.941 Y4.024
G0 X9.937 Y4.32
;TYPE:WALL-INNER
G1 F3600 X14.251 Y4.38 E0.10762
G1 X14.192 Y3.454 E0.02315
G1 X14.144 Y2.478 E0.02438
G1 X14.132 Y1.501 E0.02437
G1 X14.088 Y-0.078 E0.0394
G1 X14.144 Y-1.66 E0.03949
G1 X14.196 Y-4.483 E0.07043
G1 X13.04 Y-4.483 E0.02884
G1 X9.96 Y-4.43 E0.07684
G1 X8.391 Y-4.364 E0.03917
G1 X4.896 Y-4.306 E0.0872
G1 X5.036 Y-1.036 E0.08165
G1 X5.06 Y-0.037 E0.02493
G1 X4.996 Y1.379 E0.03536
G1 X4.98 Y2.477 E0.02739
G1 X4.984 Y4.239 E0.04395
G1 X6.832 Y4.24 E0.0461
G1 X8.424 Y4.26 E0.03972
G1 X9.937 Y4.32 E0.03777
G0 F7200 X9.926 Y4.72
;TYPE:WALL-OUTER
G1 F1800 X14.678 Y4.785 E0.11855
G1 X14.592 Y3.434 E0.03377
G1 X14.544 Y2.451 E0.02455
G1 X14.532 Y1.49 E0.02397
G1 X14.488 Y-0.064 E0.03878
G1 X14.542 Y-1.599 E0.03831
G1 X14.604 Y-4.883 E0.08193
G1 X13.033 Y-4.883 E0.03919
G1 X9.953 Y-4.83 E0.07684
G1 X8.384 Y-4.764 E0.03917
G1 X4.506 Y-4.699 E0.09675
G1 X4.512 Y-3.914 E0.01958
G1 X4.636 Y-1.026 E0.07211
G1 X4.66 Y-0.055 E0.02423
G1 X4.596 Y1.367 E0.03551
G1 X4.58 Y2.477 E0.02769
G1 X4.584 Y4.634 E0.05381
G1 X5.411 Y4.644 E0.02063
G1 X6.827 Y4.64 E0.03532
G1 X8.408 Y4.66 E0.03944
G1 X9.926 Y4.72 E0.0379
G0 F7200 X10.126 Y4.722
G0 X10.14 Y3.727
G1 F4200 E-3.5
;MESH:NONMESH
G0 F600 X10.14 Y3.727 Z4.4
G0 F7200 X4.784 Y4
G0 X3.719 Y4.001
G0 X-3.704 Y4.282
G0 X-4.788 Y4.318
G0 X-7.169 Y4.011
G0 X-7.167 Y4.146
;TIME_ELAPSED:296.392067
;LAYER:28
;TYPE:FILL
;MESH:pi 3mm_deformed_tet (6).stl
G1 F4200 E3.5
G1 F3600 X-14.03 Y-2.717 E0.24211
G1 X-14.1 Y-2.787
G0 F7200 X-13.892 Y-2.789
G0 X-13.892 Y2.718
G0 X-14.03 Y2.716
G1 F3600 X-7.195 Y-4.119 E0.24112
G1 X-7.125 Y-4.189
G0 F7200 X-7.135 Y-3.979
G0 X-13.045 Y4.14
G0 X-13.029 Y4.436
;TYPE:WALL-INNER
G1 F3600 X-9.811 Y4.377 E0.08029
G1 X-8.582 Y4.336 E0.03067
G1 X-4.964 Y4.263 E0.09027
G1 X-4.988 Y3.573 E0.01722
G1 X-5.004 Y2.455 E0.02789
G1 X-4.985 Y-0.049 E0.06246
G1 X-5.012 Y-2.402 E0.0587
G1 X-4.948 Y-4.23 E0.04563
G1 X-6.833 Y-4.261 E0.04703
G1 X-8.256 Y-4.329 E0.03554
G1 X-10.005 Y-4.376 E0.04364
G1 X-13.051 Y-4.415 E0.07599
G1 X-14.214 Y-4.415 E0.02901
G1 X-14.187 Y-2.501 E0.04775
G1 X-14.128 Y-1.081 E0.03545
G1 X-14.112 Y0.037 E0.02789
G1 X-14.172 Y1.473 E0.03585
G1 X-14.215 Y4.441 E0.07404
G1 X-13.029 Y4.436 E0.02959
G0 F7200 X-13.022 Y4.836
;TYPE:WALL-OUTER
G1 F1800 X-9.798 Y4.777 E0.08044
G1 X-8.573 Y4.736 E0.03057
G1 X-5.519 Y4.668 E0.0762
G1 X-4.551 Y4.658 E0.02415
G1 X-4.588 Y3.567 E0.02723
G1 X-4.604 Y2.458 E0.02767
G1 X-4.585 Y-0.053 E0.06264
G1 X-4.612 Y-2.388 E0.05825
G1 X-4.564 Y-3.763 E0.03432
G1 X-4.564 Y-4.623 E0.02145
G1 X-6.814 Y-4.661 E0.05613
G1 X-8.245 Y-4.729 E0.03574
G1 X-10 Y-4.776 E0.04379
G1 X-13.051 Y-4.815 E0.07611
G1 X-14.62 Y-4.815 E0.03914
G1 X-14.587 Y-2.485 E0.05813
G1 X-14.528 Y-1.075 E0.0352
G1 X-14.512 Y0.021 E0.02734
G1 X-14.572 Y1.462 E0.03598
G1 X-14.621 Y4.843 E0.08435
G1 X-13.022 Y4.836 E0.03989
G0 F7200 X-12.823 Y4.833
G0 X-12.839 Y3.836
G1 F4200 E-3.5
G0 F7200 X-4.765 Y4.337
G0 X-3.701 Y4.303
G0 X3.718 Y4.329
G0 X4.783 Y4.328
G0 X7.234 Y3.944
G0 X7.232 Y4.081
;TYPE:FILL
G1 F4200 E3.5
G1 F3600 X14.008 Y-2.694 E0.23902
G1 X14.078 Y-2.764
G0 F7200 X13.87 Y-2.767
G0 X13.86 Y2.691
G0 X13.999 Y2.686
G1 F3600 X7.133 Y-4.181 E0.24223
G1 X7.063 Y-4.251
G0 F7200 X7.065 Y-4.041
G0 X9.944 Y4.026
G0 X9.94 Y4.324
;TYPE:WALL-INNER
G1 F3600 X14.256 Y4.379 E0.10767
G1 X14.188 Y3.301 E0.02694
G1 X14.148 Y2.455 E0.02113
G1 X14.14 Y1.643 E0.02026
G1 X14.088 Y-0.079 E0.04298
G1 X14.152 Y-1.785 E0.04259
G1 X14.2 Y-4.487 E0.06741
G1 X13.052 Y-4.487 E0.02864
G1 X9.876 Y-4.427 E0.07924
G1 X8.227 Y-4.36 E0.04117
G1 X4.899 Y-4.303 E0.08303
G1 X5.04 Y-.894 E0.08511
G1 X5.065 Y-0.062 E0.02076
G1 X4.996 Y1.523 E0.03958
G1 X4.98 Y2.481 E0.0239
G1 X4.98 Y4.24 E0.04388
G1 X6.821 Y4.236 E0.04592
G1 X8.261 Y4.256 E0.03592
G1 X9.94 Y4.324 E0.04192
G0 F7200 X9.93 Y4.724
;TYPE:WALL-OUTER
G1 F1800 X14.682 Y4.785 E0.11855
G1 X14.588 Y3.282 E0.03757
G1 X14.548 Y2.451 E0.02075
G1 X14.54 Y1.631 E0.02046
G1 X14.488 Y-0.064 E0.0423
G1 X14.552 Y-1.774 E0.04269
G1 X14.608 Y-4.887 E0.07767
G1 X13.045 Y-4.887 E0.03899
G1 X9.86 Y-4.827 E0.07946
G1 X8.22 Y-4.76 E0.04094
G1 X4.502 Y-4.695 E0.09276
G1 X4.508 Y-4.065 E0.01572
G1 X4.64 Y-.882 E0.07947
G1 X4.665 Y-0.063 E0.02044
G1 X4.596 Y1.511 E0.0393
G1 X4.58 Y2.481 E0.0242
G1 X4.58 Y4.634 E0.05371
G1 X5.251 Y4.644 E0.01674
G1 X6.815 Y4.636 E0.03901
G1 X8.245 Y4.656 E0.03567
G1 X9.93 Y4.724 E0.04207
G0 F7200 X10.13 Y4.726
G0 X10.144 Y3.728
G1 F4200 E-3.5
;MESH:NONMESH
G0 F600 X10.144 Y3.728 Z4.55
G0 F7200 X4.783 Y3.996
G0 X3.718 Y3.997
G0 X-3.702 Y4.275
G0 X-4.766 Y4.309
G0 X-7.171 Y4.007
G0 X-7.169 Y4.144
;TIME_ELAPSED:303.601788
;LAYER:29
;TYPE:FILL
;MESH:pi 3mm_deformed_tet (6).stl
G1 F4200 E3.5
G1 F3600 X-14.035 Y-2.721 E0.2422
G1 X-14.105 Y-2.791
G0 F7200 X-13.896 Y-2.793
G0 X-13.896 Y2.722
G0 X-14.034 Y2.72
G1 F3600 X-7.198 Y-4.115 E0.24114
G1 X-7.128 Y-4.185
G0 F7200 X-7.138 Y-3.976
G0 X-13.051 Y4.14
G0 X-13.037 Y4.436
;TYPE:WALL-INNER
G1 F3600 X-9.809 Y4.377 E0.08054
G1 X-8.418 Y4.332 E0.03472
G1 X-4.96 Y4.259 E0.08628
G1 X-4.988 Y3.435 E0.02057
G1 X-5.004 Y2.455 E0.02445
G1 X-4.985 Y-0.05 E0.06249
G1 X-5.012 Y-2.401 E0.05865
G1 X-4.949 Y-4.225 E0.04553
G1 X-6.825 Y-4.256 E0.0468
G1 X-8.395 Y-4.336 E0.03921
G1 X-10.007 Y-4.376 E0.04022
G1 X-13.055 Y-4.415 E0.07604
G1 X-14.218 Y-4.415 E0.02901
G1 X-14.191 Y-2.501 E0.04775
G1 X-14.123 Y-.928 E0.03928
G1 X-14.112 Y0.037 E0.02407
G1 X-14.176 Y1.621 E0.03955
G1 X-14.222 Y4.441 E0.07035
G1 X-13.037 Y4.436 E0.02956
G0 F7200 X-13.03 Y4.836
;TYPE:WALL-OUTER
G1 F1800 X-9.797 Y4.777 E0.08066
G1 X-8.409 Y4.732 E0.03464
G1 X-5.359 Y4.664 E0.0761
G1 X-4.547 Y4.654 E0.02026
G1 X-4.588 Y3.428 E0.0306
G1 X-4.604 Y2.458 E0.0242
G1 X-4.585 Y-0.054 E0.06266
G1 X-4.612 Y-2.387 E0.0582
G1 X-4.56 Y-3.908 E0.03796
G1 X-4.56 Y-4.619 E0.01774
G1 X-6.805 Y-4.656 E0.05601
G1 X-8.38 Y-4.736 E0.03934
G1 X-10.002 Y-4.776 E0.04047
G1 X-13.055 Y-4.815 E0.07616
G1 X-14.624 Y-4.815 E0.03914
G1 X-14.591 Y-2.484 E0.05815
G1 X-14.523 Y-.923 E0.03898
G1 X-14.512 Y0.021 E0.02355
G1 X-14.576 Y1.61 E0.03967
G1 X-14.628 Y4.843 E0.08066
G1 X-13.03 Y4.836 E0.03986
G0 F7200 X-12.831 Y4.833
G0 X-12.847 Y3.836
G1 F4200 E-3.5
G0 F7200 X-4.761 Y4.34
G0 X-3.698 Y4.305
G0 X3.718 Y4.332
G0 X4.783 Y4.331
G0 X7.239 Y3.941
G0 X7.237 Y4.077
;TYPE:FILL
G1 F4200 E3.5
G1 F3600 X14.008 Y-2.695 E0.23888
G1 X14.078 Y-2.765
G0 F7200 X13.873 Y-2.768
G0 X13.865 Y2.698
G0 X14.004 Y2.691
G1 F3600 X7.137 Y-4.177 E0.24227
G1 X7.067 Y-4.247
G0 F7200 X7.069 Y-4.038
G0 X8.105 Y3.953
G0 X8.093 Y4.248
;TYPE:WALL-INNER
G1 F3600 X9.949 Y4.324 E0.04634
G1 X14.263 Y4.379 E0.10762
G1 X14.152 Y2.456 E0.04805
G1 X14.144 Y1.796 E0.01646
G1 X14.088 Y-0.078 E0.04677
G1 X14.156 Y-1.951 E0.04675
G1 X14.201 Y-4.488 E0.0633
G1 X13.056 Y-4.488 E0.02856
G1 X9.922 Y-4.428 E0.07819
G1 X8.058 Y-4.352 E0.04654
G1 X4.903 Y-4.302 E0.07871
G1 X5.048 Y-.747 E0.08875
G1 X5.068 Y-0.037 E0.01772
G1 X4.992 Y1.667 E0.04255
G1 X4.98 Y2.479 E0.02026
G1 X4.98 Y4.238 E0.04388
G1 X6.822 Y4.232 E0.04595
G1 X8.093 Y4.248 E0.03171
G0 F7200 X8.077 Y4.648
;TYPE:WALL-OUTER
G1 F1800 X9.938 Y4.724 E0.04646
G1 X14.687 Y4.785 E0.11847
G1 X14.552 Y2.451 E0.05832
G1 X14.544 Y1.784 E0.01664
G1 X14.488 Y-0.064 E0.04612
G1 X14.556 Y-1.944 E0.04693
G1 X14.608 Y-4.888 E0.07345
G1 X13.049 Y-4.888 E0.03889
G1 X9.91 Y-4.828 E0.07832
G1 X8.052 Y-4.752 E0.04639
G1 X4.484 Y-4.695 E0.08902
G1 X4.648 Y-.735 E0.09887
G1 X4.668 Y-0.055 E0.01697
G1 X4.592 Y1.655 E0.0427
G1 X4.58 Y2.479 E0.02056
G1 X4.58 Y4.634 E0.05376
G1 X5.084 Y4.64 E0.01257
G1 X6.817 Y4.632 E0.04323
G1 X8.077 Y4.648 E0.03143
G0 F7200 X8.276 Y4.656
G0 X8.317 Y3.661
G1 F4200 E-3.5
G1 F600 Z5.05
;MESH:NONMESH
G0 F7200 X8.317 Y3.661 Z5.05
G0 X-7.174 Y4.139
;TIME_ELAPSED:310.806488
;LAYER:30
;MESH:pi 3mm_deformed_tet (6).stl
G0 X-7.174 Y4.139 Z5.2
;TYPE:FILL
G1 F600 Z4.7
G1 F4200 E3.5
G1 F3600 X-14.037 Y-2.724 E0.24211
G1 X-14.107 Y-2.794
G0 F7200 X-13.9 Y-2.796
G0 X-13.901 Y2.727
G0 X-14.039 Y2.725
G1 F3600 X-7.202 Y-4.112 E0.24119
G1 X-7.132 Y-4.182
G0 F7200 X-7.142 Y-3.972
G0 X-13.056 Y4.14
G0 X-13.041 Y4.436
;TYPE:WALL-INNER
G1 F3600 X-9.893 Y4.379 E0.07854
G1 X-8.254 Y4.324 E0.04091
G1 X-4.961 Y4.253 E0.08216
G1 X-4.992 Y3.293 E0.02396
G1 X-5.004 Y2.455 E0.02091
G1 X-4.985 Y-0.05 E0.06249
G1 X-5.012 Y-2.397 E0.05855
G1 X-4.956 Y-4.218 E0.04545
G1 X-6.826 Y-4.253 E0.04666
G1 X-8.571 Y-4.34 E0.04358
G1 X-10.016 Y-4.376 E0.03606
G1 X-13.059 Y-4.415 E0.07591
G1 X-14.219 Y-4.415 E0.02894
G1 X-14.195 Y-2.504 E0.04767
G1 X-14.124 Y-.778 E0.04309
G1 X-14.112 Y0.037 E0.02033
G1 X-14.184 Y1.77 E0.04327
G1 X-14.226 Y4.441 E0.06664
G1 X-13.041 Y4.436 E0.02956
G0 F7200 X-13.034 Y4.836
;TYPE:WALL-OUTER
G1 F1800 X-9.88 Y4.779 E0.07869
G1 X-8.245 Y4.724 E0.04081
G1 X-5.198 Y4.656 E0.07603
G1 X-4.547 Y4.649 E0.01624
G1 X-4.592 Y3.287 E0.03399
G1 X-4.604 Y2.458 E0.02068
G1 X-4.585 Y-0.054 E0.06266
G1 X-4.612 Y-2.383 E0.0581
G1 X-4.556 Y-4.049 E0.04158
G1 X-4.556 Y-4.611 E0.01402
G1 X-6.806 Y-4.653 E0.05614
G1 X-8.556 Y-4.74 E0.04371
G1 X-10.011 Y-4.776 E0.03631
G1 X-13.059 Y-4.815 E0.07604
G1 X-14.625 Y-4.815 E0.03906
G1 X-14.595 Y-2.488 E0.05805
G1 X-14.524 Y-.772 E0.04284
G1 X-14.512 Y0.021 E0.01978
G1 X-14.584 Y1.758 E0.04337
G1 X-14.632 Y4.843 E0.07696
G1 X-13.034 Y4.836 E0.03986
G0 F7200 X-12.835 Y4.833
G0 X-12.852 Y3.836
G1 F4200 E-3.5
G0 F7200 X-4.779 Y4.331
G0 X-3.696 Y4.295
G0 X3.717 Y4.328
G0 X4.782 Y4.327
G0 X7.241 Y3.937
G0 X7.239 Y4.074
;TYPE:FILL
G1 F4200 E3.5
G1 F3600 X14.013 Y-2.7 E0.23897
G1 X14.083 Y-2.77
G0 F7200 X13.877 Y-2.773
G0 X13.867 Y2.698
G0 X14.007 Y2.693
G1 F3600 X7.139 Y-4.175 E0.24229
G1 X7.069 Y-4.245
G0 F7200 X7.071 Y-4.034
G0 X7.942 Y3.947
G0 X7.929 Y4.244
;TYPE:WALL-INNER
G1 F3600 X9.953 Y4.328 E0.05053
G1 X14.268 Y4.38 E0.10765
G1 X14.18 Y2.992 E0.03469
G1 X14.156 Y2.458 E0.01333
G1 X14.088 Y-0.079 E0.06331
G1 X14.164 Y-2.077 E0.04988
G1 X14.205 Y-4.489 E0.06018
G1 X13.062 Y-4.492 E0.02851
G1 X9.927 Y-4.432 E0.07822
G1 X7.895 Y-4.348 E0.05073
G1 X4.904 Y-4.298 E0.07462
G1 X5.056 Y-.603 E0.09225
G1 X5.072 Y-0.036 E0.01415
G1 X4.988 Y1.81 E0.0461
G1 X4.98 Y4.235 E0.06049
G1 X6.818 Y4.228 E0.04585
G1 X7.929 Y4.244 E0.02772
G0 F7200 X7.913 Y4.644
;TYPE:WALL-OUTER
G1 F1800 X9.942 Y4.728 E0.05066
G1 X14.694 Y4.785 E0.11855
G1 X14.58 Y2.974 E0.04526
G1 X14.556 Y2.452 E0.01304
G1 X14.488 Y-0.064 E0.06278
G1 X14.564 Y-2.066 E0.04998
G1 X14.612 Y-4.888 E0.07041
G1 X13.055 Y-4.892 E0.03884
G1 X9.915 Y-4.832 E0.07834
G1 X7.888 Y-4.748 E0.05061
G1 X4.487 Y-4.691 E0.08485
G1 X4.672 Y-0.054 E0.11576
G1 X4.588 Y1.798 E0.04625
G1 X4.58 Y2.478 E0.01696
G1 X4.58 Y4.633 E0.05376
G1 X6.812 Y4.628 E0.05568
G1 X7.913 Y4.644 E0.02747
G0 F7200 X8.112 Y4.652
G0 X8.153 Y3.655
G1 F4200 E-3.5
;MESH:NONMESH
G0 F600 X8.153 Y3.655 Z4.85
G0 F7200 X4.782 Y3.997
G0 X3.717 Y3.998
G0 X-3.696 Y4.275
G0 X-4.76 Y4.31
G0 X-7.178 Y4.002
G0 X-7.176 Y4.138
;TIME_ELAPSED:317.983655
;LAYER:31
;TYPE:FILL
;MESH:pi 3mm_deformed_tet (6).stl
G1 F4200 E3.5
G1 F3600 X-14.042 Y-2.728 E0.24222
G1 X-14.112 Y-2.798
G0 F7200 X-13.904 Y-2.8
G0 X-13.904 Y2.729
G0 X-14.041 Y2.727
G1 F3600 X-7.206 Y-4.108 E0.24112
G1 X-7.136 Y-4.178
G0 F7200 X-7.146 Y-3.969
G0 X-8.106 Y4.021
G0 X-8.095 Y4.32
;TYPE:WALL-INNER
G1 F3600 X-4.957 Y4.247 E0.0783
G1 X-4.992 Y3.155 E0.02725
G1 X-5.004 Y2.455 E0.01746
G1 X-4.985 Y-0.057 E0.06266
G1 X-5.016 Y-2.397 E0.05838
G1 X-4.956 Y-4.214 E0.04535
G1 X-6.83 Y-4.249 E0.04676
G1 X-8.743 Y-4.344 E0.04778
G1 X-10.02 Y-4.376 E0.03186
G1 X-13.063 Y-4.415 E0.07591
G1 X-14.223 Y-4.418 E0.02894
G1 X-14.199 Y-2.504 E0.04775
G1 X-14.124 Y-.632 E0.04673
G1 X-14.112 Y0.037 E0.01669
G1 X-14.188 Y1.918 E0.04696
G1 X-14.229 Y4.441 E0.06294
G1 X-13.043 Y4.436 E0.02959
G1 X-9.895 Y4.379 E0.07854
G1 X-8.095 Y4.32 E0.04493
G0 F7200 X-8.085 Y4.72
;TYPE:WALL-OUTER
G1 F1800 X-4.543 Y4.642 E0.08838
G1 X-4.592 Y3.148 E0.03729
G1 X-4.604 Y2.458 E0.01721
G1 X-4.585 Y-0.062 E0.06286
G1 X-4.616 Y-2.383 E0.0579
G1 X-4.542 Y-4.607 E0.05551
G1 X-6.81 Y-4.649 E0.05659
G1 X-8.728 Y-4.744 E0.0479
G1 X-10.015 Y-4.776 E0.03211
G1 X-13.062 Y-4.815 E0.07601
G1 X-14.629 Y-4.819 E0.03909
G1 X-14.599 Y-2.488 E0.05815
G1 X-14.524 Y-.624 E0.04654
G1 X-14.512 Y0.021 E0.01609
G1 X-14.588 Y1.906 E0.04706
G1 X-14.636 Y4.843 E0.07327
G1 X-13.036 Y4.836 E0.03991
G1 X-9.882 Y4.779 E0.07869
G1 X-8.085 Y4.72 E0.04485
G0 F7200 X-7.886 Y4.716
G0 X-7.906 Y3.716
G1 F4200 E-3.5
G0 F7200 X-4.758 Y4.324
G0 X-3.694 Y4.29
G0 X3.717 Y4.317
G0 X4.782 Y4.316
G0 X7.243 Y3.934
G0 X7.241 Y4.072
;TYPE:FILL
G1 F4200 E3.5
G1 F3600 X14.016 Y-2.703 E0.23901
G1 X14.086 Y-2.773
G0 F7200 X13.88 Y-2.776
G0 X13.873 Y2.704
G0 X14.01 Y2.696
G1 F3600 X7.14 Y-4.173 E0.24234
G1 X7.07 Y-4.243
G0 F7200 X7.072 Y-4.032
G0 X7.773 Y3.942
G0 X7.76 Y4.24
;TYPE:WALL-INNER
G1 F3600 X9.956 Y4.328 E0.05482
G1 X14.273 Y4.38 E0.1077
G1 X14.156 Y2.465 E0.04786
G1 X14.088 Y-0.079 E0.06348
G1 X14.168 Y-2.245 E0.05407
G1 X14.208 Y-4.489 E0.05599
G1 X13.066 Y-4.491 E0.02849
G1 X9.888 Y-4.431 E0.07929
G1 X7.731 Y-4.344 E0.05385
G1 X4.904 Y-4.294 E0.07053
G1 X5.073 Y-0.062 E0.10565
G1 X4.981 Y2.109 E0.0542
G1 X4.98 Y4.226 E0.05281
G1 X6.75 Y4.224 E0.04415
G1 X7.76 Y4.24 E0.0252
G0 F7200 X7.744 Y4.64
;TYPE:WALL-OUTER
G1 F1800 X9.946 Y4.728 E0.05497
G1 X14.699 Y4.785 E0.11857
G1 X14.556 Y2.454 E0.05826
G1 X14.488 Y-0.064 E0.06283
G1 X14.568 Y-2.238 E0.05427
G1 X14.616 Y-4.888 E0.06612
G1 X13.059 Y-4.891 E0.03884
G1 X9.872 Y-4.831 E0.07951
G1 X7.724 Y-4.744 E0.05363
G1 X4.488 Y-4.687 E0.08073
G1 X4.673 Y-0.063 E0.11544
G1 X4.581 Y2.101 E0.05403
G1 X4.58 Y4.627 E0.06301
G1 X6.744 Y4.624 E0.05398
G1 X7.744 Y4.64 E0.02495
G0 F7200 X7.943 Y4.647
G0 X7.984 Y3.65
G1 F4200 E-3.5
G1 F600 Z5.35
;MESH:NONMESH
G0 F7200 X7.984 Y3.65 Z5.35
G0 X-7.178 Y4.136
;TIME_ELAPSED:325.141020
;LAYER:32
;MESH:pi 3mm_deformed_tet (6).stl
G0 X-7.178 Y4.136 Z5.5
;TYPE:FILL
G1 F600 Z5
G1 F4200 E3.5
G1 F3600 X-14.046 Y-2.732 E0.24229
G1 X-14.116 Y-2.802
G0 F7200 X-13.908 Y-2.804
G0 X-13.909 Y2.734
G0 X-14.046 Y2.732
G1 F3600 X-7.21 Y-4.104 E0.24116
G1 X-7.14 Y-4.174
G0 F7200 X-7.15 Y-3.966
G0 X-13.066 Y4.14
G0 X-13.048 Y4.436
;TYPE:WALL-INNER
G1 F3600 X-9.903 Y4.376 E0.07847
G1 X-7.933 Y4.312 E0.04917
G1 X-4.956 Y4.248 E0.07428
G1 X-4.996 Y3.013 E0.03082
G1 X-5.004 Y2.455 E0.01392
G1 X-4.985 Y-0.06 E0.06274
G1 X-5.016 Y-2.396 E0.05828
G1 X-4.956 Y-4.211 E0.0453
G1 X-6.824 Y-4.245 E0.04661
G1 X-8.919 Y-4.352 E0.05233
G1 X-10.031 Y-4.38 E0.02775
G1 X-13.066 Y-4.415 E0.07571
G1 X-14.227 Y-4.418 E0.02896
G1 X-14.203 Y-2.504 E0.04775
G1 X-14.108 Y-.103 E0.05994
G1 X-14.196 Y2.065 E0.05413
G1 X-14.234 Y4.441 E0.05928
G1 X-13.048 Y4.436 E0.02959
G0 F7200 X-13.041 Y4.836
;TYPE:WALL-OUTER
G1 F1800 X-9.89 Y4.776 E0.07862
G1 X-7.925 Y4.712 E0.04904
G1 X-4.543 Y4.64 E0.08438
G1 X-4.596 Y3.007 E0.04076
G1 X-4.604 Y2.458 E0.0137
G1 X-4.585 Y-0.065 E0.06294
G1 X-4.616 Y-2.383 E0.05783
G1 X-4.543 Y-4.603 E0.05541
G1 X-6.804 Y-4.645 E0.05641
G1 X-8.904 Y-4.752 E0.05245
G1 X-10.026 Y-4.78 E0.028
G1 X-13.065 Y-4.815 E0.07581
G1 X-14.633 Y-4.819 E0.03911
G1 X-14.603 Y-2.488 E0.05815
G1 X-14.508 Y-.119 E0.05914
G1 X-14.596 Y2.054 E0.05425
G1 X-14.64 Y4.843 E0.06958
G1 X-13.041 Y4.836 E0.03989
G0 F7200 X-12.842 Y4.833
G0 X-12.859 Y3.835
G1 F4200 E-3.5
G0 F7200 X-4.754 Y4.326
G0 X-3.691 Y4.291
G0 X3.716 Y4.339
G0 X4.801 Y4.34
G0 X7.244 Y3.931
G0 X7.242 Y4.072
;TYPE:FILL
G1 F4200 E3.5
G1 F3600 X14.021 Y-2.708 E0.23917
G1 X14.091 Y-2.778
G0 F7200 X13.884 Y-2.781
G0 X13.874 Y2.702
G0 X14.013 Y2.7
G1 F3600 X7.146 Y-4.168 E0.24227
G1 X7.076 Y-4.238
G0 F7200 X7.078 Y-4.029
G0 X7.61 Y3.937
G0 X7.597 Y4.232
;TYPE:WALL-INNER
G1 F3600 X9.96 Y4.328 E0.05899
G1 X14.277 Y4.383 E0.1077
G1 X14.172 Y2.675 E0.04269
G1 X14.088 Y-0.079 E0.06873
G1 X14.176 Y-2.373 E0.05727
G1 X14.213 Y-4.489 E0.05279
G1 X13.074 Y-4.491 E0.02841
G1 X9.934 Y-4.432 E0.07834
G1 X7.563 Y-4.336 E0.05919
G1 X4.912 Y-4.29 E0.06614
G1 X5.076 Y-0.038 E0.10615
G1 X4.985 Y2.09 E0.05313
G1 X4.981 Y4.226 E0.05328
G1 X6.742 Y4.224 E0.04393
G1 X7.597 Y4.232 E0.02133
G0 F7200 X7.581 Y4.632
;TYPE:WALL-OUTER
G1 F1800 X9.95 Y4.728 E0.05914
G1 X14.703 Y4.789 E0.11857
G1 X14.572 Y2.663 E0.05313
G1 X14.488 Y-0.064 E0.06806
G1 X14.576 Y-2.387 E0.05799
G1 X14.62 Y-4.888 E0.0624
G1 X13.067 Y-4.891 E0.03874
G1 X9.922 Y-4.832 E0.07847
G1 X7.556 Y-4.736 E0.05907
G1 X4.496 Y-4.683 E0.07634
G1 X4.676 Y-0.055 E0.11553
G1 X4.585 Y2.081 E0.05333
G1 X4.581 Y4.627 E0.06351
G1 X6.738 Y4.624 E0.05381
G1 X7.581 Y4.632 E0.02103
G0 F7200 X7.78 Y4.64
G0 X7.821 Y3.645
G1 F4200 E-3.5
;MESH:NONMESH
G0 F600 X7.821 Y3.645 Z5.15
G0 F7200 X4.801 Y4.013
G0 X3.716 Y4.012
G0 X-3.691 Y4.292
G0 X-4.754 Y4.327
G0 X-7.185 Y3.996
G0 X-7.183 Y4.131
;TIME_ELAPSED:332.319990
;LAYER:33
;TYPE:FILL
;MESH:pi 3mm_deformed_tet (6).stl
G1 F4200 E3.5
G1 F3600 X-14.05 Y-2.737 E0.24227
G1 X-14.12 Y-2.807
G0 F7200 X-13.912 Y-2.809
G0 X-13.913 Y2.74
G0 X-14.052 Y2.738
G1 F3600 X-7.213 Y-4.101 E0.24126
G1 X-7.143 Y-4.171
G0 F7200 X-7.153 Y-3.962
G0 X-7.782 Y4.008
G0 X-7.769 Y4.304
;TYPE:WALL-INNER
G1 F3600 X-4.952 Y4.244 E0.07029
G1 X-5.004 Y2.663 E0.03946
G1 X-4.985 Y0.118 E0.06349
G1 X-5.02 Y-2.397 E0.06274
G1 X-4.957 Y-4.207 E0.04518
G1 X-6.83 Y-4.241 E0.04673
G1 X-9.095 Y-4.356 E0.05657
G1 X-10.04 Y-4.38 E0.02358
G1 X-13.07 Y-4.415 E0.07559
G1 X-14.231 Y-4.418 E0.02896
G1 X-14.207 Y-2.504 E0.04775
G1 X-14.108 Y-0.066 E0.06087
G1 X-14.204 Y2.214 E0.05693
G1 X-14.238 Y4.441 E0.05556
G1 X-13.057 Y4.436 E0.02946
G1 X-9.905 Y4.375 E0.07864
G1 X-7.769 Y4.304 E0.05331
G0 F7200 X-7.761 Y4.704
;TYPE:WALL-OUTER
G1 F1800 X-4.539 Y4.636 E0.08039
G1 X-4.604 Y2.666 E0.04917
G1 X-4.585 Y0.121 E0.06349
G1 X-4.62 Y-2.383 E0.06247
G1 X-4.543 Y-4.599 E0.05531
G1 X-6.81 Y-4.641 E0.05656
G1 X-9.08 Y-4.756 E0.0567
G1 X-10.035 Y-4.78 E0.02383
G1 X-13.069 Y-4.815 E0.07569
G1 X-14.637 Y-4.819 E0.03911
G1 X-14.607 Y-2.488 E0.05815
G1 X-14.508 Y-0.083 E0.06004
G1 X-14.604 Y2.202 E0.05705
G1 X-14.644 Y4.843 E0.06589
G1 X-13.049 Y4.836 E0.03979
G1 X-9.892 Y4.775 E0.07877
G1 X-7.761 Y4.704 E0.05319
G0 F7200 X-7.562 Y4.7
G0 X-7.581 Y3.703
G1 F4200 E-3.5
G0 F7200 X-4.753 Y4.32
G0 X-3.689 Y4.285
G0 X3.716 Y4.32
G0 X4.801 Y4.32
G0 X7.249 Y3.927
G0 X7.247 Y4.067
;TYPE:FILL
G1 F4200 E3.5
G1 F3600 X14.023 Y-2.709 E0.23904
G1 X14.093 Y-2.779
G0 F7200 X13.887 Y-2.782
G0 X13.88 Y2.714
G0 X14.02 Y2.706
G1 F3600 X7.147 Y-4.167 E0.24246
G1 X7.077 Y-4.237
G0 F7200 X7.079 Y-4.026
G0 X7.442 Y3.931
G0 X7.429 Y4.228
;TYPE:WALL-INNER
G1 F3600 X9.964 Y4.332 E0.06329
G1 X14.284 Y4.384 E0.10777
G1 X14.168 Y2.522 E0.04654
G1 X14.092 Y-0.078 E0.06488
G1 X14.18 Y-2.533 E0.06128
G1 X14.216 Y-4.49 E0.04883
G1 X13.08 Y-4.496 E0.02834
G1 X9.901 Y-4.431 E0.07932
G1 X7.399 Y-4.332 E0.06246
G1 X4.909 Y-4.29 E0.06212
G1 X5.081 Y-0.062 E0.10556
G1 X4.981 Y2.234 E0.05733
G1 X4.98 Y4.225 E0.04967
G1 X6.74 Y4.22 E0.0439
G1 X7.429 Y4.228 E0.01719
G0 F7200 X7.413 Y4.628
;TYPE:WALL-OUTER
G1 F1800 X9.954 Y4.732 E0.06344
G1 X14.71 Y4.789 E0.11865
G1 X14.568 Y2.51 E0.05696
G1 X14.492 Y-0.064 E0.06424
G1 X14.58 Y-2.525 E0.06143
G1 X14.624 Y-4.888 E0.05896
G1 X13.072 Y-4.896 E0.03872
G1 X9.885 Y-4.831 E0.07952
G1 X7.392 Y-4.732 E0.06224
G1 X4.493 Y-4.683 E0.07233
G1 X4.681 Y-0.063 E0.11534
G1 X4.581 Y2.225 E0.05713
G1 X4.58 Y4.627 E0.05992
G1 X6.735 Y4.62 E0.05376
G1 X7.413 Y4.628 E0.01691
G0 F7200 X7.612 Y4.636
G0 X7.653 Y3.639
G1 F4200 E-3.5
;MESH:NONMESH
G0 F600 X7.653 Y3.639 Z5.3
G0 F7200 X4.801 Y3.995
G0 X3.716 Y3.995
G0 X-3.69 Y4.272
G0 X-4.753 Y4.307
G0 X-7.185 Y3.995
G0 X-7.183 Y4.13
;TIME_ELAPSED:339.462681
;LAYER:34
;TYPE:FILL
;MESH:pi 3mm_deformed_tet (6).stl
G1 F4200 E3.5
G1 F3600 X-14.054 Y-2.74 E0.24238
G1 X-14.124 Y-2.81
G0 F7200 X-13.917 Y-2.812
G0 X-13.905 Y-2.01
G0 X-13.918 Y2.742
G0 X-14.054 Y2.74
G1 F3600 X-7.213 Y-4.101 E0.24133
G1 X-7.143 Y-4.171
G0 F7200 X-7.153 Y-3.959
G0 X-7.62 Y4.002
G0 X-7.61 Y4.3
;TYPE:WALL-INNER
G1 F3600 X-4.952 Y4.241 E0.06632
G1 X-5 Y2.725 E0.03784
G1 X-4.989 Y-0.058 E0.06942
G1 X-5.02 Y-2.395 E0.0583
G1 X-4.963 Y-4.204 E0.04515
G1 X-6.829 Y-4.241 E0.04656
G1 X-9.267 Y-4.36 E0.06089
G1 X-10.045 Y-4.38 E0.01941
G1 X-13.074 Y-4.415 E0.07556
G1 X-14.235 Y-4.418 E0.02896
G1 X-14.211 Y-2.505 E0.04772
G1 X-14.112 Y0.006 E0.06269
G1 X-14.208 Y2.386 E0.05942
G1 X-14.242 Y4.441 E0.05127
G1 X-13.061 Y4.436 E0.02946
G1 X-9.905 Y4.375 E0.07874
G1 X-7.61 Y4.3 E0.05728
G0 F7200 X-7.601 Y4.7
;TYPE:WALL-OUTER
G1 F1800 X-4.539 Y4.632 E0.0764
G1 X-4.6 Y2.727 E0.04754
G1 X-4.589 Y-0.063 E0.0696
G1 X-4.62 Y-2.383 E0.05788
G1 X-4.551 Y-4.596 E0.05523
G1 X-6.809 Y-4.641 E0.05634
G1 X-9.252 Y-4.76 E0.06101
G1 X-10.04 Y-4.78 E0.01966
G1 X-13.073 Y-4.815 E0.07566
G1 X-14.641 Y-4.819 E0.03911
G1 X-14.611 Y-2.489 E0.05813
G1 X-14.512 Y0.017 E0.06256
G1 X-14.608 Y2.35 E0.05825
G1 X-14.648 Y4.843 E0.0622
G1 X-13.053 Y4.836 E0.03979
G1 X-9.892 Y4.775 E0.07887
G1 X-7.601 Y4.7 E0.05718
G0 F7200 X-7.402 Y4.696
G0 X-7.422 Y3.697
G1 F4200 E-3.5
G0 F7200 X-4.751 Y4.31
G0 X-3.687 Y4.275
G0 X3.714 Y4.307
G0 X4.779 Y4.306
G0 X7.251 Y3.924
G0 X7.249 Y4.064
;TYPE:FILL
G1 F4200 E3.5
G1 F3600 X14.028 Y-2.714 E0.23913
G1 X14.098 Y-2.784
G0 F7200 X13.893 Y-2.787
G0 X13.887 Y2.718
G0 X14.023 Y2.71
G1 F3600 X7.152 Y-4.162 E0.24241
G1 X7.082 Y-4.232
G0 F7200 X7.084 Y-4.024
G0 X7.048 Y3.922
G0 X7.044 Y4.215
;TYPE:WALL-INNER
G1 F3600 X9.968 Y4.332 E0.073
G1 X14.288 Y4.384 E0.10777
G1 X14.168 Y2.464 E0.04799
G1 X14.1 Y-.252 E0.06777
G1 X14.188 Y-2.68 E0.06061
G1 X14.22 Y-4.49 E0.04516
G1 X13.084 Y-4.495 E0.02834
G1 X9.943 Y-4.436 E0.07837
G1 X7.235 Y-4.324 E0.06761
G1 X4.906 Y-4.282 E0.05811
G1 X5.081 Y-0.062 E0.10536
G1 X4.977 Y2.361 E0.0605
G1 X4.976 Y4.221 E0.0464
G1 X7.044 Y4.215 E0.05159
G0 F7200 X7.026 Y4.615
;TYPE:WALL-OUTER
G1 F1800 X9.958 Y4.732 E0.0732
G1 X14.714 Y4.789 E0.11865
G1 X14.568 Y2.454 E0.05836
G1 X14.5 Y-.238 E0.06717
G1 X14.588 Y-2.673 E0.06078
G1 X14.628 Y-4.888 E0.05526
G1 X13.077 Y-4.895 E0.03869
G1 X9.931 Y-4.836 E0.07849
G1 X7.228 Y-4.724 E0.06748
G1 X4.489 Y-4.675 E0.06834
G1 X4.681 Y-0.063 E0.11515
G1 X4.577 Y2.353 E0.06032
G1 X4.576 Y4.623 E0.05663
G1 X7.026 Y4.615 E0.06112
G0 F7200 X7.225 Y4.622
G0 X7.238 Y3.624
G1 F4200 E-3.5
G1 F600 Z5.8
;MESH:NONMESH
G0 F7200 X7.238 Y3.624 Z5.8
G0 X-7.188 Y4.126
;TIME_ELAPSED:346.609554
;LAYER:35
;MESH:pi 3mm_deformed_tet (6).stl
G0 X-7.188 Y4.126 Z5.95
;TYPE:FILL
G1 F600 Z5.45
G1 F4200 E3.5
G1 F3600 X-14.058 Y-2.744 E0.24236
G1 X-14.128 Y-2.814
G0 F7200 X-13.921 Y-2.816
G0 X-13.922 Y2.747
G0 X-14.059 Y2.745
G1 F3600 X-7.217 Y-4.096 E0.24135
G1 X-7.147 Y-4.166
G0 F7200 X-7.157 Y-3.956
G0 X-7.458 Y3.996
G0 X-7.446 Y4.292
;TYPE:WALL-INNER
G1 F3600 X-4.948 Y4.237 E0.06233
G1 X-5 Y2.585 E0.04123
G1 X-4.989 Y-0.056 E0.06588
G1 X-5.02 Y-2.396 E0.05838
G1 X-4.96 Y-4.2 E0.04503
G1 X-6.826 Y-4.237 E0.04656
G1 X-9.443 Y-4.364 E0.06536
G1 X-10.055 Y-4.38 E0.01527
G1 X-13.078 Y-4.415 E0.07541
G1 X-14.236 Y-4.418 E0.02889
G1 X-14.215 Y-2.502 E0.0478
G1 X-14.116 Y0.008 E0.06266
G1 X-14.216 Y2.531 E0.06299
G1 X-14.246 Y4.441 E0.04765
G1 X-13.065 Y4.436 E0.02946
G1 X-9.908 Y4.375 E0.07877
G1 X-7.446 Y4.292 E0.06145
G0 F7200 X-7.437 Y4.692
;TYPE:WALL-OUTER
G1 F1800 X-4.535 Y4.628 E0.07241
G1 X-4.6 Y2.587 E0.05094
G1 X-4.589 Y-0.061 E0.06606
G1 X-4.62 Y-2.383 E0.05793
G1 X-4.547 Y-4.592 E0.05513
G1 X-6.806 Y-4.637 E0.05636
G1 X-9.428 Y-4.764 E0.06548
G1 X-10.05 Y-4.78 E0.01552
G1 X-13.077 Y-4.815 E0.07551
G1 X-14.641 Y-4.819 E0.03901
G1 X-14.615 Y-2.486 E0.0582
G1 X-14.516 Y-0.008 E0.06186
G1 X-14.616 Y2.498 E0.06256
G1 X-14.652 Y4.843 E0.0585
G1 X-13.057 Y4.836 E0.03979
G1 X-9.895 Y4.775 E0.07889
G1 X-7.437 Y4.692 E0.06135
G0 F7200 X-7.238 Y4.688
G0 X-7.259 Y3.691
G1 F4200 E-3.5
G0 F7200 X-4.747 Y4.317
G0 X-3.684 Y4.282
G0 X3.709 Y4.301
G0 X4.774 Y4.299
G0 X7.257 Y3.927
G0 X7.251 Y4.063
;TYPE:FILL
G1 F4200 E3.5
G1 F3600 X14.035 Y-2.722 E0.23934
G1 X14.105 Y-2.792
G0 F7200 X13.902 Y-2.799
G0 X13.895 Y2.725
G0 X14.031 Y2.717
G1 F3600 X7.151 Y-4.163 E0.24271
G1 X7.081 Y-4.233
G0 F7200 X7.087 Y-4.022
G0 X7.11 Y3.921
G0 X7.098 Y4.216
;TYPE:WALL-INNER
G1 F3600 X9.973 Y4.336 E0.07178
G1 X14.296 Y4.388 E0.10785
G1 X14.177 Y2.494 E0.04734
G1 X14.176 Y2.189 E0.00761
G1 X14.108 Y-.371 E0.06388
G1 X14.2 Y-2.822 E0.06118
G1 X14.229 Y-4.493 E0.04169
G1 X13.09 Y-4.496 E0.02841
G1 X9.905 Y-4.435 E0.07946
G1 X7.071 Y-4.32 E0.07075
G1 X4.9 Y-4.279 E0.05417
G1 X5.073 Y-0.062 E0.10528
G1 X4.968 Y2.353 E0.0603
G1 X4.971 Y4.219 E0.04655
G1 X7.098 Y4.216 E0.05306
G0 F7200 X7.081 Y4.616
;TYPE:WALL-OUTER
G1 F1800 X9.962 Y4.736 E0.07193
G1 X14.722 Y4.793 E0.11875
G1 X14.576 Y2.456 E0.05841
G1 X14.576 Y2.179 E0.00691
G1 X14.508 Y-.356 E0.06326
G1 X14.6 Y-2.815 E0.06138
G1 X14.636 Y-4.892 E0.05182
G1 X13.083 Y-4.896 E0.03874
G1 X9.889 Y-4.835 E0.07969
G1 X7.064 Y-4.72 E0.07053
G1 X4.484 Y-4.669 E0.06437
G1 X4.673 Y-0.063 E0.11499
G1 X4.568 Y2.345 E0.06012
G1 X4.572 Y4.619 E0.05673
G1 X7.081 Y4.616 E0.06259
G0 F7200 X7.28 Y4.624
G0 X7.321 Y3.629
G1 F4200 E-3.5
;MESH:NONMESH
G0 F600 X7.321 Y3.629 Z5.6
G0 F7200 X4.774 Y3.966
G0 X3.709 Y3.968
G0 X-3.685 Y4.24
G0 X-4.749 Y4.275
G0 X-7.19 Y3.989
G0 X-7.188 Y4.125
;TIME_ELAPSED:353.729871
;LAYER:36
;TYPE:FILL
;MESH:pi 3mm_deformed_tet (6).stl
G1 F4200 E3.5
G1 F3600 X-14.065 Y-2.751 E0.24259
G1 X-14.135 Y-2.821
G0 F7200 X-13.928 Y-2.823
G0 X-13.901 Y-1.215
G0 X-13.931 Y2.758
G0 X-14.069 Y2.756
G1 F3600 X-7.221 Y-4.093 E0.2416
G1 X-7.151 Y-4.163
G0 F7200 X-7.161 Y-3.953
G0 X-7.297 Y3.989
G0 X-7.287 Y4.288
;TYPE:WALL-INNER
G1 F3600 X-4.945 Y4.23 E0.05844
G1 X-5.004 Y2.452 E0.04438
G1 X-4.989 Y-0.057 E0.06259
G1 X-5.02 Y-2.397 E0.05838
G1 X-4.957 Y-4.193 E0.04483
G1 X-6.819 Y-4.233 E0.04646
G1 X-9.612 Y-4.372 E0.06976
G1 X-13.083 Y-4.415 E0.08659
G1 X-14.244 Y-4.418 E0.02896
G1 X-14.223 Y-2.584 E0.04575
G1 X-14.12 Y0.006 E0.06466
G1 X-14.228 Y2.657 E0.06618
G1 X-14.255 Y4.441 E0.04451
G1 X-13.072 Y4.436 E0.02951
G1 X-9.914 Y4.372 E0.07879
G1 X-7.287 Y4.288 E0.06556
G0 F7200 X-7.277 Y4.688
;TYPE:WALL-OUTER
G1 F1800 X-4.531 Y4.62 E0.06852
G1 X-4.604 Y2.454 E0.05406
G1 X-4.589 Y-0.062 E0.06276
G1 X-4.62 Y-2.383 E0.0579
G1 X-4.543 Y-4.584 E0.05494
G1 X-6.799 Y-4.633 E0.05629
G1 X-9.599 Y-4.772 E0.06993
G1 X-13.082 Y-4.815 E0.08689
G1 X-14.649 Y-4.819 E0.03909
G1 X-14.623 Y-2.568 E0.05616
G1 X-14.52 Y0.017 E0.06453
G1 X-14.628 Y2.646 E0.06564
G1 X-14.661 Y4.843 E0.05481
G1 X-13.064 Y4.836 E0.03984
G1 X-9.902 Y4.772 E0.07889
G1 X-7.277 Y4.688 E0.06551
G0 F7200 X-7.078 Y4.684
G0 X-7.1 Y3.684
G1 F4200 E-3.5
G0 F7200 X-4.744 Y4.318
G0 X-3.681 Y4.283
G0 X3.707 Y4.314
G0 X4.772 Y4.313
G0 X7.255 Y3.928
G0 X7.249 Y4.065
;TYPE:FILL
G1 F4200 E3.5
G1 F3600 X14.035 Y-2.721 E0.23939
G1 X14.105 Y-2.791
G0 F7200 X13.904 Y-2.802
G0 X13.902 Y2.735
G0 X14.04 Y2.727
G1 F3600 X7.152 Y-4.162 E0.24301
G1 X7.082 Y-4.232
G0 F7200 X7.09 Y-4.022
G0 X6.946 Y3.915
G0 X6.933 Y4.212
;TYPE:WALL-INNER
G1 F3600 X9.976 Y4.336 E0.07597
G1 X14.307 Y4.388 E0.10805
G1 X14.185 Y2.495 E0.04732
G1 X14.183 Y2.039 E0.01138
G1 X14.116 Y-.509 E0.06358
G1 X14.189 Y-2.617 E0.05262
G1 X14.212 Y-2.958 E0.00853
G1 X14.237 Y-4.494 E0.03832
G1 X13.096 Y-4.5 E0.02846
G1 X9.91 Y-4.435 E0.07949
G1 X6.902 Y-4.312 E0.0751
G1 X4.896 Y-4.271 E0.05005
G1 X5.064 Y-0.038 E0.10568
G1 X4.961 Y2.342 E0.05942
G1 X4.971 Y4.212 E0.04665
G1 X6.933 Y4.212 E0.04894
G0 F7200 X6.917 Y4.612
;TYPE:WALL-OUTER
G1 F1800 X9.966 Y4.736 E0.07612
G1 X14.734 Y4.793 E0.11895
G1 X14.584 Y2.456 E0.05842
G1 X14.583 Y2.029 E0.01065
G1 X14.516 Y-.495 E0.06298
G1 X14.588 Y-2.59 E0.05229
G1 X14.612 Y-2.941 E0.00878
G1 X14.644 Y-4.892 E0.04867
G1 X13.088 Y-4.9 E0.03882
G1 X9.894 Y-4.835 E0.07969
G1 X6.896 Y-4.712 E0.07485
G1 X4.48 Y-4.661 E0.06028
G1 X4.664 Y-0.055 E0.11499
G1 X4.561 Y2.338 E0.05975
G1 X4.572 Y4.612 E0.05673
G1 X6.917 Y4.612 E0.0585
G0 F7200 X7.116 Y4.62
G0 X7.157 Y3.623
G1 F4200 E-3.5
G1 F600 Z6.1
;MESH:NONMESH
G0 F7200 X7.157 Y3.623 Z6.1
G0 X-7.192 Y4.122
;TIME_ELAPSED:360.878217
;LAYER:37
;MESH:pi 3mm_deformed_tet (6).stl
G0 X-7.192 Y4.122 Z6.25
;TYPE:FILL
G1 F600 Z5.75
G1 F4200 E3.5
G1 F3600 X-14.076 Y-2.762 E0.24285
G1 X-14.146 Y-2.832
G0 F7200 X-13.939 Y-2.834
G0 X-13.909 Y-1.22
G0 X-13.941 Y2.774
G0 X-14.078 Y2.764
G1 F3600 X-7.225 Y-4.089 E0.24176
G1 X-7.155 Y-4.159
G0 F7200 X-7.165 Y-3.949
G0 X-7.136 Y3.983
G0 X-7.124 Y4.28
;TYPE:WALL-INNER
G1 F3600 X-4.945 Y4.223 E0.05437
G1 X-5.004 Y2.444 E0.0444
G1 X-4.989 Y-0.055 E0.06234
G1 X-5.02 Y-2.392 E0.0583
G1 X-4.96 Y-4.186 E0.04478
G1 X-6.819 Y-4.229 E0.04639
G1 X-9.787 Y-4.376 E0.07413
G1 X-13.087 Y-4.415 E0.08232
G1 X-14.256 Y-4.418 E0.02916
G1 X-14.235 Y-2.731 E0.04209
G1 X-14.123 Y0.006 E0.06833
G1 X-14.24 Y2.809 E0.06998
G1 X-14.266 Y4.441 E0.04072
G1 X-13.076 Y4.436 E0.02968
G1 X-9.917 Y4.372 E0.07882
G1 X-7.124 Y4.28 E0.06971
G0 F7200 X-7.114 Y4.68
;TYPE:WALL-OUTER
G1 F1800 X-4.531 Y4.613 E0.06445
G1 X-4.604 Y2.446 E0.05409
G1 X-4.589 Y-0.06 E0.06251
G1 X-4.62 Y-2.379 E0.05785
G1 X-4.547 Y-4.576 E0.05483
G1 X-6.799 Y-4.629 E0.05619
G1 X-9.775 Y-4.776 E0.07433
G1 X-13.086 Y-4.815 E0.0826
G1 X-14.661 Y-4.819 E0.03929
G1 X-14.635 Y-2.715 E0.05249
G1 X-14.523 Y0.007 E0.06796
G1 X-14.64 Y2.793 E0.06956
G1 X-14.672 Y4.843 E0.05114
G1 X-13.068 Y4.836 E0.04001
G1 X-9.904 Y4.772 E0.07894
G1 X-7.114 Y4.68 E0.06963
G0 F7200 X-6.915 Y4.675
G0 X-6.939 Y3.677
G1 F4200 E-3.5
G1 F600 Z6.25
G0 F7200 X-6.937 Y3.677 Z6.25
G0 X7.249 Y4.065
;TYPE:FILL
G1 F600 Z5.75
G1 F4200 E3.5
G1 F3600 X14.039 Y-2.725 E0.23954
G1 X14.109 Y-2.795
G0 F7200 X13.907 Y-2.806
G0 X13.91 Y2.742
G0 X14.047 Y2.734
G1 F3600 X7.149 Y-4.165 E0.24336
G1 X7.079 Y-4.235
G0 F7200 X7.087 Y-4.023
G0 X6.754 Y3.909
G0 X6.741 Y4.204
;TYPE:WALL-INNER
G1 F3600 X9.98 Y4.336 E0.08086
G1 X14.315 Y4.391 E0.10815
G1 X14.193 Y2.495 E0.04739
G1 X14.191 Y1.893 E0.01502
G1 X14.124 Y-.653 E0.06353
G1 X14.193 Y-2.61 E0.04885
G1 X14.22 Y-3.099 E0.01222
G1 X14.245 Y-4.497 E0.03488
G1 X13.106 Y-4.5 E0.02841
G1 X10.001 Y-4.442 E0.07747
G1 X6.744 Y-4.308 E0.08131
G1 X4.888 Y-4.26 E0.04631
G1 X5.052 Y-0.038 E0.1054
G1 X4.953 Y2.337 E0.0593
G1 X4.964 Y2.802 E0.0116
G1 X4.967 Y4.207 E0.03505
G1 X6.741 Y4.204 E0.04425
G0 F7200 X6.725 Y4.604
;TYPE:WALL-OUTER
G1 F1800 X9.97 Y4.736 E0.08101
G1 X14.742 Y4.797 E0.11905
G1 X14.592 Y2.456 E0.05852
G1 X14.591 Y1.883 E0.01429
G1 X14.524 Y-.639 E0.06293
G1 X14.592 Y-2.588 E0.04865
G1 X14.62 Y-3.084 E0.01239
G1 X14.652 Y-4.896 E0.04521
G1 X13.099 Y-4.9 E0.03874
G1 X9.993 Y-4.842 E0.07749
G1 X6.734 Y-4.708 E0.08136
G1 X4.472 Y-4.649 E0.05645
G1 X4.652 Y-0.055 E0.11469
G1 X4.553 Y2.334 E0.05964
G1 X4.564 Y2.803 E0.0117
G1 X4.568 Y4.607 E0.045
G1 X6.725 Y4.604 E0.05381
G0 F7200 X6.924 Y4.612
G0 X6.965 Y3.617
G1 F4200 E-3.5
;MESH:NONMESH
G0 F600 X6.965 Y3.617 Z5.9
G0 F7200 X4.768 Y3.977
G0 X3.703 Y3.978
G0 X-3.679 Y4.26
G0 X-4.743 Y4.296
G0 X-7.192 Y3.984
G0 X-7.188 Y4.125
;TIME_ELAPSED:367.977206
;LAYER:38
;TYPE:FILL
;MESH:pi 3mm_deformed_tet (6).stl
G1 F4200 E3.5
G1 F3600 X-14.083 Y-2.769 E0.24322
G1 X-14.153 Y-2.839
G0 F7200 X-13.949 Y-2.847
G0 X-13.917 Y-1.226
G0 X-13.944 Y2.779
G0 X-14.083 Y2.769
G1 F3600 X-7.228 Y-4.086 E0.24183
G1 X-7.158 Y-4.156
G0 F7200 X-7.168 Y-3.945
G0 X-5.303 Y2.437
G0 X-5.004 Y2.439
;TYPE:WALL-INNER
G1 F3600 X-4.989 Y-0.053 E0.06216
G1 X-5.02 Y-2.388 E0.05825
G1 X-4.96 Y-4.179 E0.0447
G1 X-6.821 Y-4.226 E0.04644
G1 X-9.963 Y-4.38 E0.07847
G1 X-14.264 Y-4.42 E0.10729
G1 X-14.247 Y-2.879 E0.03844
G1 X-14.132 Y0.031 E0.07265
G1 X-14.229 Y2.575 E0.06351
G1 X-14.256 Y2.954 E0.00948
G1 X-14.276 Y4.443 E0.03715
G1 X-13.082 Y4.436 E0.02978
G1 X-9.918 Y4.372 E0.07894
G1 X-4.948 Y4.215 E0.12404
G1 X-5.004 Y2.439 E0.04432
G0 F7200 X-5.303 Y2.437
G0 X-13.93 Y2.573
G0 X-14.628 Y2.547
;TYPE:WALL-OUTER
G1 F1800 X-14.656 Y2.937 E0.00975
G1 X-14.681 Y4.846 E0.04762
G1 X-13.074 Y4.836 E0.04009
G1 X-9.906 Y4.772 E0.07904
G1 X-4.535 Y4.602 E0.13405
G1 X-4.604 Y2.442 E0.05391
G1 X-4.589 Y-0.058 E0.06236
G1 X-4.62 Y-2.375 E0.0578
G1 X-4.547 Y-4.569 E0.05476
G1 X-6.801 Y-4.626 E0.05624
G1 X-9.951 Y-4.78 E0.07867
G1 X-13.087 Y-4.815 E0.07823
G1 X-14.669 Y-4.822 E0.03946
G1 X-14.647 Y-2.863 E0.04887
G1 X-14.532 Y0.016 E0.07187
G1 X-14.628 Y2.547 E0.06318
G0 F7200 X-14.642 Y2.746
G0 X-13.647 Y2.819
G1 F4200 E-3.5
G0 F7200 X-4.746 Y4.304
G0 X-3.682 Y4.27
G0 X3.698 Y4.304
G0 X4.783 Y4.304
G0 X7.257 Y3.926
G0 X7.251 Y4.062
;TYPE:FILL
G1 F4200 E3.5
G1 F3600 X14.042 Y-2.729 E0.23957
G1 X14.112 Y-2.799
G0 F7200 X13.91 Y-2.81
G0 X13.918 Y2.751
G0 X14.057 Y2.743
G1 F3600 X7.153 Y-4.161 E0.24356
G1 X7.083 Y-4.231
G0 F7200 X7.091 Y-4.018
G0 X6.754 Y3.905
G0 X6.741 Y4.2
;TYPE:WALL-INNER
G1 F3600 X9.985 Y4.336 E0.08099
G1 X14.323 Y4.391 E0.10822
G1 X14.201 Y2.499 E0.04729
G1 X14.199 Y1.743 E0.01886
G1 X14.132 Y-.798 E0.06341
G1 X14.197 Y-2.614 E0.04533
G1 X14.232 Y-3.239 E0.01562
G1 X14.253 Y-4.498 E0.03141
G1 X13.112 Y-4.503 E0.02846
G1 X9.976 Y-4.44 E0.07824
G1 X9.753 Y-4.424 E0.00558
G1 X6.556 Y-4.296 E0.07981
G1 X4.883 Y-4.252 E0.04175
G1 X5.045 Y-0.062 E0.1046
G1 X4.945 Y2.329 E0.0597
G1 X4.96 Y2.952 E0.01555
G1 X4.96 Y4.2 E0.03113
G1 X6.741 Y4.2 E0.04443
G0 F7200 X6.725 Y4.6
;TYPE:WALL-OUTER
G1 F1800 X9.974 Y4.736 E0.08112
G1 X14.75 Y4.797 E0.11915
G1 X14.6 Y2.46 E0.05842
G1 X14.599 Y1.733 E0.01814
G1 X14.532 Y-.784 E0.06281
G1 X14.596 Y-2.592 E0.04513
G1 X14.632 Y-3.224 E0.01579
G1 X14.66 Y-4.896 E0.04171
G1 X13.104 Y-4.903 E0.03881
G1 X9.958 Y-4.84 E0.07849
G1 X9.737 Y-4.824 E0.00553
G1 X6.546 Y-4.696 E0.07966
G1 X4.468 Y-4.641 E0.05185
G1 X4.645 Y-0.063 E0.11428
G1 X4.545 Y2.326 E0.05965
G1 X4.56 Y2.952 E0.01562
G1 X4.56 Y4.6 E0.04111
G1 X6.725 Y4.6 E0.05401
G0 F7200 X6.924 Y4.608
G0 X6.966 Y3.613
G1 F4200 E-3.5
;MESH:NONMESH
G0 F600 X6.966 Y3.613 Z6.05
G0 F7200 X4.783 Y3.988
G0 X3.698 Y3.988
G0 X-3.682 Y4.254
G0 X-4.746 Y4.288
G0 X-7.197 Y3.988
G0 X-7.193 Y4.121
;TIME_ELAPSED:375.336363
;LAYER:39
;TYPE:FILL
;MESH:pi 3mm_deformed_tet (6).stl
G1 F4200 E3.5
G1 F3600 X-14.078 Y-2.765 E0.2429
G1 X-14.148 Y-2.835
G0 F7200 X-13.947 Y-2.849
G0 X-13.919 Y-1.226
G0 X-13.949 Y2.783
G0 X-14.086 Y2.773
G1 F3600 X-7.23 Y-4.084 E0.24188
G1 X-7.16 Y-4.154
G0 F7200 X-7.17 Y-3.943
G0 X-13.935 Y2.595
G0 X-14.233 Y2.573
;TYPE:WALL-INNER
G1 F3600 X-14.268 Y3.097 E0.0131
G1 X-14.287 Y4.444 E0.0336
G1 X-12.957 Y4.435 E0.03318
G1 X-9.921 Y4.372 E0.07575
G1 X-4.947 Y4.207 E0.12415
G1 X-5 Y2.437 E0.04417
G1 X-4.989 Y-0.044 E0.06189
G1 X-5.016 Y-2.388 E0.05848
G1 X-4.96 Y-4.169 E0.04445
G1 X-6.814 Y-4.222 E0.04627
G1 X-10.051 Y-4.38 E0.08084
G1 X-13.093 Y-4.415 E0.07589
G1 X-14.276 Y-4.42 E0.02951
G1 X-14.26 Y-3.057 E0.034
G1 X-14.225 Y-2.554 E0.01258
G1 X-14.215 Y-1.948 E0.01512
G1 X-14.136 Y0.007 E0.04881
G1 X-14.233 Y2.573 E0.06405
G0 F7200 X-14.632 Y2.546
;TYPE:WALL-OUTER
G1 F1800 X-14.668 Y3.081 E0.01338
G1 X-14.693 Y4.846 E0.04403
G1 X-12.949 Y4.835 E0.04351
G1 X-9.908 Y4.772 E0.07587
G1 X-4.535 Y4.594 E0.1341
G1 X-4.6 Y2.439 E0.05378
G1 X-4.589 Y-0.048 E0.06204
G1 X-4.616 Y-2.375 E0.05805
G1 X-4.547 Y-4.558 E0.05448
G1 X-6.794 Y-4.622 E0.05607
G1 X-10.039 Y-4.78 E0.08104
G1 X-13.091 Y-4.815 E0.07614
G1 X-14.681 Y-4.822 E0.03966
G1 X-14.66 Y-3.041 E0.04443
G1 X-14.624 Y-2.515 E0.01315
G1 X-14.615 Y-1.932 E0.01454
G1 X-14.536 Y0.017 E0.04866
G1 X-14.632 Y2.546 E0.06313
G0 F7200 X-14.645 Y2.745
G0 X-13.65 Y2.816
G1 F4200 E-3.5
G0 F7200 X-4.746 Y4.303
G0 X-3.682 Y4.269
G0 X3.695 Y4.303
G0 X4.78 Y4.303
G0 X7.254 Y3.93
G0 X7.248 Y4.066
;TYPE:FILL
G1 F4200 E3.5
G1 F3600 X14.046 Y-2.732 E0.23982
G1 X14.116 Y-2.802
G0 F7200 X13.913 Y-2.813
G0 X13.925 Y2.758
G0 X14.064 Y2.75
G1 F3600 X7.162 Y-4.152 E0.24349
G1 X7.092 Y-4.222
G0 F7200 X7.1 Y-4.013
G0 X7.105 Y3.924
G0 X7.085 Y4.22
;TYPE:WALL-INNER
G1 F3600 X9.989 Y4.336 E0.0725
G1 X14.326 Y4.394 E0.1082
G1 X14.209 Y2.497 E0.04741
G1 X14.207 Y1.593 E0.02255
G1 X14.14 Y-.942 E0.06326
G1 X14.201 Y-2.614 E0.04174
G1 X14.244 Y-3.383 E0.01921
G1 X14.264 Y-4.501 E0.02789
G1 X13.228 Y-4.503 E0.02584
G1 X9.986 Y-4.444 E0.08089
G1 X9.581 Y-4.412 E0.01013
G1 X6.363 Y-4.28 E0.08034
G1 X4.873 Y-4.243 E0.03718
G1 X4.952 Y-2.478 E0.04407
G1 X5.036 Y-0.042 E0.0608
G1 X4.937 Y2.324 E0.05907
G1 X4.96 Y3.1 E0.01937
G1 X4.96 Y4.196 E0.02734
G1 X6.755 Y4.197 E0.04478
G1 X7.085 Y4.22 E0.00825
G0 F7200 X7.063 Y4.62
;TYPE:WALL-OUTER
G1 F1800 X9.978 Y4.736 E0.07277
G1 X14.756 Y4.8 E0.1192
G1 X14.608 Y2.46 E0.05849
G1 X14.607 Y1.583 E0.02188
G1 X14.54 Y-.928 E0.06266
G1 X14.6 Y-2.592 E0.04154
G1 X14.644 Y-3.368 E0.01939
G1 X14.672 Y-4.9 E0.03822
G1 X13.221 Y-4.903 E0.0362
G1 X9.966 Y-4.844 E0.08121
G1 X9.565 Y-4.812 E0.01003
G1 X6.353 Y-4.68 E0.08019
G1 X4.462 Y-4.633 E0.04719
G1 X4.476 Y-4.12 E0.0128
G1 X4.552 Y-2.464 E0.04135
G1 X4.636 Y-0.059 E0.06003
G1 X4.537 Y2.322 E0.05945
G1 X4.56 Y3.1 E0.01942
G1 X4.56 Y4.596 E0.03732
G1 X6.727 Y4.596 E0.05406
G1 X7.063 Y4.62 E0.0084
G0 F7200 X7.262 Y4.627
G0 X7.303 Y3.632
G1 F4200 E-3.5
;MESH:NONMESH
G0 F600 X7.303 Y3.632 Z6.2
G0 F7200 X4.78 Y3.984
G0 X3.695 Y3.984
G0 X-3.682 Y4.246
G0 X-4.746 Y4.28
G0 X-7.2 Y3.984
G0 X-7.196 Y4.117
;TIME_ELAPSED:382.575513
;LAYER:40
;TYPE:FILL
;MESH:pi 3mm_deformed_tet (6).stl
G1 F4200 E3.5
G1 F3600 X-14.082 Y-2.768 E0.2429
G1 X-14.152 Y-2.838
G0 F7200 X-13.949 Y-2.852
G0 X-13.937 Y-2.04
G0 X-13.952 Y2.785
G0 X-14.088 Y2.775
G1 F3600 X-7.237 Y-4.076 E0.24169
G1 X-7.167 Y-4.146
G0 F7200 X-7.177 Y-3.939
G0 X-13.113 Y4.14
G0 X-13.096 Y4.436
;TYPE:WALL-INNER
G1 F3600 X-9.927 Y4.368 E0.07907
G1 X-4.948 Y4.204 E0.12427
G1 X-5 Y2.429 E0.0443
G1 X-4.989 Y-0.043 E0.06166
G1 X-5.016 Y-2.385 E0.05843
G1 X-4.958 Y-4.158 E0.04425
G1 X-6.561 Y-4.204 E0.04
G1 X-10.286 Y-4.384 E0.09303
G1 X-14.289 Y-4.421 E0.09986
G1 X-14.276 Y-3.203 E0.03038
G1 X-14.223 Y-2.519 E0.01711
G1 X-14.215 Y-1.781 E0.01841
G1 X-14.144 Y0.007 E0.04464
G1 X-14.214 Y1.804 E0.04486
G1 X-14.233 Y2.573 E0.01919
G1 X-14.284 Y3.247 E0.01686
G1 X-14.302 Y4.446 E0.02991
G1 X-13.096 Y4.436 E0.03008
G0 F7200 X-13.088 Y4.836
;TYPE:WALL-OUTER
G1 F1800 X-9.914 Y4.768 E0.07919
G1 X-4.536 Y4.59 E0.13423
G1 X-4.6 Y2.431 E0.05388
G1 X-4.589 Y-0.047 E0.06181
G1 X-4.616 Y-2.371 E0.05798
G1 X-4.542 Y-4.549 E0.05436
G1 X-6.542 Y-4.604 E0.04991
G1 X-10.274 Y-4.784 E0.0932
G1 X-13.108 Y-4.816 E0.0707
G1 X-14.693 Y-4.823 E0.03954
G1 X-14.676 Y-3.185 E0.04086
G1 X-14.623 Y-2.515 E0.01677
G1 X-14.615 Y-1.765 E0.01871
G1 X-14.544 Y0.017 E0.04449
G1 X-14.616 Y1.84 E0.04551
G1 X-14.632 Y2.543 E0.01754
G1 X-14.684 Y3.229 E0.01716
G1 X-14.708 Y4.85 E0.04044
G1 X-13.088 Y4.836 E0.04041
G0 F7200 X-12.889 Y4.832
G0 X-12.909 Y3.835
G1 F4200 E-3.5
G0 F7200 X-4.767 Y4.199
G0 X-3.684 Y4.161
G0 X3.691 Y4.199
G0 X4.776 Y4.199
G0 X7.256 Y3.93
G0 X7.246 Y4.067
;TYPE:FILL
G1 F4200 E3.5
G1 F3600 X14.047 Y-2.733 E0.23991
G1 X14.117 Y-2.803
G0 F7200 X13.916 Y-2.814
G0 X13.932 Y2.763
G0 X14.069 Y2.755
G1 F3600 X7.164 Y-4.149 E0.24357
G1 X7.094 Y-4.219
G0 F7200 X7.101 Y-4.014
G0 X7.283 Y3.932
G0 X7.262 Y4.228
;TYPE:WALL-INNER
G1 F3600 X9.993 Y4.34 E0.06818
G1 X14.333 Y4.394 E0.10827
G1 X14.213 Y2.498 E0.04739
G1 X14.211 Y1.445 E0.02627
G1 X14.148 Y-1.081 E0.06303
G1 X14.201 Y-2.617 E0.03834
G1 X14.256 Y-3.524 E0.02267
G1 X14.273 Y-4.501 E0.02438
G1 X13.369 Y-4.503 E0.02255
G1 X9.99 Y-4.444 E0.0843
G1 X9.409 Y-4.404 E0.01453
G1 X6.177 Y-4.268 E0.08069
G1 X4.868 Y-4.232 E0.03267
G1 X4.944 Y-2.474 E0.04389
G1 X5.029 Y-0.065 E0.06013
G1 X4.929 Y2.316 E0.05945
G1 X4.956 Y3.252 E0.02336
G1 X4.956 Y4.192 E0.02345
G1 X6.754 Y4.193 E0.04485
G1 X7.262 Y4.228 E0.0127
G0 F7200 X7.24 Y4.628
;TYPE:WALL-OUTER
G1 F1800 X9.982 Y4.74 E0.06846
G1 X14.764 Y4.8 E0.1193
G1 X14.612 Y2.46 E0.05849
G1 X14.611 Y1.435 E0.02557
G1 X14.548 Y-1.067 E0.06243
G1 X14.6 Y-2.593 E0.03809
G1 X14.656 Y-3.508 E0.02287
G1 X14.68 Y-4.9 E0.03473
G1 X13.363 Y-4.903 E0.03285
G1 X9.973 Y-4.844 E0.08458
G1 X9.393 Y-4.804 E0.0145
G1 X6.166 Y-4.668 E0.08057
G1 X4.455 Y-4.621 E0.0427
G1 X4.544 Y-2.46 E0.05395
G1 X4.629 Y-0.067 E0.05973
G1 X4.529 Y2.314 E0.05945
G1 X4.556 Y3.252 E0.02341
G1 X4.556 Y4.592 E0.03343
G1 X6.726 Y4.592 E0.05413
G1 X7.24 Y4.628 E0.01285
G0 F7200 X7.439 Y4.636
G0 X7.48 Y3.64
G1 F4200 E-3.5
;MESH:NONMESH
G0 F600 X7.48 Y3.64 Z6.35
G0 F7200 X4.776 Y3.978
G0 X3.691 Y3.978
G0 X-3.684 Y4.161
G0 X-4.767 Y4.199
G0 X-7.201 Y3.978
G0 X-7.197 Y4.117
;TIME_ELAPSED:389.764201
;LAYER:41
;TYPE:FILL
;MESH:pi 3mm_deformed_tet (6).stl
G1 F4200 E3.5
G1 F3600 X-14.082 Y-2.768 E0.24289
G1 X-14.152 Y-2.838
G0 F7200 X-13.95 Y-2.852
G0 X-13.939 Y-2.04
G0 X-13.956 Y2.788
G0 X-14.092 Y2.778
G1 F3600 X-7.24 Y-4.074 E0.24172
G1 X-7.17 Y-4.144
G0 F7200 X-7.18 Y-3.934
G0 X-13.123 Y4.14
G0 X-13.107 Y4.436
;TYPE:WALL-INNER
G1 F3600 X-9.864 Y4.362 E0.08092
G1 X-6.752 Y4.262 E0.07767
G1 X-6.428 Y4.24 E0.0081
G1 X-4.945 Y4.191 E0.03701
G1 X-5 Y2.395 E0.04482
G1 X-4.989 Y-0.043 E0.06082
G1 X-5.016 Y-2.381 E0.05833
G1 X-4.948 Y-4.15 E0.04416
G1 X-6.369 Y-4.192 E0.03546
G1 X-10.446 Y-4.388 E0.10182
G1 X-14.298 Y-4.424 E0.09609
G1 X-14.288 Y-3.351 E0.02677
G1 X-14.225 Y-2.556 E0.01989
G1 X-14.216 Y-1.66 E0.02235
G1 X-14.147 Y0.007 E0.04162
G1 X-14.216 Y1.695 E0.04214
G1 X-14.237 Y2.572 E0.02188
G1 X-14.296 Y3.391 E0.02048
G1 X-14.313 Y4.446 E0.02632
G1 X-13.107 Y4.436 E0.03008
G0 F7200 X-13.099 Y4.836
;TYPE:WALL-OUTER
G1 F1800 X-9.852 Y4.762 E0.08102
G1 X-6.766 Y4.664 E0.07702
G1 X-6.415 Y4.64 E0.00878
G1 X-4.523 Y4.578 E0.04722
G1 X-4.552 Y4.042 E0.01339
G1 X-4.6 Y2.397 E0.04105
G1 X-4.589 Y-0.047 E0.06097
G1 X-4.616 Y-2.367 E0.05788
G1 X-4.56 Y-3.988 E0.04046
G1 X-4.516 Y-4.538 E0.01376
G1 X-6.35 Y-4.592 E0.04577
G1 X-10.434 Y-4.788 E0.10199
G1 X-14.702 Y-4.826 E0.10647
G1 X-14.688 Y-3.333 E0.03724
G1 X-14.624 Y-2.524 E0.02024
G1 X-14.616 Y-1.65 E0.0218
G1 X-14.547 Y0.007 E0.04137
G1 X-14.616 Y1.659 E0.04125
G1 X-14.636 Y2.543 E0.02206
G1 X-14.696 Y3.373 E0.02076
G1 X-14.72 Y4.85 E0.03685
G1 X-13.099 Y4.836 E0.04044
G0 F7200 X-12.9 Y4.832
G0 X-12.921 Y3.835
G1 F4200 E-3.5
G0 F7200 X-4.771 Y4.059
G0 X-3.688 Y4.021
G0 X3.688 Y4.059
G0 X4.773 Y4.059
G0 X7.26 Y3.925
G0 X7.251 Y4.062
;TYPE:FILL
G1 F4200 E3.5
G1 F3600 X14.051 Y-2.737 E0.23987
G1 X14.121 Y-2.807
G0 F7200 X13.92 Y-2.818
G0 X13.94 Y2.772
G0 X14.078 Y2.764
G1 F3600 X7.165 Y-4.149 E0.24387
G1 X7.095 Y-4.219
G0 F7200 X7.102 Y-4.01
G0 X7.457 Y3.939
G0 X7.437 Y4.236
;TYPE:WALL-INNER
G1 F3600 X9.997 Y4.34 E0.06391
G1 X14.345 Y4.398 E0.10847
G1 X14.221 Y2.502 E0.0474
G1 X14.219 Y1.299 E0.03001
G1 X14.156 Y-1.225 E0.06298
G1 X14.205 Y-2.614 E0.03467
G1 X14.264 Y-3.678 E0.02658
G1 X14.279 Y-4.503 E0.02058
G1 X13.443 Y-4.502 E0.02085
G1 X9.998 Y-4.444 E0.08595
G1 X9.236 Y-4.392 E0.01905
G1 X6.716 Y-4.292 E0.06291
G1 X5.984 Y-4.252 E0.01829
G1 X4.864 Y-4.223 E0.02795
G1 X4.936 Y-2.466 E0.04387
G1 X5.02 Y-0.042 E0.0605
G1 X4.921 Y2.312 E0.05877
G1 X4.952 Y3.4 E0.02715
G1 X4.952 Y4.188 E0.01966
G1 X6.75 Y4.189 E0.04485
G1 X7.437 Y4.236 E0.01718
G0 F7200 X7.415 Y4.636
;TYPE:WALL-OUTER
G1 F1800 X9.986 Y4.74 E0.06419
G1 X14.776 Y4.804 E0.1195
G1 X14.712 Y3.937 E0.02169
G1 X14.62 Y2.464 E0.03682
G1 X14.619 Y1.289 E0.02931
G1 X14.556 Y-1.211 E0.06238
G1 X14.604 Y-2.592 E0.03447
G1 X14.664 Y-3.648 E0.02638
G1 X14.687 Y-4.903 E0.03131
G1 X13.437 Y-4.902 E0.03118
G1 X9.981 Y-4.844 E0.08622
G1 X9.22 Y-4.792 E0.01903
G1 X6.694 Y-4.692 E0.06306
G1 X5.974 Y-4.652 E0.01799
G1 X4.451 Y-4.613 E0.038
G1 X4.62 Y-0.059 E0.11368
G1 X4.521 Y2.31 E0.05915
G1 X4.552 Y3.4 E0.0272
G1 X4.552 Y4.588 E0.02963
G1 X6.722 Y4.588 E0.05413
G1 X7.415 Y4.636 E0.01733
G0 F7200 X7.614 Y4.644
G0 X7.655 Y3.647
G1 F4200 E-3.5
;MESH:NONMESH
G0 F600 X7.655 Y3.647 Z6.5
G0 F7200 X4.773 Y3.978
G0 X3.688 Y3.978
G0 X-3.688 Y4.021
G0 X-4.771 Y4.059
G0 X-7.204 Y3.978
G0 X-7.2 Y4.114
;TIME_ELAPSED:396.958240
;LAYER:42
;TYPE:FILL
;MESH:pi 3mm_deformed_tet (6).stl
G1 F4200 E3.5
G1 F3600 X-14.085 Y-2.771 E0.24289
G1 X-14.155 Y-2.841
G0 F7200 X-13.952 Y-2.855
G0 X-13.96 Y2.793
G0 X-14.097 Y2.783
G1 F3600 X-7.244 Y-4.069 E0.24174
G1 X-7.174 Y-4.139
G0 F7200 X-7.183 Y-3.937
G0 X-13.122 Y4.141
G0 X-13.106 Y4.439
;TYPE:WALL-INNER
G1 F3600 X-12.677 Y4.42 E0.01071
G1 X-9.929 Y4.364 E0.06856
G1 X-6.755 Y4.259 E0.07922
G1 X-6.239 Y4.224 E0.0129
G1 X-4.942 Y4.183 E0.03237
G1 X-5 Y2.392 E0.0447
G1 X-4.989 Y-0.043 E0.06074
G1 X-5.016 Y-2.378 E0.05825
G1 X-4.954 Y-4.141 E0.04401
G1 X-6.185 Y-4.176 E0.03072
G1 X-6.815 Y-4.214 E0.01574
G1 X-10.603 Y-4.388 E0.09459
G1 X-13.433 Y-4.423 E0.0706
G1 X-14.309 Y-4.425 E0.02185
G1 X-14.3 Y-3.498 E0.02313
G1 X-14.229 Y-2.553 E0.02364
G1 X-14.215 Y-1.465 E0.02714
G1 X-14.156 Y0.007 E0.03675
G1 X-14.214 Y1.492 E0.03707
G1 X-14.241 Y2.572 E0.02695
G1 X-14.312 Y3.535 E0.02409
G1 X-14.326 Y4.447 E0.02275
G1 X-13.106 Y4.439 E0.03043
G0 F7200 X-13.088 Y4.839
;TYPE:WALL-OUTER
G1 F1800 X-12.669 Y4.82 E0.01046
G1 X-9.916 Y4.764 E0.06869
G1 X-6.729 Y4.658 E0.07954
G1 X-6.227 Y4.624 E0.01255
G1 X-4.52 Y4.57 E0.0426
G1 X-4.556 Y3.902 E0.01669
G1 X-4.6 Y2.394 E0.03763
G1 X-4.589 Y-0.047 E0.06089
G1 X-4.616 Y-2.364 E0.0578
G1 X-4.564 Y-3.852 E0.03714
G1 X-4.512 Y-4.529 E0.01694
G1 X-6.161 Y-4.576 E0.04115
G1 X-6.796 Y-4.614 E0.01587
G1 X-10.593 Y-4.788 E0.09482
G1 X-13.432 Y-4.823 E0.07082
G1 X-14.713 Y-4.827 E0.03195
G1 X-14.7 Y-3.481 E0.03358
G1 X-14.628 Y-2.511 E0.02426
G1 X-14.615 Y-1.449 E0.02649
G1 X-14.556 Y0.017 E0.0366
G1 X-14.616 Y1.503 E0.0371
G1 X-14.64 Y2.543 E0.02595
G1 X-14.712 Y3.517 E0.02436
G1 X-14.732 Y4.85 E0.03326
G1 X-13.088 Y4.839 E0.04101
G0 F7200 X-12.888 Y4.83
G0 X-12.926 Y3.831
G1 F4200 E-3.5
G0 F7200 X-4.744 Y4.366
G0 X-3.669 Y4.306
G0 X3.684 Y4.366
G0 X4.769 Y4.366
G0 X7.266 Y3.921
G0 X7.257 Y4.057
;TYPE:FILL
G1 F4200 E3.5
G1 F3600 X14.055 Y-2.741 E0.23982
G1 X14.125 Y-2.811
G0 F7200 X13.923 Y-2.822
G0 X13.947 Y2.781
G0 X14.086 Y2.773
G1 F3600 X7.164 Y-4.149 E0.24419
G1 X7.094 Y-4.219
G0 F7200 X7.101 Y-4.006
G0 X7.658 Y3.947
G0 X7.646 Y4.241
;TYPE:WALL-INNER
G1 F3600 X10.001 Y4.34 E0.0588
G1 X14.352 Y4.399 E0.10855
G1 X14.229 Y2.501 E0.04745
G1 X14.227 Y1.149 E0.03373
G1 X14.164 Y-1.366 E0.06276
G1 X14.209 Y-2.614 E0.03115
G1 X14.276 Y-3.807 E0.02981
G1 X14.288 Y-4.505 E0.01741
G1 X13.589 Y-4.507 E0.01744
G1 X10.748 Y-4.452 E0.07088
G1 X10.004 Y-4.448 E0.01856
G1 X9.064 Y-4.38 E0.02351
G1 X6.717 Y-4.288 E0.05859
G1 X5.792 Y-4.24 E0.02311
G1 X4.858 Y-4.215 E0.02331
G1 X5.012 Y-0.042 E0.10417
G1 X4.913 Y2.305 E0.0586
G1 X4.948 Y3.548 E0.03102
G1 X4.948 Y4.18 E0.01577
G1 X6.747 Y4.185 E0.04488
G1 X7.646 Y4.241 E0.02247
G0 F7200 X7.595 Y4.64
;TYPE:WALL-OUTER
G1 F1800 X9.99 Y4.74 E0.0598
G1 X14.784 Y4.805 E0.1196
G1 X14.708 Y3.785 E0.02551
G1 X14.628 Y2.464 E0.03301
G1 X14.627 Y1.139 E0.03305
G1 X14.564 Y-1.352 E0.06216
G1 X14.608 Y-2.592 E0.03095
G1 X14.676 Y-3.792 E0.02998
G1 X14.696 Y-4.904 E0.02774
G1 X13.582 Y-4.907 E0.02779
G1 X10.746 Y-4.852 E0.07076
G1 X9.988 Y-4.848 E0.01891
G1 X9.048 Y-4.78 E0.02351
G1 X6.697 Y-4.688 E0.05869
G1 X5.782 Y-4.64 E0.02286
G1 X4.446 Y-4.605 E0.03334
G1 X4.472 Y-3.702 E0.02253
G1 X4.528 Y-2.45 E0.03126
G1 X4.56 Y-1.355 E0.02733
G1 X4.612 Y-0.059 E0.03235
G1 X4.513 Y2.302 E0.05895
G1 X4.548 Y3.548 E0.03109
G1 X4.548 Y4.58 E0.02574
G1 X6.721 Y4.584 E0.05421
G1 X7.595 Y4.64 E0.02185
G0 F7200 X7.794 Y4.648
G0 X7.834 Y3.654
G1 F4200 E-3.5
;MESH:NONMESH
G0 F600 X7.834 Y3.654 Z6.65
G0 F7200 X4.769 Y3.974
G0 X3.684 Y3.974
G0 X-3.669 Y4.306
G0 X-4.744 Y4.366
G0 X-7.207 Y3.974
G0 X-7.203 Y4.11
;TIME_ELAPSED:404.191169
;LAYER:43
;TYPE:FILL
;MESH:pi 3mm_deformed_tet (6).stl
G1 F4200 E3.5
G1 F3600 X-14.087 Y-2.773 E0.24283
G1 X-14.157 Y-2.843
G0 F7200 X-13.954 Y-2.857
G0 X-13.964 Y2.797
G0 X-14.1 Y2.787
G1 F3600 X-7.232 Y-4.081 E0.24229
G1 X-7.162 Y-4.151
G0 F7200 X-7.172 Y-3.932
G0 X-13.133 Y4.141
G0 X-13.123 Y4.44
;TYPE:WALL-INNER
G1 F3600 X-12.489 Y4.416 E0.01583
G1 X-9.878 Y4.358 E0.06515
G1 X-6.811 Y4.258 E0.07655
G1 X-6.052 Y4.212 E0.01897
G1 X-4.948 Y4.176 E0.02755
G1 X-5 Y2.393 E0.0445
G1 X-4.992 Y-0.03 E0.06044
G1 X-5.012 Y-2.372 E0.05842
G1 X-4.954 Y-4.135 E0.044
G1 X-5.993 Y-4.165 E0.02593
G1 X-6.809 Y-4.213 E0.02039
G1 X-10.06 Y-4.365 E0.08119
G1 X-10.762 Y-4.388 E0.01752
G1 X-14.32 Y-4.425 E0.08876
G1 X-14.312 Y-3.643 E0.01951
G1 X-14.229 Y-2.554 E0.02724
G1 X-14.216 Y-1.344 E0.03019
G1 X-14.16 Y-0.018 E0.03311
G1 X-14.216 Y1.36 E0.0344
G1 X-14.245 Y2.579 E0.03042
G1 X-14.324 Y3.679 E0.02751
G1 X-14.337 Y4.45 E0.01924
G1 X-13.123 Y4.44 E0.03028
G0 F7200 X-13.108 Y4.84
;TYPE:WALL-OUTER
G1 F1800 X-12.481 Y4.816 E0.01565
G1 X-9.865 Y4.758 E0.06527
G1 X-6.715 Y4.653 E0.07862
G1 X-6.039 Y4.612 E0.01689
G1 X-4.516 Y4.562 E0.03801
G1 X-4.56 Y3.762 E0.01999
G1 X-4.6 Y2.395 E0.03411
G1 X-4.592 Y-0.033 E0.06057
G1 X-4.612 Y-2.359 E0.05802
G1 X-4.568 Y-3.712 E0.03377
G1 X-4.504 Y-4.522 E0.02027
G1 X-5.969 Y-4.564 E0.03656
G1 X-6.735 Y-4.61 E0.01914
G1 X-10.047 Y-4.765 E0.08271
G1 X-10.753 Y-4.788 E0.01762
G1 X-13.583 Y-4.823 E0.0706
G1 X-14.725 Y-4.827 E0.02849
G1 X-14.712 Y-3.625 E0.02999
G1 X-14.628 Y-2.511 E0.02787
G1 X-14.616 Y-1.334 E0.02936
G1 X-14.56 Y0.017 E0.03373
G1 X-14.616 Y1.347 E0.03321
G1 X-14.644 Y2.55 E0.03002
G1 X-14.724 Y3.661 E0.02779
G1 X-14.744 Y4.854 E0.02976
G1 X-13.108 Y4.84 E0.04081
G0 F7200 X-12.908 Y4.833
G0 X-12.946 Y3.832
G1 F4200 E-3.5
G0 F7200 X-4.741 Y4.357
G0 X-3.666 Y4.297
G0 X3.68 Y4.371
G0 X4.765 Y4.372
G0 X7.271 Y3.917
G0 X7.262 Y4.052
;TYPE:FILL
G1 F4200 E3.5
G1 F3600 X14.059 Y-2.746 E0.2398
G1 X14.129 Y-2.816
G0 F7200 X13.926 Y-2.827
G0 X13.956 Y2.79
G0 X14.095 Y2.782
G1 F3600 X7.172 Y-4.142 E0.24425
G1 X7.102 Y-4.212
G0 F7200 X7.109 Y-4.002
G0 X6.765 Y3.882
G0 X6.745 Y4.177
;TYPE:WALL-INNER
G1 F3600 X7.793 Y4.248 E0.0262
G1 X10.001 Y4.34 E0.05513
G1 X14.363 Y4.403 E0.10882
G1 X14.237 Y2.502 E0.04752
G1 X14.235 Y1 E0.03747
G1 X14.172 Y-1.51 E0.06263
G1 X14.213 Y-2.614 E0.02756
G1 X14.288 Y-3.957 E0.03355
G1 X14.297 Y-4.505 E0.01367
G1 X13.738 Y-4.507 E0.01394
G1 X10.906 Y-4.456 E0.07066
G1 X10.011 Y-4.448 E0.02233
G1 X8.893 Y-4.372 E0.02795
G1 X6.717 Y-4.284 E0.05432
G1 X5.599 Y-4.224 E0.02793
G1 X4.852 Y-4.206 E0.01864
G1 X4.924 Y-2.456 E0.04369
G1 X4.957 Y-1.227 E0.03067
G1 X5.004 Y-0.042 E0.02958
G1 X4.905 Y2.301 E0.0585
G1 X4.957 Y4.176 E0.04679
G1 X6.745 Y4.177 E0.0446
G0 F7200 X6.718 Y4.576
;TYPE:WALL-OUTER
G1 F1800 X7.771 Y4.648 E0.02633
G1 X9.99 Y4.74 E0.0554
G1 X14.793 Y4.809 E0.11982
G1 X14.636 Y2.464 E0.05863
G1 X14.635 Y0.99 E0.03677
G1 X14.572 Y-1.496 E0.06203
G1 X14.612 Y-2.592 E0.02736
G1 X14.688 Y-3.932 E0.03348
G1 X14.704 Y-4.904 E0.02425
G1 X13.731 Y-4.907 E0.02427
G1 X10.902 Y-4.856 E0.07058
G1 X9.996 Y-4.848 E0.0226
G1 X8.877 Y-4.772 E0.02798
G1 X6.696 Y-4.684 E0.05445
G1 X5.589 Y-4.624 E0.02765
G1 X4.439 Y-4.596 E0.0287
G1 X4.472 Y-3.567 E0.02568
G1 X4.524 Y-2.446 E0.02799
G1 X4.557 Y-1.211 E0.03082
G1 X4.604 Y-0.059 E0.02876
G1 X4.505 Y2.298 E0.05885
G1 X4.544 Y3.696 E0.03489
G1 X4.544 Y4.576 E0.02195
G1 X6.718 Y4.576 E0.05423
G0 F7200 X6.917 Y4.589
G0 X6.985 Y3.597
G1 F4200 E-3.5
;MESH:NONMESH
G0 F600 X6.985 Y3.597 Z6.8
G0 F7200 X4.765 Y3.99
G0 X3.68 Y3.989
G0 X-3.666 Y4.297
G0 X-4.741 Y4.357
G0 X-7.211 Y3.971
G0 X-7.207 Y4.107
;TIME_ELAPSED:411.420556
;LAYER:44
;TYPE:FILL
;MESH:pi 3mm_deformed_tet (6).stl
G1 F4200 E3.5
G1 F3600 X-14.09 Y-2.776 E0.24282
G1 X-14.16 Y-2.846
G0 F7200 X-13.956 Y-2.86
G0 X-13.968 Y2.802
G0 X-14.105 Y2.792
G1 F3600 X-7.238 Y-4.076 E0.24227
G1 X-7.168 Y-4.146
G0 F7200 X-7.178 Y-3.931
G0 X-13.143 Y4.142
G0 X-13.13 Y4.439
;TYPE:WALL-INNER
G1 F3600 X-12.322 Y4.408 E0.02017
G1 X-9.884 Y4.354 E0.06083
G1 X-6.816 Y4.254 E0.07657
G1 X-5.859 Y4.196 E0.02392
G1 X-4.934 Y4.167 E0.02309
G1 X-4.964 Y3.639 E0.01319
G1 X-5 Y2.385 E0.03129
G1 X-4.992 Y-0.03 E0.06024
G1 X-5.012 Y-2.368 E0.05832
G1 X-4.972 Y-3.576 E0.03015
G1 X-4.928 Y-4.127 E0.01379
G1 X-5.799 Y-4.152 E0.02174
G1 X-6.688 Y-4.204 E0.02221
G1 X-10.05 Y-4.36 E0.08396
G1 X-10.922 Y-4.392 E0.02177
G1 X-14.329 Y-4.425 E0.08499
G1 X-14.324 Y-3.789 E0.01587
G1 X-14.231 Y-2.516 E0.03184
G1 X-14.216 Y-1.188 E0.03313
G1 X-14.168 Y0.007 E0.02983
G1 X-14.216 Y1.204 E0.02988
G1 X-14.249 Y2.568 E0.03404
G1 X-14.34 Y3.822 E0.03136
G1 X-14.347 Y4.45 E0.01567
G1 X-13.13 Y4.439 E0.03036
G0 F7200 X-13.115 Y4.839
;TYPE:WALL-OUTER
G1 F1800 X-12.313 Y4.808 E0.02002
G1 X-9.871 Y4.754 E0.06093
G1 X-6.77 Y4.652 E0.0774
G1 X-5.847 Y4.596 E0.02307
G1 X-4.512 Y4.554 E0.03332
G1 X-4.564 Y3.627 E0.02316
G1 X-4.6 Y2.387 E0.03094
G1 X-4.592 Y-0.033 E0.06037
G1 X-4.612 Y-2.355 E0.05792
G1 X-4.572 Y-3.572 E0.03037
G1 X-4.496 Y-4.514 E0.02357
G1 X-5.776 Y-4.552 E0.03194
G1 X-6.79 Y-4.609 E0.02533
G1 X-10.013 Y-4.76 E0.08049
G1 X-10.913 Y-4.792 E0.02246
G1 X-14.733 Y-4.827 E0.09529
G1 X-14.724 Y-3.773 E0.02629
G1 X-14.631 Y-2.511 E0.03157
G1 X-14.616 Y-1.178 E0.03325
G1 X-14.568 Y0.017 E0.02983
G1 X-14.616 Y1.191 E0.02931
G1 X-14.648 Y2.539 E0.03364
G1 X-14.74 Y3.805 E0.03166
G1 X-14.753 Y4.854 E0.02617
G1 X-13.115 Y4.839 E0.04086
G0 F7200 X-12.916 Y4.832
G0 X-12.953 Y3.834
G1 F4200 E-3.5
G0 F7200 X-4.738 Y4.349
G0 X-3.663 Y4.29
G0 X3.677 Y4.349
G0 X4.762 Y4.349
G0 X7.275 Y3.912
G0 X7.266 Y4.047
;TYPE:FILL
G1 F4200 E3.5
G1 F3600 X14.059 Y-2.746 E0.23964
G1 X14.129 Y-2.816
G0 F7200 X13.929 Y-2.827
G0 X13.963 Y2.798
G0 X14.103 Y2.79
G1 F3600 X7.176 Y-4.137 E0.24437
G1 X7.106 Y-4.207
G0 F7200 X7.113 Y-3.998
G0 X6.765 Y3.877
G0 X6.745 Y4.173
;TYPE:WALL-INNER
G1 F3600 X8.011 Y4.258 E0.03165
G1 X10.005 Y4.34 E0.04978
G1 X14.372 Y4.406 E0.10895
G1 X14.305 Y3.5 E0.02266
G1 X14.245 Y2.5 E0.02499
G1 X14.239 Y0.858 E0.04096
G1 X14.18 Y-1.653 E0.06265
G1 X14.213 Y-2.616 E0.02404
G1 X14.324 Y-4.504 E0.04718
G1 X13.123 Y-4.5 E0.02996
G1 X11.057 Y-4.46 E0.05155
G1 X10.02 Y-4.452 E0.02587
G1 X8.717 Y-4.36 E0.03258
G1 X6.718 Y-4.28 E0.04991
G1 X5.409 Y-4.212 E0.0327
G1 X4.848 Y-4.196 E0.014
G1 X4.996 Y-0.042 E0.10369
G1 X4.897 Y2.293 E0.0583
G1 X4.949 Y4.172 E0.04689
G1 X6.745 Y4.173 E0.0448
G0 F7200 X6.718 Y4.572
;TYPE:WALL-OUTER
G1 F1800 X7.947 Y4.656 E0.03073
G1 X9.994 Y4.74 E0.05111
G1 X14.804 Y4.812 E0.12
G1 X14.704 Y3.476 E0.03342
G1 X14.644 Y2.465 E0.02526
G1 X14.639 Y0.848 E0.04034
G1 X14.58 Y-1.639 E0.06206
G1 X14.612 Y-2.592 E0.02379
G1 X14.7 Y-4.093 E0.03751
G1 X14.712 Y-4.906 E0.02028
G1 X13.115 Y-4.9 E0.03984
G1 X11.054 Y-4.86 E0.05142
G1 X10.004 Y-4.852 E0.02619
G1 X8.701 Y-4.76 E0.03258
G1 X6.698 Y-4.68 E0.05
G1 X5.398 Y-4.612 E0.03247
G1 X4.435 Y-4.585 E0.02403
G1 X4.472 Y-3.427 E0.0289
G1 X4.516 Y-2.442 E0.0246
G1 X4.596 Y-0.059 E0.05948
G1 X4.497 Y2.29 E0.05865
G1 X4.54 Y3.844 E0.03878
G1 X4.54 Y4.572 E0.01816
G1 X6.718 Y4.572 E0.05433
G0 F7200 X6.917 Y4.585
G0 X6.985 Y3.591
G1 F4200 E-3.5
;MESH:NONMESH
G0 F600 X6.985 Y3.591 Z6.95
G0 F7200 X4.736 Y3.623
G0 X3.672 Y3.654
G0 X-3.674 Y4.088
G0 X-4.736 Y4.147
G0 X-7.215 Y3.969
G0 X-7.211 Y4.103
;TIME_ELAPSED:418.630547
;LAYER:45
;TYPE:FILL
;MESH:pi 3mm_deformed_tet (6).stl
G1 F4200 E3.5
G1 F3600 X-14.091 Y-2.778 E0.24273
G1 X-14.161 Y-2.848
G0 F7200 X-13.957 Y-2.862
G0 X-13.971 Y2.805
G0 X-14.109 Y2.795
G1 F3600 X-7.241 Y-4.072 E0.24227
G1 X-7.171 Y-4.142
G0 F7200 X-7.181 Y-3.928
G0 X-13.153 Y4.142
G0 X-13.143 Y4.439
;TYPE:WALL-INNER
G1 F3600 X-12.145 Y4.4 E0.02491
G1 X-9.889 Y4.354 E0.05629
G1 X-6.816 Y4.25 E0.0767
G1 X-5.672 Y4.18 E0.02859
G1 X-4.931 Y4.156 E0.01849
G1 X-4.968 Y3.498 E0.01644
G1 X-5 Y2.379 E0.02792
G1 X-4.992 Y-0.029 E0.06007
G1 X-5.012 Y-2.365 E0.05827
G1 X-4.975 Y-3.465 E0.02746
G1 X-4.922 Y-4.118 E0.01634
G1 X-5.615 Y-4.137 E0.01729
G1 X-6.809 Y-4.206 E0.02983
G1 X-10.02 Y-4.356 E0.08019
G1 X-11.082 Y-4.392 E0.02651
G1 X-14.341 Y-4.429 E0.0813
G1 X-14.335 Y-3.923 E0.01262
G1 X-14.233 Y-2.553 E0.03427
G1 X-14.211 Y-.992 E0.03894
G1 X-14.172 Y0.003 E0.02484
G1 X-14.216 Y1.049 E0.02612
G1 X-14.253 Y2.567 E0.03788
G1 X-14.352 Y3.97 E0.03508
G1 X-14.358 Y4.45 E0.01197
G1 X-13.143 Y4.439 E0.03031
G0 F7200 X-13.127 Y4.839
;TYPE:WALL-OUTER
G1 F1800 X-12.137 Y4.8 E0.02471
G1 X-9.875 Y4.754 E0.05644
G1 X-6.77 Y4.648 E0.0775
G1 X-5.659 Y4.58 E0.02777
G1 X-4.508 Y4.542 E0.02873
G1 X-4.568 Y3.486 E0.02638
G1 X-4.6 Y2.381 E0.02758
G1 X-4.592 Y-0.032 E0.06019
G1 X-4.612 Y-2.351 E0.05785
G1 X-4.576 Y-3.433 E0.02701
G1 X-4.489 Y-4.506 E0.02685
G1 X-5.591 Y-4.536 E0.0275
G1 X-6.79 Y-4.606 E0.02996
G1 X-10.004 Y-4.756 E0.08026
G1 X-11.073 Y-4.792 E0.02668
G1 X-14.745 Y-4.831 E0.0916
G1 X-14.736 Y-3.921 E0.0227
G1 X-14.632 Y-2.511 E0.03527
G1 X-14.611 Y-.976 E0.03829
G1 X-14.572 Y0.013 E0.02469
G1 X-14.616 Y1.035 E0.02552
G1 X-14.652 Y2.539 E0.03753
G1 X-14.752 Y3.953 E0.03536
G1 X-14.764 Y4.854 E0.02248
G1 X-13.127 Y4.839 E0.04084
G0 F7200 X-12.928 Y4.832
G0 X-12.964 Y3.834
G1 F4200 E-3.5
G0 F7200 X-4.735 Y4.34
G0 X-3.66 Y4.281
G0 X3.673 Y4.34
G0 X4.758 Y4.34
G0 X7.278 Y3.907
G0 X7.269 Y4.045
;TYPE:FILL
G1 F4200 E3.5
G1 F3600 X14.064 Y-2.75 E0.23971
G1 X14.134 Y-2.82
G0 F7200 X13.932 Y-2.831
G0 X13.97 Y2.802
G0 X14.108 Y2.794
G1 F3600 X7.179 Y-4.134 E0.24442
G1 X7.109 Y-4.204
G0 F7200 X7.116 Y-3.994
G0 X6.761 Y3.872
G0 X6.741 Y4.169
;TYPE:WALL-INNER
G1 F3600 X8.193 Y4.266 E0.0363
G1 X10.009 Y4.34 E0.04534
G1 X14.38 Y4.406 E0.10905
G1 X14.301 Y3.349 E0.02644
G1 X14.249 Y2.505 E0.02109
G1 X14.247 Y0.703 E0.04495
G1 X14.188 Y-1.793 E0.06228
G1 X14.217 Y-2.614 E0.02049
G1 X14.323 Y-4.505 E0.04725
G1 X13.124 Y-4.499 E0.02991
G1 X11.214 Y-4.464 E0.04765
G1 X10.028 Y-4.452 E0.02959
G1 X8.544 Y-4.348 E0.03711
G1 X6.716 Y-4.276 E0.04564
G1 X4.844 Y-4.177 E0.04676
G1 X4.988 Y-0.041 E0.10324
G1 X4.885 Y2.289 E0.05818
G1 X4.936 Y4.164 E0.04679
G1 X6.741 Y4.169 E0.04503
G0 F7200 X6.714 Y4.568
;TYPE:WALL-OUTER
G1 F1800 X8.127 Y4.664 E0.03533
G1 X9.998 Y4.74 E0.04671
G1 X14.812 Y4.812 E0.1201
G1 X14.7 Y3.325 E0.0372
G1 X14.648 Y2.468 E0.02142
G1 X14.647 Y0.693 E0.04428
G1 X14.588 Y-1.779 E0.06168
G1 X14.616 Y-2.592 E0.02029
G1 X14.708 Y-4.228 E0.04087
G1 X14.72 Y-4.907 E0.01694
G1 X13.116 Y-4.899 E0.04001
G1 X11.21 Y-4.864 E0.04755
G1 X10.012 Y-4.852 E0.02989
G1 X8.528 Y-4.748 E0.03711
G1 X6.695 Y-4.676 E0.04576
G1 X5.201 Y-4.596 E0.03732
G1 X4.431 Y-4.576 E0.01921
G1 X4.588 Y-0.059 E0.11275
G1 X4.485 Y2.286 E0.05855
G1 X4.536 Y3.992 E0.04258
G1 X4.536 Y4.564 E0.01427
G1 X6.714 Y4.568 E0.05433
G0 F7200 X6.913 Y4.581
G0 X6.981 Y3.586
G1 F4200 E-3.5
G1 F600 Z7.45
;MESH:NONMESH
G0 F7200 X6.981 Y3.586 Z7.45
G0 X-7.211 Y4.103
;TIME_ELAPSED:425.857955
;LAYER:46
;MESH:pi 3mm_deformed_tet (6).stl
G0 X-7.211 Y4.103 Z7.6
;TYPE:FILL
G1 F600 Z7.1
G1 F4200 E3.5
G1 F3600 X-14.092 Y-2.778 E0.24275
G1 X-14.162 Y-2.848
G0 F7200 X-13.958 Y-2.862
G0 X-13.975 Y2.81
G0 X-14.114 Y2.8
G1 F3600 X-7.242 Y-4.072 E0.24243
G1 X-7.172 Y-4.142
G0 F7200 X-7.181 Y-3.924
G0 X-13.163 Y4.142
G0 X-13.151 Y4.44
;TYPE:WALL-INNER
G1 F3600 X-11.97 Y4.396 E0.02948
G1 X-9.877 Y4.35 E0.05222
G1 X-6.817 Y4.25 E0.07637
G1 X-5.485 Y4.169 E0.03329
G1 X-4.928 Y4.149 E0.0139
G1 X-4.972 Y3.358 E0.01976
G1 X-5 Y2.38 E0.02441
G1 X-4.992 Y-0.02 E0.05987
G1 X-5.008 Y-2.361 E0.0584
G1 X-4.975 Y-3.326 E0.02409
G1 X-4.915 Y-4.11 E0.01961
G1 X-5.416 Y-4.124 E0.0125
G1 X-6.816 Y-4.206 E0.03498
G1 X-8.046 Y-4.256 E0.03071
G1 X-10.043 Y-4.353 E0.04987
G1 X-11.243 Y-4.396 E0.02995
G1 X-14.374 Y-4.428 E0.07811
G1 X-14.233 Y-2.549 E0.047
G1 X-14.211 Y-.834 E0.04278
G1 X-14.18 Y0.027 E0.02149
G1 X-14.257 Y2.567 E0.06339
G1 X-14.391 Y4.45 E0.04709
G1 X-13.151 Y4.44 E0.03093
G0 F7200 X-13.137 Y4.84
;TYPE:WALL-OUTER
G1 F1800 X-11.961 Y4.796 E0.02936
G1 X-9.864 Y4.75 E0.05232
G1 X-6.725 Y4.645 E0.07835
G1 X-5.471 Y4.568 E0.03134
G1 X-4.507 Y4.535 E0.02406
G1 X-4.572 Y3.346 E0.0297
G1 X-4.6 Y2.382 E0.02406
G1 X-4.592 Y-0.022 E0.05997
G1 X-4.608 Y-2.347 E0.058
G1 X-4.576 Y-3.296 E0.02369
G1 X-4.484 Y-4.498 E0.03007
G1 X-5.392 Y-4.524 E0.02266
G1 X-6.746 Y-4.604 E0.03383
G1 X-8.026 Y-4.656 E0.03196
G1 X-10.029 Y-4.753 E0.05002
G1 X-11.233 Y-4.796 E0.03005
G1 X-14.757 Y-4.83 E0.08791
G1 X-14.748 Y-4.065 E0.01908
G1 X-14.632 Y-2.507 E0.03897
G1 X-14.611 Y-.82 E0.04209
G1 X-14.58 Y0.012 E0.02077
G1 X-14.656 Y2.539 E0.06306
G1 X-14.768 Y4.097 E0.03896
G1 X-14.777 Y4.854 E0.01888
G1 X-13.137 Y4.84 E0.04091
G0 F7200 X-12.938 Y4.833
G0 X-12.973 Y3.834
G1 F4200 E-3.5
G0 F7200 X-4.731 Y4.331
G0 X-3.656 Y4.271
G0 X3.67 Y4.331
G0 X4.755 Y4.331
G0 X7.282 Y3.903
G0 X7.273 Y4.04
;TYPE:FILL
G1 F4200 E3.5
G1 F3600 X14.068 Y-2.754 E0.23969
G1 X14.138 Y-2.824
G0 F7200 X13.935 Y-2.835
G0 X13.978 Y2.814
G0 X14.12 Y2.806
G1 F3600 X7.184 Y-4.13 E0.24469
G1 X7.114 Y-4.2
G0 F7200 X7.121 Y-3.99
G0 X6.761 Y3.867
G0 X6.741 Y4.165
;TYPE:WALL-INNER
G1 F3600 X8.325 Y4.272 E0.0396
G1 X10.013 Y4.34 E0.04214
G1 X14.391 Y4.409 E0.10922
G1 X14.257 Y2.511 E0.04746
G1 X14.255 Y0.557 E0.04874
G1 X14.196 Y-1.938 E0.06226
G1 X14.221 Y-2.618 E0.01697
G1 X14.322 Y-4.511 E0.04729
G1 X11.368 Y-4.464 E0.0737
G1 X10.036 Y-4.456 E0.03323
G1 X8.372 Y-4.336 E0.04162
G1 X6.72 Y-4.272 E0.04124
G1 X4.838 Y-4.179 E0.047
G1 X4.868 Y-3.16 E0.02543
G1 X4.9 Y-2.449 E0.01775
G1 X4.98 Y-0.045 E0.06
G1 X4.877 Y2.281 E0.05808
G1 X4.932 Y4.16 E0.04689
G1 X6.741 Y4.165 E0.04513
G0 F7200 X6.714 Y4.564
;TYPE:WALL-OUTER
G1 F1800 X8.303 Y4.672 E0.03973
G1 X10.002 Y4.74 E0.04242
G1 X14.821 Y4.816 E0.12023
G1 X14.656 Y2.483 E0.05834
G1 X14.655 Y0.547 E0.04829
G1 X14.596 Y-1.924 E0.06166
G1 X14.62 Y-2.596 E0.01677
G1 X14.72 Y-4.369 E0.0443
G1 X14.731 Y-4.911 E0.01352
G1 X14.181 Y-4.911 E0.01372
G1 X11.366 Y-4.864 E0.07023
G1 X10.02 Y-4.856 E0.03358
G1 X8.356 Y-4.736 E0.04162
G1 X6.7 Y-4.672 E0.04134
G1 X5.01 Y-4.584 E0.04221
G1 X4.426 Y-4.569 E0.01457
G1 X4.468 Y-3.142 E0.03561
G1 X4.5 Y-2.435 E0.01765
G1 X4.58 Y-0.063 E0.0592
G1 X4.477 Y2.278 E0.05845
G1 X4.544 Y4.56 E0.05695
G1 X6.714 Y4.564 E0.05413
G0 F7200 X6.913 Y4.577
G0 X6.982 Y3.581
G1 F4200 E-3.5
;MESH:NONMESH
G0 F600 X6.982 Y3.581 Z7.25
G0 F7200 X4.72 Y3.609
G0 X3.656 Y3.641
G0 X-3.667 Y4.077
G0 X-4.729 Y4.136
G0 X-7.219 Y3.962
G0 X-7.215 Y4.099
;TIME_ELAPSED:433.060052
;LAYER:47
;TYPE:FILL
;MESH:pi 3mm_deformed_tet (6).stl
G1 F4200 E3.5
G1 F3600 X-14.095 Y-2.782 E0.24273
G1 X-14.165 Y-2.852
G0 F7200 X-13.96 Y-2.866
G0 X-13.979 Y2.811
G0 X-14.115 Y2.801
G1 F3600 X-7.246 Y-4.067 E0.2423
G1 X-7.176 Y-4.137
G0 F7200 X-7.185 Y-3.922
G0 X-13.173 Y4.143
G0 X-13.165 Y4.44
;TYPE:WALL-INNER
G1 F3600 X-11.79 Y4.388 E0.03432
G1 X-9.896 Y4.346 E0.04726
G1 X-6.817 Y4.246 E0.07685
G1 X-4.927 Y4.129 E0.04724
G1 X-4.976 Y3.218 E0.02276
G1 X-5 Y2.375 E0.02104
G1 X-4.992 Y-0.02 E0.05974
G1 X-5.008 Y-2.357 E0.0583
G1 X-4.98 Y-3.161 E0.02007
G1 X-4.909 Y-4.09 E0.02324
G1 X-6.815 Y-4.202 E0.04763
G1 X-8.226 Y-4.26 E0.03523
G1 X-10.038 Y-4.349 E0.04526
G1 X-11.431 Y-4.396 E0.03477
G1 X-14.374 Y-4.431 E0.07342
G1 X-14.237 Y-2.548 E0.0471
G1 X-14.212 Y-.716 E0.0457
G1 X-14.184 Y0.028 E0.01857
G1 X-14.212 Y0.76 E0.01827
G1 X-14.257 Y2.568 E0.04511
G1 X-14.394 Y4.453 E0.04715
G1 X-13.165 Y4.44 E0.03066
G0 F7200 X-13.151 Y4.84
;TYPE:WALL-OUTER
G1 F1800 X-11.781 Y4.788 E0.0342
G1 X-9.883 Y4.746 E0.04736
G1 X-6.724 Y4.641 E0.07885
G1 X-5.283 Y4.552 E0.03601
G1 X-4.504 Y4.526 E0.01944
G1 X-4.576 Y3.206 E0.03298
G1 X-4.6 Y2.377 E0.02069
G1 X-4.592 Y-0.022 E0.05984
G1 X-4.608 Y-2.343 E0.0579
G1 X-4.58 Y-3.156 E0.02029
G1 X-4.476 Y-4.486 E0.03328
G1 X-5.205 Y-4.508 E0.01819
G1 X-6.743 Y-4.6 E0.03843
G1 X-8.206 Y-4.66 E0.03653
G1 X-10.024 Y-4.749 E0.0454
G1 X-11.393 Y-4.796 E0.03417
G1 X-14.181 Y-4.831 E0.06955
G1 X-14.765 Y-4.831 E0.01457
G1 X-14.759 Y-4.196 E0.01584
G1 X-14.636 Y-2.507 E0.04224
G1 X-14.612 Y-.706 E0.04493
G1 X-14.584 Y0.012 E0.01792
G1 X-14.612 Y0.723 E0.01775
G1 X-14.656 Y2.539 E0.04531
G1 X-14.78 Y4.241 E0.04257
G1 X-14.788 Y4.857 E0.01537
G1 X-13.151 Y4.84 E0.04084
G0 F7200 X-12.952 Y4.833
G0 X-12.988 Y3.835
G1 F4200 E-3.5
G0 F7200 X-4.728 Y4.323
G0 X-3.653 Y4.263
G0 X3.661 Y4.079
G0 X4.724 Y4.047
G0 X7.289 Y3.898
G0 X7.28 Y4.034
;TYPE:FILL
G1 F4200 E3.5
G1 F3600 X14.071 Y-2.758 E0.23959
G1 X14.141 Y-2.828
G0 F7200 X13.939 Y-2.839
G0 X13.988 Y2.823
G0 X14.127 Y2.814
G1 F3600 X7.187 Y-4.127 E0.24484
G1 X7.117 Y-4.197
G0 F7200 X7.124 Y-3.986
G0 X6.758 Y3.862
G0 X6.738 Y4.157
;TYPE:WALL-INNER
G1 F3600 X8.501 Y4.28 E0.04409
G1 X10.013 Y4.34 E0.03775
G1 X14.402 Y4.409 E0.1095
G1 X14.265 Y2.516 E0.04734
G1 X14.263 Y0.407 E0.05261
G1 X14.204 Y-2.079 E0.06203
G1 X14.225 Y-2.618 E0.01346
G1 X14.331 Y-4.507 E0.0472
G1 X13.125 Y-4.5 E0.03008
G1 X11.525 Y-4.468 E0.03992
G1 X10.044 Y-4.456 E0.03694
G1 X8.201 Y-4.328 E0.04608
G1 X6.722 Y-4.268 E0.03692
G1 X4.836 Y-4.168 E0.04711
G1 X4.972 Y-0.045 E0.1029
G1 X4.869 Y2.277 E0.05798
G1 X4.926 Y4.156 E0.04689
G1 X6.738 Y4.157 E0.0452
G0 F7200 X6.71 Y4.556
;TYPE:WALL-OUTER
G1 F1800 X8.479 Y4.68 E0.04424
G1 X10.002 Y4.74 E0.03802
G1 X14.832 Y4.816 E0.1205
G1 X14.664 Y2.487 E0.05825
G1 X14.663 Y0.397 E0.05214
G1 X14.604 Y-2.064 E0.06141
G1 X14.624 Y-2.596 E0.01328
G1 X14.755 Y-4.91 E0.05782
G1 X13.117 Y-4.9 E0.04086
G1 X11.522 Y-4.868 E0.0398
G1 X10.028 Y-4.856 E0.03727
G1 X8.185 Y-4.728 E0.04608
G1 X6.701 Y-4.668 E0.03705
G1 X4.423 Y-4.547 E0.05691
G1 X4.572 Y-0.063 E0.11192
G1 X4.469 Y2.274 E0.05835
G1 X4.538 Y4.556 E0.05695
G1 X6.71 Y4.556 E0.05418
G0 F7200 X6.909 Y4.569
G0 X6.977 Y3.576
G1 F4200 E-3.5
;MESH:NONMESH
G0 F600 X6.977 Y3.576 Z7.4
G0 F7200 X4.712 Y3.611
G0 X3.648 Y3.643
G0 X-3.663 Y4.075
G0 X-4.726 Y4.134
G0 X-7.222 Y3.96
G0 X-7.218 Y4.096
;TIME_ELAPSED:440.267691
;LAYER:48
;TYPE:FILL
;MESH:pi 3mm_deformed_tet (6).stl
G1 F4200 E3.5
G1 F3600 X-14.095 Y-2.782 E0.24262
G1 X-14.165 Y-2.852
G0 F7200 X-13.962 Y-2.866
G0 X-13.983 Y2.814
G0 X-14.118 Y2.804
G1 F3600 X-7.246 Y-4.067 E0.24241
G1 X-7.176 Y-4.137
G0 F7200 X-7.185 Y-3.92
G0 X-13.184 Y4.143
G0 X-13.174 Y4.44
;TYPE:WALL-INNER
G1 F3600 X-11.612 Y4.38 E0.03899
G1 X-9.884 Y4.346 E0.04311
G1 X-6.817 Y4.242 E0.07655
G1 X-4.922 Y4.13 E0.04735
G1 X-4.98 Y3.078 E0.02628
G1 X-5 Y2.37 E0.01767
G1 X-4.992 Y-0.018 E0.05957
G1 X-5.008 Y-2.354 E0.05827
G1 X-4.983 Y-3.048 E0.01732
G1 X-4.9 Y-4.092 E0.02612
G1 X-6.762 Y-4.2 E0.04653
G1 X-8.406 Y-4.264 E0.04104
G1 X-10.038 Y-4.345 E0.04076
G1 X-11.586 Y-4.396 E0.03864
G1 X-14.373 Y-4.429 E0.06953
G1 X-14.237 Y-2.549 E0.04702
G1 X-14.211 Y-.514 E0.05077
G1 X-14.192 Y0.026 E0.01348
G1 X-14.261 Y2.568 E0.06343
G1 X-14.396 Y4.453 E0.04714
G1 X-13.174 Y4.44 E0.03048
G0 F7200 X-13.159 Y4.84
;TYPE:WALL-OUTER
G1 F1800 X-11.604 Y4.78 E0.03882
G1 X-9.87 Y4.746 E0.04326
G1 X-6.724 Y4.637 E0.07852
G1 X-5.09 Y4.536 E0.04084
G1 X-4.5 Y4.518 E0.01472
G1 X-4.58 Y3.066 E0.03628
G1 X-4.6 Y2.372 E0.01732
G1 X-4.592 Y-0.02 E0.05967
G1 X-4.608 Y-2.34 E0.05787
G1 X-4.584 Y-3.016 E0.01687
G1 X-4.468 Y-4.478 E0.03658
G1 X-5.013 Y-4.496 E0.0136
G1 X-6.742 Y-4.6 E0.04321
G1 X-8.386 Y-4.664 E0.04104
G1 X-10.024 Y-4.745 E0.04091
G1 X-11.549 Y-4.796 E0.03806
G1 X-14.777 Y-4.833 E0.08053
G1 X-14.771 Y-4.344 E0.0122
G1 X-14.636 Y-2.507 E0.04595
G1 X-14.611 Y-.5 E0.05007
G1 X-14.592 Y0.012 E0.01278
G1 X-14.66 Y2.539 E0.06306
G1 X-14.796 Y4.385 E0.04617
G1 X-14.801 Y4.857 E0.01177
G1 X-13.159 Y4.84 E0.04096
G0 F7200 X-12.96 Y4.833
G0 X-12.996 Y3.835
G1 F4200 E-3.5
G0 F7200 X-4.725 Y4.314
G0 X-3.65 Y4.255
G0 X3.653 Y4.07
G0 X4.716 Y4.038
G0 X7.292 Y3.894
G0 X7.283 Y4.031
;TYPE:FILL
G1 F4200 E3.5
G1 F3600 X14.072 Y-2.758 E0.2395
G1 X14.142 Y-2.828
G0 F7200 X13.941 Y-2.839
G0 X13.997 Y2.831
G0 X14.136 Y2.822
G1 F3600 X7.191 Y-4.122 E0.24499
G1 X7.121 Y-4.192
G0 F7200 X7.128 Y-3.982
G0 X6.758 Y3.857
G0 X6.738 Y4.153
;TYPE:WALL-INNER
G1 F3600 X8.681 Y4.288 E0.04859
G1 X10.017 Y4.34 E0.03335
G1 X14.41 Y4.413 E0.1096
G1 X14.273 Y2.516 E0.04744
G1 X14.271 Y0.256 E0.05638
G1 X14.208 Y-2.348 E0.06498
G1 X14.335 Y-4.51 E0.05402
G1 X13.127 Y-4.5 E0.03013
G1 X11.681 Y-4.472 E0.03608
G1 X10.052 Y-4.46 E0.04064
G1 X8.028 Y-4.316 E0.05062
G1 X6.722 Y-4.264 E0.0326
G1 X4.827 Y-4.163 E0.04734
G1 X4.96 Y-0.046 E0.10275
G1 X4.861 Y2.268 E0.05778
G1 X4.918 Y4.152 E0.04702
G1 X6.738 Y4.153 E0.0454
G0 F7200 X6.71 Y4.552
;TYPE:WALL-OUTER
G1 F1800 X8.659 Y4.688 E0.04874
G1 X10.006 Y4.74 E0.03363
G1 X14.84 Y4.82 E0.1206
G1 X14.672 Y2.487 E0.05835
G1 X14.671 Y0.246 E0.0559
G1 X14.608 Y-2.324 E0.06413
G1 X14.759 Y-4.914 E0.06472
G1 X13.119 Y-4.9 E0.04091
G1 X11.678 Y-4.872 E0.03595
G1 X10.036 Y-4.86 E0.04096
G1 X8.012 Y-4.716 E0.05062
G1 X6.701 Y-4.664 E0.03273
G1 X4.415 Y-4.542 E0.05711
G1 X4.56 Y-0.063 E0.11179
G1 X4.461 Y2.266 E0.05815
G1 X4.53 Y4.552 E0.05705
G1 X6.71 Y4.552 E0.05438
G0 F7200 X6.909 Y4.565
G0 X6.978 Y3.572
G1 F4200 E-3.5
;MESH:NONMESH
G0 F600 X6.978 Y3.572 Z7.55
G0 F7200 X4.704 Y3.608
G0 X3.64 Y3.64
G0 X-3.66 Y4.07
G0 X-4.722 Y4.129
G0 X-7.226 Y3.957
G0 X-7.222 Y4.091
;TIME_ELAPSED:447.477392
;LAYER:49
;TYPE:FILL
;MESH:pi 3mm_deformed_tet (6).stl
G1 F4200 E3.5
G1 F3600 X-14.096 Y-2.782 E0.24248
G1 X-14.166 Y-2.852
G0 F7200 X-13.964 Y-2.866
G0 X-13.986 Y2.819
G0 X-14.122 Y2.809
G1 F3600 X-7.249 Y-4.065 E0.24248
G1 X-7.179 Y-4.135
G0 F7200 X-7.188 Y-3.918
G0 X-13.194 Y4.144
G0 X-13.186 Y4.44
;TYPE:WALL-INNER
G1 F3600 X-11.438 Y4.376 E0.04363
G1 X-9.946 Y4.344 E0.03723
G1 X-6.814 Y4.238 E0.07817
G1 X-4.916 Y4.126 E0.04743
G1 X-4.984 Y2.938 E0.02968
G1 X-5 Y2.368 E0.01422
G1 X-4.992 Y-0.013 E0.05939
G1 X-5.004 Y-2.351 E0.05832
G1 X-4.988 Y-2.879 E0.01318
G1 X-4.893 Y-4.083 E0.03013
G1 X-6.759 Y-4.196 E0.04663
G1 X-10.022 Y-4.341 E0.08148
G1 X-11.718 Y-4.4 E0.04233
G1 X-14.376 Y-4.428 E0.06631
G1 X-14.237 Y-2.549 E0.047
G1 X-14.212 Y-.404 E0.05351
G1 X-14.196 Y0.025 E0.01071
G1 X-14.265 Y2.564 E0.06336
G1 X-14.4 Y4.452 E0.04722
G1 X-13.186 Y4.44 E0.03028
G0 F7200 X-13.172 Y4.84
;TYPE:WALL-OUTER
G1 F1800 X-11.429 Y4.776 E0.04351
G1 X-9.932 Y4.744 E0.03735
G1 X-6.728 Y4.634 E0.07997
G1 X-4.497 Y4.5 E0.05575
G1 X-4.584 Y2.926 E0.03932
G1 X-4.6 Y2.37 E0.01388
G1 X-4.592 Y-0.015 E0.05949
G1 X-4.604 Y-2.339 E0.05797
G1 X-4.588 Y-2.876 E0.0134
G1 X-4.462 Y-4.458 E0.03959
G1 X-6.739 Y-4.596 E0.0569
G1 X-10.008 Y-4.741 E0.08163
G1 X-11.709 Y-4.8 E0.04246
G1 X-14.807 Y-4.833 E0.07728
G1 X-14.636 Y-2.507 E0.05818
G1 X-14.612 Y-.394 E0.05271
G1 X-14.596 Y0.014 E0.01019
G1 X-14.664 Y2.535 E0.06291
G1 X-14.829 Y4.857 E0.05807
G1 X-13.172 Y4.84 E0.04134
G0 F7200 X-12.973 Y4.833
G0 X-13.009 Y3.836
G1 F4200 E-3.5
G0 F7200 X-4.722 Y4.306
G0 X-3.647 Y4.247
G0 X3.641 Y4.07
G0 X4.705 Y4.04
G0 X7.296 Y3.89
G0 X7.287 Y4.026
;TYPE:FILL
G1 F4200 E3.5
G1 F3600 X14.082 Y-2.768 E0.23969
G1 X14.152 Y-2.838
G0 F7200 X13.949 Y-2.849
G0 X14.005 Y2.842
G0 X14.146 Y2.832
G1 F3600 X7.196 Y-4.118 E0.24518
G1 X7.126 Y-4.188
G0 F7200 X7.133 Y-3.978
G0 X6.753 Y3.853
G0 X6.733 Y4.149
;TYPE:WALL-INNER
G1 F3600 X8.857 Y4.292 E0.0531
G1 X10.022 Y4.34 E0.02909
G1 X14.418 Y4.416 E0.10968
G1 X14.281 Y2.511 E0.04764
G1 X14.275 Y0.114 E0.05979
G1 X14.22 Y-2.377 E0.06215
G1 X14.337 Y-4.51 E0.05329
G1 X13.131 Y-4.5 E0.03008
G1 X11.834 Y-4.476 E0.03236
G1 X10.064 Y-4.46 E0.04415
G1 X7.856 Y-4.304 E0.05522
G1 X6.72 Y-4.26 E0.02836
G1 X4.823 Y-4.159 E0.04739
G1 X4.952 Y-0.046 E0.10265
G1 X4.853 Y2.265 E0.0577
G1 X4.907 Y4.144 E0.04689
G1 X6.733 Y4.149 E0.04555
G0 F7200 X6.706 Y4.548
;TYPE:WALL-OUTER
G1 F1800 X8.835 Y4.692 E0.05323
G1 X10.01 Y4.74 E0.02933
G1 X14.848 Y4.824 E0.1207
G1 X14.68 Y2.469 E0.0589
G1 X14.675 Y0.105 E0.05897
G1 X14.62 Y-2.355 E0.06138
G1 X14.76 Y-4.914 E0.06393
G1 X13.124 Y-4.9 E0.04081
G1 X11.83 Y-4.876 E0.03228
G1 X10.048 Y-4.86 E0.04445
G1 X7.84 Y-4.704 E0.05522
G1 X6.699 Y-4.66 E0.02848
G1 X4.411 Y-4.538 E0.05716
G1 X4.552 Y-0.063 E0.11168
G1 X4.453 Y2.262 E0.05805
G1 X4.519 Y4.544 E0.05695
G1 X6.706 Y4.548 E0.05456
G0 F7200 X6.905 Y4.561
G0 X6.973 Y3.567
G1 F4200 E-3.5
;MESH:NONMESH
G0 F600 X6.973 Y3.567 Z7.7
G0 F7200 X4.693 Y3.617
G0 X3.629 Y3.647
G0 X-3.656 Y4.076
G0 X-4.719 Y4.135
G0 X-7.231 Y3.954
G0 X-7.227 Y4.087
;TIME_ELAPSED:454.689503
;LAYER:50
;TYPE:FILL
;MESH:pi 3mm_deformed_tet (6).stl
G1 F4200 E3.5
G1 F3600 X-14.1 Y-2.787 E0.24248
G1 X-14.17 Y-2.857
G0 F7200 X-13.965 Y-2.871
G0 X-13.991 Y2.824
G0 X-14.127 Y2.814
G1 F3600 X-7.254 Y-4.06 E0.24248
G1 X-7.184 Y-4.13
G0 F7200 X-7.194 Y-3.917
G0 X-11.274 Y4.071
G0 X-11.261 Y4.368
;TYPE:WALL-INNER
G1 F3600 X-9.95 Y4.34 E0.03271
G1 X-6.814 Y4.234 E0.07827
G1 X-4.913 Y4.12 E0.04751
G1 X-5 Y2.59 E0.03823
G1 X-4.992 Y-0.012 E0.06491
G1 X-5.003 Y-2.591 E0.06433
G1 X-4.886 Y-4.081 E0.03728
G1 X-6.772 Y-4.192 E0.04713
G1 X-9.97 Y-4.334 E0.07985
G1 X-11.878 Y-4.4 E0.04762
G1 X-14.378 Y-4.428 E0.06237
G1 X-14.241 Y-2.544 E0.04712
G1 X-14.204 Y0.024 E0.06407
G1 X-14.269 Y2.564 E0.06338
G1 X-14.406 Y4.453 E0.04725
G1 X-13.197 Y4.44 E0.03016
G1 X-11.261 Y4.368 E0.04833
G0 F7200 X-11.253 Y4.768
;TYPE:WALL-OUTER
G1 F1800 X-9.936 Y4.74 E0.03286
G1 X-6.77 Y4.632 E0.07902
G1 X-4.491 Y4.496 E0.05695
G1 X-4.6 Y2.555 E0.04849
G1 X-4.592 Y-0.014 E0.06408
G1 X-4.604 Y-2.56 E0.06351
G1 X-4.456 Y-4.456 E0.04744
G1 X-6.754 Y-4.592 E0.05742
G1 X-9.998 Y-4.736 E0.081
G1 X-11.869 Y-4.8 E0.0467
G1 X-14.808 Y-4.833 E0.07332
G1 X-14.64 Y-2.503 E0.05827
G1 X-14.604 Y0.014 E0.06279
G1 X-14.668 Y2.535 E0.06291
G1 X-14.836 Y4.857 E0.05807
G1 X-13.183 Y4.84 E0.04124
G1 X-11.253 Y4.768 E0.04818
G0 F7200 X-11.053 Y4.764
G0 X-11.073 Y3.765
G1 F4200 E-3.5
G0 F7200 X-4.719 Y4.296
G0 X-3.644 Y4.237
G0 X3.637 Y4.048
G0 X4.7 Y4.016
G0 X7.301 Y3.886
G0 X7.292 Y4.022
;TYPE:FILL
G1 F4200 E3.5
G1 F3600 X14.081 Y-2.768 E0.23952
G1 X14.151 Y-2.838
G0 F7200 X13.95 Y-2.849
G0 X14.012 Y2.845
G0 X14.15 Y2.836
G1 F3600 X7.201 Y-4.113 E0.24514
G1 X7.131 Y-4.183
G0 F7200 X7.138 Y-3.975
G0 X6.753 Y3.848
G0 X6.733 Y4.145
;TYPE:WALL-INNER
G1 F3600 X9.033 Y4.3 E0.0575
G1 X10.026 Y4.34 E0.02479
G1 X14.425 Y4.416 E0.10975
G1 X14.285 Y2.513 E0.0476
G1 X14.283 Y-0.035 E0.06356
G1 X14.228 Y-2.518 E0.06195
G1 X14.34 Y-4.513 E0.04984
G1 X11.989 Y-4.48 E0.05865
G1 X10.072 Y-4.464 E0.04782
G1 X7.686 Y-4.296 E0.05967
G1 X6.723 Y-4.256 E0.02404
G1 X4.818 Y-4.155 E0.04759
G1 X4.944 Y-0.046 E0.10255
G1 X4.845 Y2.256 E0.05748
G1 X4.902 Y4.14 E0.04702
G1 X6.733 Y4.145 E0.04567
G0 F7200 X6.706 Y4.544
;TYPE:WALL-OUTER
G1 F1800 X9.011 Y4.7 E0.05763
G1 X10.014 Y4.74 E0.02504
G1 X14.856 Y4.824 E0.1208
G1 X14.684 Y2.483 E0.05855
G1 X14.683 Y-0.044 E0.06304
G1 X14.628 Y-2.496 E0.06118
G1 X14.764 Y-4.917 E0.06049
G1 X10.056 Y-4.864 E0.11745
G1 X7.669 Y-4.696 E0.05969
G1 X6.702 Y-4.656 E0.02414
G1 X4.406 Y-4.534 E0.05735
G1 X4.544 Y-0.063 E0.11158
G1 X4.445 Y2.254 E0.05785
G1 X4.514 Y4.54 E0.05705
G1 X6.706 Y4.544 E0.05468
G0 F7200 X6.905 Y4.557
G0 X6.973 Y3.562
G1 F4200 E-3.5
;MESH:NONMESH
G0 F600 X6.973 Y3.562 Z7.85
G0 F7200 X4.687 Y3.596
G0 X3.624 Y3.628
G0 X-3.654 Y4.049
G0 X-4.716 Y4.107
G0 X-7.23 Y3.95
G0 X-7.226 Y4.088
;TIME_ELAPSED:461.884169
;LAYER:51
;TYPE:FILL
;MESH:pi 3mm_deformed_tet (6).stl
G1 F4200 E3.5
G1 F3600 X-14.1 Y-2.787 E0.24252
G1 X-14.17 Y-2.857
G0 F7200 X-13.966 Y-2.871
G0 X-13.994 Y2.828
G0 X-14.132 Y2.818
G1 F3600 X-7.26 Y-4.054 E0.24243
G1 X-7.19 Y-4.124
G0 F7200 X-7.199 Y-3.914
G0 X-11.098 Y4.065
G0 X-11.085 Y4.364
;TYPE:WALL-INNER
G1 F3600 X-9.95 Y4.34 E0.02832
G1 X-6.82 Y4.234 E0.07812
G1 X-4.909 Y4.117 E0.04776
G1 X-4.999 Y2.527 E0.03973
G1 X-4.992 Y-0.012 E0.06334
G1 X-5.003 Y-2.507 E0.06224
G1 X-4.879 Y-4.084 E0.03946
G1 X-6.771 Y-4.192 E0.04727
G1 X-10.004 Y-4.332 E0.08072
G1 X-12.038 Y-4.404 E0.05077
G1 X-14.381 Y-4.432 E0.05845
G1 X-14.241 Y-2.545 E0.0472
G1 X-14.208 Y0.024 E0.06409
G1 X-14.272 Y2.536 E0.06268
G1 X-14.41 Y4.454 E0.04797
G1 X-13.204 Y4.444 E0.03008
G1 X-11.085 Y4.364 E0.0529
G0 F7200 X-11.077 Y4.764
;TYPE:WALL-OUTER
G1 F1800 X-9.936 Y4.74 E0.02847
G1 X-6.745 Y4.63 E0.07965
G1 X-4.487 Y4.492 E0.05643
G1 X-4.6 Y2.491 E0.04999
G1 X-4.592 Y-0.014 E0.06249
G1 X-4.604 Y-2.476 E0.06142
G1 X-4.448 Y-4.46 E0.04964
G1 X-6.722 Y-4.59 E0.05682
G1 X-9.99 Y-4.732 E0.0816
G1 X-12.029 Y-4.804 E0.05089
G1 X-14.812 Y-4.837 E0.06943
G1 X-14.64 Y-2.503 E0.05838
G1 X-14.608 Y0.014 E0.06279
G1 X-14.672 Y2.535 E0.06291
G1 X-14.84 Y4.858 E0.0581
G1 X-13.189 Y4.844 E0.04119
G1 X-11.077 Y4.764 E0.05272
G0 F7200 X-10.877 Y4.76
G0 X-10.897 Y3.759
G1 F4200 E-3.5
G0 F7200 X-4.714 Y4.292
G0 X-3.639 Y4.232
G0 X3.633 Y4.013
G0 X4.696 Y3.977
G0 X7.304 Y3.881
G0 X7.295 Y4.018
;TYPE:FILL
G1 F4200 E3.5
G1 F3600 X14.084 Y-2.77 E0.23948
G1 X14.154 Y-2.84
G0 F7200 X13.954 Y-2.851
G0 X14.021 Y2.856
G0 X14.161 Y2.847
G1 F3600 X7.197 Y-4.117 E0.24567
G1 X7.127 Y-4.187
G0 F7200 X7.135 Y-3.97
G0 X6.749 Y3.843
G0 X6.729 Y4.141
;TYPE:WALL-INNER
G1 F3600 X9.212 Y4.308 E0.06208
G1 X10.026 Y4.34 E0.02032
G1 X14.436 Y4.42 E0.11003
G1 X14.293 Y2.517 E0.0476
G1 X14.294 Y-.156 E0.06668
G1 X14.236 Y-2.569 E0.06021
G1 X14.341 Y-4.512 E0.04854
G1 X10.081 Y-4.464 E0.10627
G1 X7.513 Y-4.284 E0.06422
G1 X6.726 Y-4.252 E0.01965
G1 X4.821 Y-4.148 E0.04759
G1 X4.936 Y-0.046 E0.10237
G1 X4.837 Y2.251 E0.05735
G1 X4.901 Y4.136 E0.04705
G1 X6.729 Y4.141 E0.0456
G0 F7200 X6.702 Y4.54
;TYPE:WALL-OUTER
G1 F1800 X9.191 Y4.708 E0.06223
G1 X10.014 Y4.74 E0.02055
G1 X14.868 Y4.828 E0.1211
G1 X14.692 Y2.487 E0.05856
G1 X14.694 Y-.166 E0.06618
G1 X14.636 Y-2.596 E0.06063
G1 X14.764 Y-4.917 E0.05799
G1 X10.065 Y-4.864 E0.11722
G1 X7.497 Y-4.684 E0.06422
G1 X6.704 Y-4.652 E0.0198
G1 X4.41 Y-4.526 E0.05731
G1 X4.536 Y-0.063 E0.11137
G1 X4.437 Y2.249 E0.05773
G1 X4.514 Y4.536 E0.05708
G1 X6.702 Y4.54 E0.05458
G0 F7200 X6.901 Y4.553
G0 X6.969 Y3.557
G1 F4200 E-3.5
;MESH:NONMESH
G0 F600 X6.969 Y3.557 Z8
G0 F7200 X4.682 Y3.548
G0 X3.619 Y3.584
G0 X-3.652 Y4.01
G0 X-4.714 Y4.069
G0 X-7.234 Y3.947
G0 X-7.23 Y4.084
;TIME_ELAPSED:469.078702
;LAYER:52
;TYPE:FILL
;MESH:pi 3mm_deformed_tet (6).stl
G1 F4200 E3.5
G1 F3600 X-14.105 Y-2.791 E0.24253
G1 X-14.175 Y-2.861
G0 F7200 X-13.969 Y-2.875
G0 X-13.998 Y2.832
G0 X-14.136 Y2.822
G1 F3600 X-7.264 Y-4.05 E0.24243
G1 X-7.194 Y-4.12
G0 F7200 X-7.203 Y-3.912
G0 X-10.92 Y4.058
G0 X-10.909 Y4.356
;TYPE:WALL-INNER
G1 F3600 X-9.953 Y4.336 E0.02385
G1 X-6.817 Y4.23 E0.07827
G1 X-4.904 Y4.116 E0.0478
G1 X-5 Y2.351 E0.04409
G1 X-4.999 Y-2.488 E0.12071
G1 X-4.871 Y-4.077 E0.03977
G1 X-6.769 Y-4.188 E0.04743
G1 X-9.997 Y-4.328 E0.0806
G1 X-12.22 Y-4.404 E0.05549
G1 X-14.385 Y-4.431 E0.05401
G1 X-14.245 Y-2.545 E0.04718
G1 X-14.215 Y0.014 E0.06384
G1 X-14.224 Y0.126 E0.0028
G1 X-14.277 Y2.563 E0.06081
G1 X-14.411 Y4.454 E0.04729
G1 X-13.212 Y4.444 E0.02991
G1 X-10.909 Y4.356 E0.05749
G0 F7200 X-10.901 Y4.756
;TYPE:WALL-OUTER
G1 F1800 X-9.939 Y4.736 E0.024
G1 X-6.803 Y4.63 E0.07827
G1 X-4.483 Y4.492 E0.05797
G1 X-4.6 Y2.351 E0.05349
G1 X-4.6 Y-2.456 E0.11991
G1 X-4.44 Y-4.452 E0.04995
G1 X-6.751 Y-4.588 E0.05775
G1 X-9.983 Y-4.728 E0.0807
G1 X-12.215 Y-4.804 E0.05571
G1 X-14.816 Y-4.837 E0.06489
G1 X-14.644 Y-2.503 E0.05838
G1 X-14.615 Y0.015 E0.06282
G1 X-14.624 Y0.098 E0.00208
G1 X-14.676 Y2.535 E0.06081
G1 X-14.841 Y4.858 E0.05809
G1 X-13.197 Y4.844 E0.04101
G1 X-10.901 Y4.756 E0.05732
G0 F7200 X-10.701 Y4.752
G0 X-10.721 Y3.752
G1 F4200 E-3.5
G0 F7200 X-4.71 Y4.292
G0 X-3.636 Y4.234
G0 X3.632 Y4.01
G0 X4.696 Y3.973
G0 X7.311 Y3.877
G0 X7.302 Y4.012
;TYPE:FILL
G1 F4200 E3.5
G1 F3600 X14.097 Y-2.783 E0.23971
G1 X14.167 Y-2.853
G0 F7200 X13.966 Y-2.864
G0 X14.031 Y2.869
G0 X14.173 Y2.859
G1 F3600 X7.208 Y-4.106 E0.24571
G1 X7.138 Y-4.176
G0 F7200 X7.147 Y-3.965
G0 X6.75 Y3.838
G0 X6.73 Y4.133
;TYPE:WALL-INNER
G1 F3600 X9.388 Y4.316 E0.06646
G1 X10.029 Y4.34 E0.016
G1 X14.442 Y4.42 E0.1101
G1 X14.305 Y2.515 E0.04764
G1 X14.312 Y2.226 E0.00721
G1 X14.309 Y-0.012 E0.05583
G1 X14.248 Y-2.616 E0.06497
G1 X14.347 Y-4.509 E0.04729
G1 X10.089 Y-4.464 E0.10622
G1 X7.346 Y-4.272 E0.06859
G1 X4.816 Y-4.143 E0.06319
G1 X4.928 Y-0.046 E0.10224
G1 X4.833 Y2.175 E0.05545
G1 X4.9 Y4.125 E0.04867
G1 X6.73 Y4.133 E0.04565
G0 F7200 X6.702 Y4.532
;TYPE:WALL-OUTER
G1 F1800 X9.367 Y4.716 E0.06664
G1 X10.018 Y4.74 E0.01625
G1 X14.872 Y4.828 E0.1211
G1 X14.704 Y2.487 E0.05855
G1 X14.712 Y2.232 E0.00636
G1 X14.709 Y-0.012 E0.05598
G1 X14.648 Y-2.595 E0.06445
G1 X14.769 Y-4.913 E0.0579
G1 X10.073 Y-4.864 E0.11715
G1 X7.326 Y-4.672 E0.06869
G1 X5.051 Y-4.56 E0.05682
G1 X4.406 Y-4.517 E0.01613
G1 X4.528 Y-0.063 E0.11115
G1 X4.433 Y2.173 E0.05583
G1 X4.514 Y4.516 E0.05848
G1 X5.19 Y4.532 E0.01687
G1 X6.702 Y4.532 E0.03772
G0 F7200 X6.901 Y4.545
G0 X6.969 Y3.552
G1 F4200 E-3.5
G1 F600 Z8.5
;MESH:NONMESH
G0 F7200 X6.969 Y3.552 Z8.5
G0 X-7.234 Y4.079
;TIME_ELAPSED:476.286974
;LAYER:53
;MESH:pi 3mm_deformed_tet (6).stl
G0 X-7.234 Y4.079 Z8.65
;TYPE:FILL
G1 F600 Z8.15
G1 F4200 E3.5
G1 F3600 X-14.12 Y-2.807 E0.24292
G1 X-14.19 Y-2.877
G0 F7200 X-13.988 Y-2.89
G0 X-14.017 Y2.849
G0 X-14.153 Y2.84
G1 F3600 X-7.257 Y-4.057 E0.24329
G1 X-7.187 Y-4.127
G0 F7200 X-7.197 Y-3.909
G0 X-10.743 Y4.052
G0 X-10.729 Y4.348
;TYPE:WALL-INNER
G1 F3600 X-9.953 Y4.332 E0.01936
G1 X-6.82 Y4.226 E0.0782
G1 X-4.904 Y4.109 E0.04788
G1 X-4.996 Y2.417 E0.04227
G1 X-4.999 Y-2.36 E0.11916
G1 X-4.863 Y-4.074 E0.04289
G1 X-6.751 Y-4.188 E0.04718
G1 X-10.027 Y-4.325 E0.08179
G1 X-12.374 Y-4.404 E0.05858
G1 X-14.395 Y-4.431 E0.05042
G1 X-14.259 Y-2.51 E0.04804
G1 X-14.239 Y-.218 E0.05718
G1 X-14.297 Y2.559 E0.06929
G1 X-14.42 Y4.454 E0.04737
G1 X-13.224 Y4.444 E0.02984
G1 X-10.729 Y4.348 E0.06228
G0 F7200 X-10.721 Y4.748
;TYPE:WALL-OUTER
G1 F1800 X-9.939 Y4.732 E0.01951
G1 X-6.774 Y4.624 E0.079
G1 X-4.483 Y4.484 E0.05726
G1 X-4.596 Y2.385 E0.05244
G1 X-4.6 Y-2.328 E0.11757
G1 X-4.432 Y-4.448 E0.05305
G1 X-6.731 Y-4.588 E0.05746
G1 X-10.013 Y-4.725 E0.08194
G1 X-12.368 Y-4.804 E0.05878
G1 X-14.825 Y-4.837 E0.0613
G1 X-14.659 Y-2.506 E0.05829
G1 X-14.639 Y-.214 E0.05718
G1 X-14.696 Y2.533 E0.06854
G1 X-14.846 Y4.858 E0.05812
G1 X-13.209 Y4.844 E0.04084
G1 X-10.721 Y4.748 E0.06211
G0 F7200 X-10.521 Y4.744
G0 X-10.541 Y3.746
G1 F4200 E-3.5
G0 F7200 X-4.708 Y4.286
G0 X-3.633 Y4.227
G0 X3.633 Y4.014
G0 X4.696 Y3.979
G0 X7.315 Y3.872
G0 X7.306 Y4.008
;TYPE:FILL
G1 F4200 E3.5
G1 F3600 X14.11 Y-2.796 E0.24003
G1 X14.18 Y-2.866
G0 F7200 X13.978 Y-2.877
G0 X14.041 Y2.879
G0 X14.182 Y2.869
G1 F3600 X7.21 Y-4.103 E0.24596
G1 X7.14 Y-4.173
G0 F7200 X7.149 Y-3.962
G0 X6.745 Y3.833
G0 X6.725 Y4.129
;TYPE:WALL-INNER
G1 F3600 X9.77 Y4.336 E0.07613
G1 X14.453 Y4.42 E0.11684
G1 X14.312 Y2.447 E0.04934
G1 X14.328 Y2.072 E0.00936
G1 X14.324 Y-0.05 E0.05293
G1 X14.308 Y-.422 E0.00929
G1 X14.26 Y-2.621 E0.05487
G1 X14.362 Y-4.513 E0.04726
G1 X10.097 Y-4.468 E0.1064
G1 X7.174 Y-4.26 E0.0731
G1 X5.546 Y-4.181 E0.04066
G1 X4.816 Y-4.134 E0.01825
G1 X4.864 Y-2.368 E0.04407
G1 X4.857 Y-2.185 E0.00457
G1 X4.92 Y-0.045 E0.05341
G1 X4.829 Y2.047 E0.05223
G1 X4.901 Y4.112 E0.05154
G1 X5.627 Y4.128 E0.01811
G1 X6.725 Y4.129 E0.02739
G0 F7200 X6.698 Y4.528
;TYPE:WALL-OUTER
G1 F1800 X9.753 Y4.736 E0.07638
G1 X14.884 Y4.828 E0.12801
G1 X14.712 Y2.487 E0.05855
G1 X14.728 Y2.08 E0.01016
G1 X14.724 Y-0.059 E0.05336
G1 X14.708 Y-.431 E0.00929
G1 X14.66 Y-2.599 E0.05409
G1 X14.784 Y-4.917 E0.05791
G1 X10.081 Y-4.868 E0.11732
G1 X7.154 Y-4.66 E0.0732
G1 X5.521 Y-4.58 E0.04078
G1 X4.406 Y-4.508 E0.02787
G1 X4.464 Y-2.384 E0.053
G1 X4.457 Y-2.187 E0.00492
G1 X4.52 Y-0.063 E0.05301
G1 X4.429 Y2.045 E0.05263
G1 X4.514 Y4.504 E0.06138
G1 X5.627 Y4.528 E0.02777
G1 X6.698 Y4.528 E0.02672
G0 F7200 X6.897 Y4.541
G0 X6.965 Y3.547
G1 F4200 E-3.5
;MESH:NONMESH
G0 F600 X6.965 Y3.547 Z8.3
G0 F7200 X4.682 Y3.551
G0 X3.618 Y3.586
G0 X-3.645 Y4.009
G0 X-4.707 Y4.068
G0 X-7.242 Y3.941
G0 X-7.238 Y4.076
;TIME_ELAPSED:483.465728
;LAYER:54
;TYPE:FILL
;MESH:pi 3mm_deformed_tet (6).stl
G1 F4200 E3.5
G1 F3600 X-14.139 Y-2.826 E0.24347
G1 X-14.209 Y-2.896
G0 F7200 X-14.007 Y-2.909
G0 X-14.037 Y2.869
G0 X-14.173 Y2.86
G1 F3600 X-7.267 Y-4.047 E0.24365
G1 X-7.197 Y-4.117
G0 F7200 X-7.206 Y-3.907
G0 X-10.565 Y4.045
G0 X-10.553 Y4.344
;TYPE:WALL-INNER
G1 F3600 X-9.953 Y4.331 E0.01497
G1 X-6.818 Y4.222 E0.07825
G1 X-4.9 Y4.105 E0.04793
G1 X-4.996 Y2.338 E0.04414
G1 X-4.991 Y-2.348 E0.11689
G1 X-4.854 Y-4.068 E0.04304
G1 X-6.798 Y-4.186 E0.04858
G1 X-9.985 Y-4.32 E0.07957
G1 X-12.533 Y-4.408 E0.0636
G1 X-14.412 Y-4.431 E0.04688
G1 X-14.281 Y-2.546 E0.04713
G1 X-14.26 Y-.386 E0.05388
G1 X-14.228 Y0.033 E0.01048
G1 X-14.264 Y0.416 E0.0096
G1 X-14.313 Y2.565 E0.05362
G1 X-14.441 Y4.454 E0.04723
G1 X-13.232 Y4.444 E0.03016
G1 X-10.553 Y4.344 E0.06687
G0 F7200 X-10.545 Y4.744
;TYPE:WALL-OUTER
G1 F1800 X-9.939 Y4.731 E0.01512
G1 X-6.736 Y4.618 E0.07995
G1 X-4.479 Y4.48 E0.05641
G1 X-4.596 Y2.338 E0.05351
G1 X-4.592 Y-2.316 E0.11609
G1 X-4.423 Y-4.442 E0.0532
G1 X-6.731 Y-4.584 E0.05768
G1 X-9.971 Y-4.72 E0.08089
G1 X-12.528 Y-4.808 E0.06382
G1 X-14.841 Y-4.837 E0.0577
G1 X-14.68 Y-2.506 E0.05829
G1 X-14.66 Y-.366 E0.05338
G1 X-14.628 Y0.028 E0.00986
G1 X-14.664 Y0.392 E0.00912
G1 X-14.712 Y2.538 E0.05355
G1 X-14.869 Y4.858 E0.058
G1 X-13.218 Y4.844 E0.04119
G1 X-10.545 Y4.744 E0.06672
G0 F7200 X-10.345 Y4.74
G0 X-10.362 Y3.739
G1 F4200 E-3.5
G0 F7200 X-4.705 Y4.28
G0 X-3.631 Y4.222
G0 X3.633 Y4.011
G0 X4.696 Y3.976
G0 X7.318 Y3.867
G0 X7.309 Y4.004
;TYPE:FILL
G1 F4200 E3.5
G1 F3600 X14.122 Y-2.809 E0.24035
G1 X14.192 Y-2.879
G0 F7200 X13.99 Y-2.89
G0 X14.051 Y2.886
G0 X14.191 Y2.877
G1 F3600 X7.208 Y-4.106 E0.24634
G1 X7.138 Y-4.176
G0 F7200 X7.153 Y-3.962
G0 X6.746 Y3.828
G0 X6.726 Y4.125
;TYPE:WALL-INNER
G1 F3600 X9.739 Y4.332 E0.07534
G1 X14.461 Y4.419 E0.11781
G1 X14.321 Y2.52 E0.0475
G1 X14.344 Y1.919 E0.015
G1 X14.34 Y-0.049 E0.04909
G1 X14.316 Y-.574 E0.01311
G1 X14.273 Y-2.621 E0.05107
G1 X14.375 Y-4.509 E0.04717
G1 X10.104 Y-4.468 E0.10655
G1 X7.002 Y-4.252 E0.07757
G1 X6.009 Y-4.204 E0.0248
G1 X4.816 Y-4.126 E0.02982
G1 X4.864 Y-2.357 E0.04414
G1 X4.853 Y-2.053 E0.00759
G1 X4.912 Y-0.046 E0.05009
G1 X4.829 Y1.92 E0.04909
G1 X4.898 Y4.099 E0.05438
G1 X6.067 Y4.124 E0.02917
G1 X6.726 Y4.125 E0.01644
G0 F7200 X6.698 Y4.524
;TYPE:WALL-OUTER
G1 F1800 X9.721 Y4.732 E0.07559
G1 X14.892 Y4.827 E0.12901
G1 X14.72 Y2.491 E0.05843
G1 X14.744 Y1.927 E0.01408
G1 X14.74 Y-0.059 E0.04954
G1 X14.716 Y-.583 E0.01308
G1 X14.672 Y-2.599 E0.0503
G1 X14.798 Y-4.913 E0.05781
G1 X10.088 Y-4.868 E0.1175
G1 X6.982 Y-4.652 E0.07767
G1 X5.983 Y-4.604 E0.02495
G1 X4.406 Y-4.5 E0.03942
G1 X4.464 Y-2.372 E0.0531
G1 X4.453 Y-2.055 E0.00791
G1 X4.512 Y-0.063 E0.04971
G1 X4.429 Y1.918 E0.04946
G1 X4.51 Y4.491 E0.06422
G1 X6.067 Y4.524 E0.03885
G1 X6.698 Y4.524 E0.01574
G0 F7200 X6.897 Y4.537
G0 X6.965 Y3.542
G1 F4200 E-3.5
G1 F600 Z8.8
;MESH:NONMESH
G0 F7200 X6.965 Y3.542 Z8.8
G0 X-7.241 Y4.072
;TIME_ELAPSED:490.675602
;LAYER:55
;MESH:pi 3mm_deformed_tet (6).stl
G0 X-7.241 Y4.072 Z8.95
;TYPE:FILL
G1 F600 Z8.45
G1 F4200 E3.5
G1 F3600 X-14.158 Y-2.845 E0.24402
G1 X-14.228 Y-2.915
G0 F7200 X-14.026 Y-2.928
G0 X-14.017 Y-2.094
G0 X-14.056 Y2.888
G0 X-14.192 Y2.879
G1 F3600 X-7.27 Y-4.043 E0.24419
G1 X-7.2 Y-4.113
G0 F7200 X-7.209 Y-3.904
G0 X-14.035 Y2.584
G0 X-14.333 Y2.564
;TYPE:WALL-INNER
G1 F3600 X-14.458 Y4.455 E0.04727
G1 X-13.24 Y4.444 E0.03038
G1 X-6.819 Y4.218 E0.16027
G1 X-4.896 Y4.099 E0.04806
G1 X-4.992 Y2.326 E0.04429
G1 X-4.992 Y0.03 E0.05727
G1 X-4.98 Y-.165 E0.00487
G1 X-4.983 Y-2.335 E0.05413
G1 X-4.847 Y-4.064 E0.04326
G1 X-6.769 Y-4.181 E0.04803
G1 X-9.979 Y-4.316 E0.08014
G1 X-12.692 Y-4.408 E0.06771
G1 X-14.428 Y-4.427 E0.04331
G1 X-14.295 Y-2.513 E0.04786
G1 X-14.28 Y-.536 E0.04932
G1 X-14.236 Y-0.019 E0.01294
G1 X-14.284 Y0.563 E0.01457
G1 X-14.333 Y2.564 E0.04993
G0 F7200 X-14.732 Y2.538
;TYPE:WALL-OUTER
G1 F1800 X-14.885 Y4.858 E0.058
G1 X-13.226 Y4.844 E0.04139
G1 X-6.736 Y4.614 E0.162
G1 X-4.475 Y4.474 E0.05651
G1 X-4.592 Y2.326 E0.05366
G1 X-4.592 Y0.052 E0.05673
G1 X-4.58 Y-.154 E0.00515
G1 X-4.584 Y-2.304 E0.05363
G1 X-4.416 Y-4.437 E0.05337
G1 X-6.752 Y-4.581 E0.05838
G1 X-9.965 Y-4.716 E0.08022
G1 X-12.687 Y-4.808 E0.06794
G1 X-14.858 Y-4.833 E0.05416
G1 X-14.695 Y-2.51 E0.05809
G1 X-14.68 Y-.518 E0.04969
G1 X-14.636 Y0.027 E0.01364
G1 X-14.684 Y0.54 E0.01285
G1 X-14.732 Y2.538 E0.04985
G0 F7200 X-14.745 Y2.737
G0 X-13.749 Y2.803
G1 F4200 E-3.5
G0 F7200 X-4.702 Y4.275
G0 X-3.626 Y4.216
G0 X3.633 Y4.011
G0 X4.697 Y3.977
G0 X7.323 Y3.863
G0 X7.314 Y4
;TYPE:FILL
G1 F4200 E3.5
G1 F3600 X14.135 Y-2.821 E0.24063
G1 X14.205 Y-2.891
G0 F7200 X14.003 Y-2.902
G0 X14.061 Y2.901
G0 X14.204 Y2.891
G1 F3600 X7.208 Y-4.106 E0.24682
G1 X7.138 Y-4.176
G0 F7200 X7.152 Y-3.964
G0 X6.741 Y3.824
G0 X6.721 Y4.121
;TYPE:WALL-INNER
G1 F3600 X9.914 Y4.336 E0.07983
G1 X14.471 Y4.42 E0.11369
G1 X14.333 Y2.52 E0.04752
G1 X14.356 Y1.765 E0.01884
G1 X14.356 Y-0.049 E0.04525
G1 X14.324 Y-.723 E0.01683
G1 X14.285 Y-2.621 E0.04736
G1 X14.388 Y-4.511 E0.04722
G1 X10.116 Y-4.472 E0.10657
G1 X6.838 Y-4.241 E0.08197
G1 X4.821 Y-4.115 E0.05041
G1 X4.864 Y-2.346 E0.04414
G1 X4.849 Y-1.926 E0.01048
G1 X4.904 Y-0.042 E0.04702
G1 X4.825 Y1.792 E0.04579
G1 X4.898 Y4.083 E0.05718
G1 X6.721 Y4.121 E0.04548
G0 F7200 X6.694 Y4.52
;TYPE:WALL-OUTER
G1 F1800 X9.897 Y4.736 E0.08008
G1 X14.902 Y4.828 E0.12487
G1 X14.732 Y2.491 E0.05845
G1 X14.756 Y1.772 E0.01795
G1 X14.756 Y-0.059 E0.04567
G1 X14.724 Y-.731 E0.01678
G1 X14.684 Y-2.599 E0.04661
G1 X14.792 Y-4.588 E0.04969
G1 X14.782 Y-4.914 E0.00814
G1 X10.1 Y-4.872 E0.1168
G1 X6.813 Y-4.64 E0.0822
G1 X4.409 Y-4.49 E0.06008
G1 X4.464 Y-2.36 E0.05315
G1 X4.449 Y-1.927 E0.01081
G1 X4.504 Y-0.059 E0.04662
G1 X4.425 Y1.79 E0.04617
G1 X4.51 Y4.475 E0.06701
G1 X6.694 Y4.52 E0.05449
G0 F7200 X6.893 Y4.533
G0 X6.961 Y3.537
G1 F4200 E-3.5
G1 F600 Z8.95
;MESH:NONMESH
G0 F7200 X6.961 Y3.537 Z8.95
G0 X-7.241 Y4.072
;TIME_ELAPSED:497.952035
;LAYER:56
;MESH:pi 3mm_deformed_tet (6).stl
G0 X-7.241 Y4.072 Z9.1
;TYPE:FILL
G1 F600 Z8.6
G1 F4200 E3.5
G1 F3600 X-14.18 Y-2.866 E0.24477
G1 X-14.25 Y-2.936
G0 F7200 X-14.046 Y-2.949
G0 X-14.021 Y-1.269
G0 X-14.074 Y2.906
G0 X-14.211 Y2.897
G1 F3600 X-7.273 Y-4.041 E0.24476
G1 X-7.203 Y-4.111
G0 F7200 X-7.212 Y-3.901
G0 X-5.291 Y2.313
G0 X-4.988 Y2.313
;TYPE:WALL-INNER
G1 F3600 X-4.992 Y0.05 E0.05645
G1 X-4.972 Y-.294 E0.0086
G1 X-4.975 Y-2.328 E0.05074
G1 X-4.836 Y-4.06 E0.04334
G1 X-6.768 Y-4.181 E0.04829
G1 X-9.974 Y-4.312 E0.08004
G1 X-12.849 Y-4.408 E0.07176
G1 X-14.448 Y-4.427 E0.03989
G1 X-14.315 Y-2.514 E0.04784
G1 X-14.3 Y-.684 E0.04565
G1 X-14.243 Y0.008 E0.01732
G1 X-14.308 Y0.716 E0.01774
G1 X-14.349 Y2.565 E0.04613
G1 X-14.477 Y4.455 E0.04725
G1 X-13.252 Y4.444 E0.03056
G1 X-6.825 Y4.218 E0.16042
G1 X-4.893 Y4.094 E0.04829
G1 X-4.988 Y2.313 E0.04449
G0 F7200 X-4.588 Y2.313
;TYPE:WALL-OUTER
G1 F1800 X-4.592 Y0.043 E0.05663
G1 X-4.572 Y-.282 E0.00812
G1 X-4.576 Y-2.296 E0.05024
G1 X-4.432 Y-4.1 E0.04514
G1 X-4.448 Y-4.435 E0.00837
G1 X-6.751 Y-4.581 E0.05756
G1 X-9.96 Y-4.712 E0.08012
G1 X-12.844 Y-4.808 E0.07198
G1 X-14.84 Y-4.833 E0.04979
G1 X-14.855 Y-4.511 E0.00804
G1 X-14.715 Y-2.51 E0.05004
G1 X-14.7 Y-.666 E0.046
G1 X-14.643 Y0.008 E0.01687
G1 X-14.708 Y0.692 E0.01714
G1 X-14.748 Y2.538 E0.04606
G1 X-14.884 Y4.55 E0.0503
G1 X-14.869 Y4.858 E0.00769
G1 X-13.238 Y4.844 E0.04069
G1 X-6.739 Y4.614 E0.16222
G1 X-4.501 Y4.471 E0.05594
G1 X-4.489 Y4.135 E0.00839
G1 X-4.588 Y2.313 E0.04552
G0 F7200 X-4.588 Y2.113
G0 X-5.591 Y2.113
G1 F4200 E-3.5
G1 F600 Z9.1
G0 F7200 X-5.591 Y2.113 Z9.1
G0 X7.316 Y3.997
;TYPE:FILL
G1 F600 Z8.6
G1 F4200 E3.5
G1 F3600 X14.148 Y-2.834 E0.241
G1 X14.218 Y-2.904
G0 F7200 X14.015 Y-2.915
G0 X14.07 Y2.908
G0 X14.212 Y2.898
G1 F3600 X7.204 Y-4.11 E0.24723
G1 X7.134 Y-4.18
G0 F7200 X7.149 Y-3.961
G0 X6.617 Y3.811
G0 X6.597 Y4.109
;TYPE:WALL-INNER
G1 F3600 X10.054 Y4.344 E0.08643
G1 X14.475 Y4.42 E0.1103
G1 X14.34 Y2.457 E0.04908
G1 X14.372 Y1.612 E0.02109
G1 X14.372 Y-0.049 E0.04143
G1 X14.332 Y-.871 E0.02053
G1 X14.297 Y-2.625 E0.04376
G1 X14.4 Y-4.511 E0.04712
G1 X10.12 Y-4.472 E0.10677
G1 X4.819 Y-4.106 E0.13255
G1 X4.868 Y-2.334 E0.04422
G1 X4.845 Y-1.792 E0.01353
G1 X4.896 Y-0.043 E0.04365
G1 X4.825 Y1.664 E0.04262
G1 X4.899 Y4.069 E0.06002
G1 X6.597 Y4.109 E0.04237
G0 F7200 X6.57 Y4.508
;TYPE:WALL-OUTER
G1 F1800 X10.037 Y4.744 E0.08668
G1 X14.891 Y4.828 E0.1211
G1 X14.873 Y4.328 E0.01248
G1 X14.74 Y2.495 E0.04584
G1 X14.772 Y1.62 E0.02184
G1 X14.772 Y-0.059 E0.04188
G1 X14.732 Y-.879 E0.02048
G1 X14.696 Y-2.603 E0.04301
G1 X14.796 Y-4.423 E0.04547
G1 X14.781 Y-4.914 E0.01225
G1 X10.104 Y-4.872 E0.11667
G1 X6.521 Y-4.618 E0.0896
G1 X4.43 Y-4.48 E0.05227
G1 X4.424 Y-3.916 E0.01407
G1 X4.468 Y-2.351 E0.03905
G1 X4.445 Y-1.794 E0.01391
G1 X4.496 Y-0.059 E0.0433
G1 X4.425 Y1.662 E0.04297
G1 X4.511 Y4.46 E0.06983
G1 X6.57 Y4.508 E0.05138
G0 F7200 X6.769 Y4.521
G0 X6.837 Y3.525
G1 F4200 E-3.5
G1 F600 Z9.1
;MESH:NONMESH
G0 F7200 X6.837 Y3.525 Z9.1
G0 X-7.245 Y4.069
;TIME_ELAPSED:505.082399
;LAYER:57
;MESH:pi 3mm_deformed_tet (6).stl
G0 X-7.245 Y4.069 Z9.25
;TYPE:FILL
G1 F600 Z8.75
G1 F4200 E3.5
G1 F3600 X-14.201 Y-2.887 E0.24539
G1 X-14.271 Y-2.957
G0 F7200 X-14.066 Y-2.97
G0 X-14.02 Y-.554
G0 X-14.093 Y2.923
G0 X-14.228 Y2.914
G1 F3600 X-7.276 Y-4.038 E0.24525
G1 X-7.206 Y-4.108
G0 F7200 X-7.215 Y-3.898
G0 X-13.952 Y0.033
G0 X-14.251 Y0.005
;TYPE:WALL-INNER
G1 F3600 X-14.328 Y0.862 E0.02146
G1 X-14.365 Y2.57 E0.04262
G1 X-14.495 Y4.452 E0.04706
G1 X-13.261 Y4.444 E0.03078
G1 X-6.821 Y4.214 E0.16075
G1 X-4.89 Y4.091 E0.04827
G1 X-4.988 Y2.308 E0.04454
G1 X-4.988 Y0.02 E0.05707
G1 X-4.964 Y-.423 E0.01107
G1 X-4.967 Y-2.315 E0.0472
G1 X-4.829 Y-4.055 E0.04354
G1 X-6.767 Y-4.177 E0.04844
G1 X-9.923 Y-4.308 E0.07879
G1 X-13.009 Y-4.412 E0.07702
G1 X-14.467 Y-4.428 E0.03637
G1 X-14.335 Y-2.518 E0.04776
G1 X-14.32 Y-.836 E0.04196
G1 X-14.251 Y0.005 E0.02105
G0 F7200 X-14.651 Y0.005
;TYPE:WALL-OUTER
G1 F1800 X-14.728 Y0.84 E0.02092
G1 X-14.764 Y2.542 E0.04247
G1 X-14.891 Y4.419 E0.04693
G1 X-14.869 Y4.854 E0.01086
G1 X-13.247 Y4.844 E0.04046
G1 X-6.743 Y4.61 E0.16235
G1 X-4.51 Y4.467 E0.05582
G1 X-4.493 Y4.011 E0.01138
G1 X-4.588 Y2.308 E0.04255
G1 X-4.588 Y0.041 E0.05655
G1 X-4.564 Y-.413 E0.01134
G1 X-4.568 Y-2.284 E0.04667
G1 X-4.436 Y-3.96 E0.04194
G1 X-4.456 Y-4.432 E0.01178
G1 X-6.75 Y-4.577 E0.05734
G1 X-9.909 Y-4.708 E0.07887
G1 X-13.004 Y-4.812 E0.07725
G1 X-14.84 Y-4.833 E0.0458
G1 X-14.863 Y-4.355 E0.01194
G1 X-14.735 Y-2.514 E0.04603
G1 X-14.72 Y-.818 E0.04231
G1 X-14.651 Y0.005 E0.0206
G0 F7200 X-14.669 Y0.204
G0 X-13.675 Y0.298
G1 F4200 E-3.5
G0 F7200 X-4.714 Y4.013
G0 X-3.633 Y3.954
G0 X3.625 Y3.762
G0 X4.689 Y3.73
G0 X7.32 Y3.865
G0 X7.311 Y4.003
;TYPE:FILL
G1 F4200 E3.5
G1 F3600 X14.159 Y-2.845 E0.24158
G1 X14.229 Y-2.915
G0 F7200 X14.027 Y-2.926
G0 X14.079 Y2.917
G0 X14.221 Y2.907
G1 F3600 X7.212 Y-4.102 E0.24726
G1 X7.142 Y-4.172
G0 F7200 X7.156 Y-3.963
G0 X6.42 Y3.795
G0 X6.391 Y4.09
;TYPE:WALL-INNER
G1 F3600 X6.749 Y4.125 E0.00897
G1 X10.053 Y4.34 E0.08259
G1 X14.49 Y4.42 E0.1107
G1 X14.348 Y2.46 E0.04902
G1 X14.388 Y1.457 E0.02504
G1 X14.384 Y-0.046 E0.03749
G1 X14.344 Y-1.018 E0.02427
G1 X14.308 Y-2.624 E0.04007
G1 X14.408 Y-4.506 E0.04701
G1 X10.116 Y-4.468 E0.10707
G1 X6.993 Y-4.248 E0.0781
G1 X6.403 Y-4.197 E0.01477
G1 X4.82 Y-4.096 E0.03957
G1 X4.868 Y-2.323 E0.04424
G1 X4.841 Y-1.664 E0.01645
G1 X4.888 Y-0.042 E0.04048
G1 X4.821 Y1.536 E0.0394
G1 X4.899 Y4.056 E0.06289
G1 X6.391 Y4.09 E0.03723
G0 F7200 X6.352 Y4.488
;TYPE:WALL-OUTER
G1 F1800 X6.717 Y4.524 E0.00915
G1 X10.037 Y4.74 E0.08299
G1 X14.896 Y4.828 E0.12123
G1 X14.873 Y4.176 E0.01627
G1 X14.748 Y2.499 E0.04195
G1 X14.788 Y1.464 E0.02584
G1 X14.784 Y-0.055 E0.03789
G1 X14.744 Y-1.027 E0.02427
G1 X14.708 Y-2.603 E0.03932
G1 X14.796 Y-4.267 E0.04157
G1 X14.78 Y-4.91 E0.01604
G1 X10.1 Y-4.868 E0.11675
G1 X6.959 Y-4.646 E0.07855
G1 X6.377 Y-4.596 E0.01457
G1 X4.438 Y-4.472 E0.04847
G1 X4.428 Y-3.776 E0.01736
G1 X4.468 Y-2.339 E0.03586
G1 X4.441 Y-1.666 E0.0168
G1 X4.488 Y-0.059 E0.0401
G1 X4.421 Y1.534 E0.03977
G1 X4.511 Y4.448 E0.07272
G1 X6.352 Y4.488 E0.04593
G0 F7200 X6.55 Y4.507
G0 X6.646 Y3.516
G1 F4200 E-3.5
;MESH:NONMESH
G0 F600 X6.646 Y3.516 Z8.9
G0 F7200 X4.684 Y3.571
G0 X3.62 Y3.603
G0 X-3.633 Y3.954
G0 X-4.714 Y4.013
G0 X-7.253 Y3.931
G0 X-7.249 Y4.065
;TIME_ELAPSED:512.355754
;LAYER:58
;TYPE:FILL
;MESH:pi 3mm_deformed_tet (6).stl
G1 F4200 E3.5
G1 F3600 X-14.216 Y-2.902 E0.24578
G1 X-14.286 Y-2.972
G0 F7200 X-14.085 Y-2.985
G0 X-14.029 Y-.558
G0 X-14.112 Y2.944
G0 X-14.249 Y2.935
G1 F3600 X-7.276 Y-4.038 E0.24599
G1 X-7.206 Y-4.108
G0 F7200 X-7.215 Y-3.9
G0 X-13.959 Y0.033
G0 X-14.259 Y0.005
;TYPE:WALL-INNER
G1 F3600 X-14.348 Y1.011 E0.02519
G1 X-14.385 Y2.568 E0.03885
G1 X-14.508 Y4.449 E0.04702
G1 X-13.272 Y4.444 E0.03083
G1 X-6.771 Y4.206 E0.16228
G1 X-4.886 Y4.083 E0.04712
G1 X-4.984 Y2.288 E0.04484
G1 X-4.988 Y0.01 E0.05683
G1 X-4.956 Y-.552 E0.01404
G1 X-4.959 Y-2.304 E0.0437
G1 X-4.837 Y-3.827 E0.03811
G1 X-4.847 Y-4.052 E0.00562
G1 X-6.773 Y-4.177 E0.04815
G1 X-9.939 Y-4.311 E0.07905
G1 X-10.141 Y-4.308 E0.00504
G1 X-13.168 Y-4.412 E0.07555
G1 X-14.482 Y-4.425 E0.03278
G1 X-14.353 Y-2.558 E0.04668
G1 X-14.336 Y-.987 E0.03919
G1 X-14.259 Y0.005 E0.02482
G0 F7200 X-14.659 Y0.005
;TYPE:WALL-OUTER
G1 F1800 X-14.748 Y0.988 E0.02462
G1 X-14.784 Y2.542 E0.03878
G1 X-14.895 Y4.266 E0.04309
G1 X-14.868 Y4.851 E0.01461
G1 X-13.258 Y4.844 E0.04016
G1 X-6.745 Y4.606 E0.16258
G1 X-4.518 Y4.46 E0.05567
G1 X-4.497 Y3.87 E0.01473
G1 X-4.584 Y2.288 E0.03952
G1 X-4.588 Y0.032 E0.05628
G1 X-4.556 Y-.542 E0.01434
G1 X-4.56 Y-2.272 E0.04316
G1 X-4.437 Y-3.82 E0.03874
G1 X-4.464 Y-4.428 E0.01518
G1 X-6.756 Y-4.577 E0.05729
G1 X-9.935 Y-4.711 E0.07937
G1 X-10.127 Y-4.708 E0.00479
G1 X-13.164 Y-4.812 E0.0758
G1 X-14.843 Y-4.829 E0.04188
G1 X-14.867 Y-4.196 E0.0158
G1 X-14.752 Y-2.519 E0.04193
G1 X-14.736 Y-.969 E0.03867
G1 X-14.659 Y0.005 E0.02437
G0 F7200 X-14.677 Y0.204
G0 X-13.682 Y0.298
G1 F4200 E-3.5
G0 F7200 X-4.718 Y3.872
G0 X-3.637 Y3.813
G0 X3.621 Y3.629
G0 X4.685 Y3.597
G0 X7.328 Y3.859
G0 X7.319 Y3.995
;TYPE:FILL
G1 F4200 E3.5
G1 F3600 X14.173 Y-2.859 E0.24179
G1 X14.243 Y-2.929
G0 F7200 X14.039 Y-2.94
G0 X14.089 Y2.923
G0 X14.228 Y2.914
G1 F3600 X7.211 Y-4.103 E0.24754
G1 X7.141 Y-4.173
G0 F7200 X7.149 Y-3.961
G0 X6.192 Y3.776
G0 X6.163 Y4.07
;TYPE:WALL-INNER
G1 F3600 X6.758 Y4.129 E0.01492
G1 X7.169 Y4.145 E0.01026
G1 X10.058 Y4.34 E0.07223
G1 X14.498 Y4.417 E0.11077
G1 X14.357 Y2.529 E0.04723
G1 X14.404 Y1.304 E0.03058
G1 X14.4 Y-0.046 E0.03368
G1 X14.352 Y-1.166 E0.02796
G1 X14.32 Y-2.624 E0.03638
G1 X14.4 Y-4.13 E0.03762
G1 X14.39 Y-4.507 E0.00941
G1 X10.112 Y-4.468 E0.10672
G1 X7.164 Y-4.26 E0.07372
G1 X6.788 Y-4.245 E0.00939
G1 X6.208 Y-4.176 E0.01457
G1 X4.82 Y-4.087 E0.03469
G1 X4.868 Y-2.353 E0.04327
G1 X4.837 Y-1.532 E0.02049
G1 X4.88 Y-0.041 E0.03721
G1 X4.817 Y1.409 E0.0362
G1 X4.895 Y4.043 E0.06573
G1 X6.163 Y4.07 E0.03164
G0 F7200 X6.124 Y4.468
;TYPE:WALL-OUTER
G1 F1800 X6.73 Y4.528 E0.01519
G1 X7.142 Y4.544 E0.01029
G1 X10.041 Y4.74 E0.07248
G1 X14.9 Y4.824 E0.12123
G1 X14.869 Y4.018 E0.02012
G1 X14.756 Y2.499 E0.038
G1 X14.804 Y1.312 E0.02963
G1 X14.8 Y-0.055 E0.0341
G1 X14.752 Y-1.175 E0.02796
G1 X14.72 Y-2.603 E0.03563
G1 X14.8 Y-4.111 E0.03767
G1 X14.78 Y-4.91 E0.01994
G1 X10.096 Y-4.868 E0.11685
G1 X7.148 Y-4.66 E0.07372
G1 X6.756 Y-4.644 E0.00979
G1 X6.149 Y-4.572 E0.01525
G1 X4.445 Y-4.464 E0.04259
G1 X4.432 Y-3.636 E0.02066
G1 X4.468 Y-2.328 E0.03264
G1 X4.437 Y-1.534 E0.01982
G1 X4.48 Y-0.059 E0.03681
G1 X4.417 Y1.406 E0.03658
G1 X4.507 Y4.435 E0.07559
G1 X6.124 Y4.468 E0.04034
G0 F7200 X6.323 Y4.487
G0 X6.419 Y3.496
G1 F4200 E-3.5
;MESH:NONMESH
G0 F600 X6.419 Y3.496 Z9.05
G0 F7200 X4.684 Y3.579
G0 X3.62 Y3.611
G0 X-3.637 Y3.813
G0 X-4.718 Y3.872
G0 X-7.251 Y3.928
G0 X-7.247 Y4.067
;TIME_ELAPSED:519.634426
;LAYER:59
;TYPE:FILL
;MESH:pi 3mm_deformed_tet (6).stl
G1 F4200 E3.5
G1 F3600 X-14.238 Y-2.925 E0.24664
G1 X-14.308 Y-2.995
G0 F7200 X-14.104 Y-3.008
G0 X-14.038 Y-.563
G0 X-14.13 Y2.961
G0 X-14.266 Y2.952
G1 F3600 X-7.273 Y-4.041 E0.2467
G1 X-7.203 Y-4.111
G0 F7200 X-7.212 Y-3.901
G0 X-13.966 Y0.037
G0 X-14.261 Y0.009
;TYPE:WALL-INNER
G1 F3600 X-14.368 Y1.163 E0.02891
G1 X-14.401 Y2.573 E0.03518
G1 X-14.503 Y4.079 E0.03765
G1 X-14.486 Y4.449 E0.00924
G1 X-13.268 Y4.444 E0.03038
G1 X-6.818 Y4.213 E0.161
G1 X-6.584 Y4.189 E0.00587
G1 X-4.915 Y4.08 E0.04172
G1 X-4.901 Y3.733 E0.00866
G1 X-4.98 Y2.307 E0.03563
G1 X-4.984 Y0.005 E0.05742
G1 X-4.948 Y-.683 E0.01719
G1 X-4.951 Y-2.291 E0.04011
G1 X-4.841 Y-3.691 E0.03503
G1 X-4.856 Y-4.047 E0.00889
G1 X-6.463 Y-4.15 E0.04017
G1 X-6.774 Y-4.181 E0.0078
G1 X-9.941 Y-4.311 E0.07907
G1 X-10.288 Y-4.312 E0.00866
G1 X-13.329 Y-4.412 E0.0759
G1 X-14.459 Y-4.425 E0.02819
G1 X-14.474 Y-4.041 E0.00959
G1 X-14.371 Y-2.523 E0.03795
G1 X-14.356 Y-1.141 E0.03448
G1 X-14.261 Y0.009 E0.02878
G0 F7200 X-14.664 Y0.023
;TYPE:WALL-OUTER
G1 F1800 X-14.768 Y1.14 E0.02798
G1 X-14.8 Y2.546 E0.03508
G1 X-14.903 Y4.075 E0.03823
G1 X-14.868 Y4.851 E0.01938
G1 X-13.254 Y4.844 E0.04026
G1 X-6.79 Y4.612 E0.16135
G1 X-6.558 Y4.588 E0.00582
G1 X-4.529 Y4.456 E0.05072
G1 X-4.501 Y3.73 E0.01812
G1 X-4.58 Y2.281 E0.0362
G1 X-4.584 Y0.025 E0.05628
G1 X-4.548 Y-.673 E0.01743
G1 X-4.552 Y-2.26 E0.03959
G1 X-4.441 Y-3.684 E0.03563
G1 X-4.472 Y-4.423 E0.01845
G1 X-6.424 Y-4.548 E0.04879
G1 X-6.746 Y-4.58 E0.00807
G1 X-9.933 Y-4.711 E0.07957
G1 X-10.275 Y-4.712 E0.00853
G1 X-13.324 Y-4.812 E0.0761
G1 X-14.843 Y-4.829 E0.03789
G1 X-14.875 Y-4.035 E0.01982
G1 X-14.771 Y-2.519 E0.03791
G1 X-14.756 Y-1.122 E0.03485
G1 X-14.664 Y0.023 E0.02865
G0 F7200 X-14.682 Y0.222
G0 X-13.691 Y0.315
G1 F4200 E-3.5
G0 F7200 X-4.722 Y3.731
G0 X-3.641 Y3.672
G0 X3.617 Y3.491
G0 X4.68 Y3.46
G0 X7.322 Y3.858
G0 X7.317 Y3.997
;TYPE:FILL
G1 F4200 E3.5
G1 F3600 X14.185 Y-2.871 E0.24229
G1 X14.255 Y-2.941
G0 F7200 X14.051 Y-2.952
G0 X14.098 Y2.937
G0 X14.24 Y2.927
G1 F3600 X7.207 Y-4.107 E0.24813
G1 X7.137 Y-4.177
G0 F7200 X7.145 Y-3.964
G0 X5.966 Y3.758
G0 X5.937 Y4.054
;TYPE:WALL-INNER
G1 F3600 X6.769 Y4.132 E0.02085
G1 X7.345 Y4.157 E0.01438
G1 X10.058 Y4.34 E0.06783
G1 X14.487 Y4.417 E0.1105
G1 X14.465 Y3.878 E0.01346
G1 X14.368 Y2.466 E0.03531
G1 X14.416 Y1.153 E0.03277
G1 X14.416 Y-0.046 E0.02991
G1 X14.36 Y-1.314 E0.03166
G1 X14.332 Y-2.628 E0.03279
G1 X14.403 Y-3.96 E0.03327
G1 X14.388 Y-4.502 E0.01353
G1 X10.108 Y-4.464 E0.10677
G1 X7.342 Y-4.272 E0.06916
G1 X6.796 Y-4.249 E0.01363
G1 X5.944 Y-4.149 E0.0214
G1 X4.845 Y-4.077 E0.02747
G1 X4.837 Y-3.509 E0.01417
G1 X4.868 Y-2.341 E0.02915
G1 X4.833 Y-1.405 E0.02336
G1 X4.872 Y-0.043 E0.03399
G1 X4.817 Y1.28 E0.03303
G1 X4.896 Y4.029 E0.0686
G1 X5.937 Y4.054 E0.02598
G0 F7200 X5.899 Y4.452
;TYPE:WALL-OUTER
G1 F1800 X6.742 Y4.532 E0.02112
G1 X7.318 Y4.556 E0.01438
G1 X10.041 Y4.74 E0.06808
G1 X14.903 Y4.824 E0.1213
G1 X14.865 Y3.862 E0.02402
G1 X14.768 Y2.503 E0.03399
G1 X14.816 Y1.16 E0.03352
G1 X14.816 Y-0.055 E0.03031
G1 X14.76 Y-1.323 E0.03166
G1 X14.732 Y-2.607 E0.03204
G1 X14.803 Y-3.955 E0.03367
G1 X14.777 Y-4.906 E0.02373
G1 X10.092 Y-4.864 E0.11687
G1 X7.325 Y-4.672 E0.06919
G1 X6.764 Y-4.648 E0.01401
G1 X5.918 Y-4.548 E0.02125
G1 X4.45 Y-4.452 E0.0367
G1 X4.437 Y-3.499 E0.02377
G1 X4.468 Y-2.316 E0.02952
G1 X4.433 Y-1.407 E0.02269
G1 X4.472 Y-0.059 E0.03364
G1 X4.417 Y1.278 E0.03338
G1 X4.507 Y4.42 E0.07841
G1 X5.899 Y4.452 E0.03473
G0 F7200 X6.098 Y4.47
G0 X6.194 Y3.478
G1 F4200 E-3.5
;MESH:NONMESH
G0 F600 X6.194 Y3.478 Z9.2
G0 F7200 X4.684 Y3.585
G0 X3.62 Y3.616
G0 X-3.641 Y3.672
G0 X-4.722 Y3.731
G0 X-7.251 Y3.929
G0 X-7.247 Y4.067
;TIME_ELAPSED:526.910308
;LAYER:60
;TYPE:FILL
;MESH:pi 3mm_deformed_tet (6).stl
G1 F4200 E3.5
G1 F3600 X-14.256 Y-2.942 E0.24726
G1 X-14.326 Y-3.012
G0 F7200 X-14.123 Y-3.025
G0 X-14.047 Y-.566
G0 X-14.15 Y2.982
G0 X-14.286 Y2.973
G1 F3600 X-7.273 Y-4.041 E0.24742
G1 X-7.203 Y-4.111
G0 F7200 X-7.212 Y-3.903
G0 X-13.973 Y-0.028
G0 X-14.271 Y-0.004
;TYPE:WALL-INNER
G1 F3600 X-14.392 Y1.311 E0.03294
G1 X-14.421 Y2.572 E0.03146
G1 X-14.51 Y3.947 E0.03437
G1 X-14.486 Y4.447 E0.01249
G1 X-12.999 Y4.435 E0.03709
G1 X-6.827 Y4.212 E0.15406
G1 X-6.352 Y4.169 E0.0119
G1 X-4.923 Y4.076 E0.03572
G1 X-4.905 Y3.593 E0.01206
G1 X-4.976 Y2.271 E0.03302
G1 X-4.984 Y-0.004 E0.05675
G1 X-4.94 Y-.812 E0.02019
G1 X-4.943 Y-2.28 E0.03662
G1 X-4.842 Y-3.551 E0.03181
G1 X-4.864 Y-4.043 E0.01229
G1 X-6.207 Y-4.128 E0.03357
G1 X-6.784 Y-4.181 E0.01445
G1 X-9.939 Y-4.315 E0.07877
G1 X-10.437 Y-4.312 E0.01242
G1 X-13.489 Y-4.416 E0.07618
G1 X-14.459 Y-4.425 E0.0242
G1 X-14.482 Y-3.882 E0.01356
G1 X-14.387 Y-2.526 E0.03391
G1 X-14.376 Y-1.288 E0.03088
G1 X-14.271 Y-0.004 E0.03214
G0 F7200 X-14.671 Y0.001
;TYPE:WALL-OUTER
G1 F1800 X-14.792 Y1.288 E0.03225
G1 X-14.82 Y2.546 E0.03139
G1 X-14.911 Y3.915 E0.03423
G1 X-14.868 Y4.85 E0.02335
G1 X-12.985 Y4.835 E0.04697
G1 X-6.801 Y4.612 E0.15436
G1 X-6.326 Y4.568 E0.0119
G1 X-4.537 Y4.452 E0.04472
G1 X-4.505 Y3.59 E0.02152
G1 X-4.576 Y2.269 E0.033
G1 X-4.584 Y0.017 E0.05618
G1 X-4.54 Y-.802 E0.02046
G1 X-4.544 Y-2.248 E0.03607
G1 X-4.441 Y-3.544 E0.03243
G1 X-4.48 Y-4.419 E0.02185
G1 X-6.186 Y-4.528 E0.04264
G1 X-6.758 Y-4.58 E0.01433
G1 X-9.932 Y-4.715 E0.07925
G1 X-10.423 Y-4.712 E0.01225
G1 X-13.485 Y-4.816 E0.07643
G1 X-14.843 Y-4.829 E0.03388
G1 X-14.883 Y-3.876 E0.02379
G1 X-14.787 Y-2.522 E0.03386
G1 X-14.776 Y-1.27 E0.03123
G1 X-14.671 Y0.001 E0.03181
G0 F7200 X-14.689 Y0.2
G0 X-13.695 Y0.293
G1 F4200 E-3.5
G0 F7200 X-4.726 Y3.591
G0 X-3.645 Y3.532
G0 X3.613 Y3.352
G0 X4.677 Y3.321
G0 X7.317 Y3.864
G0 X7.312 Y4.002
;TYPE:FILL
G1 F4200 E3.5
G1 F3600 X14.194 Y-2.88 E0.24278
G1 X14.264 Y-2.95
G0 F7200 X14.063 Y-2.961
G0 X14.108 Y2.946
G0 X14.25 Y2.936
G1 F3600 X7.206 Y-4.108 E0.2485
G1 X7.136 Y-4.178
G0 F7200 X7.144 Y-3.968
G0 X14.08 Y2.454
G0 X14.376 Y2.465
;TYPE:WALL-INNER
G1 F3600 X14.432 Y0.996 E0.03667
G1 X14.432 Y-0.042 E0.02589
G1 X14.368 Y-1.461 E0.03543
G1 X14.34 Y-2.58 E0.02792
G1 X14.407 Y-3.809 E0.0307
G1 X14.388 Y-4.502 E0.01729
G1 X10.105 Y-4.464 E0.10684
G1 X7.515 Y-4.28 E0.06477
G1 X6.808 Y-4.253 E0.01765
G1 X5.692 Y-4.12 E0.02804
G1 X4.852 Y-4.067 E0.021
G1 X4.841 Y-3.365 E0.01751
G1 X4.868 Y-2.328 E0.02588
G1 X4.829 Y-1.273 E0.02634
G1 X4.864 Y-0.042 E0.03072
G1 X4.813 Y1.153 E0.02984
G1 X4.896 Y4.015 E0.07142
G1 X5.712 Y4.035 E0.02036
G1 X6.781 Y4.141 E0.0268
G1 X7.525 Y4.169 E0.01857
G1 X10.058 Y4.34 E0.06333
G1 X14.492 Y4.417 E0.11062
G1 X14.464 Y3.703 E0.01782
G1 X14.376 Y2.465 E0.03096
G0 F7200 X14.08 Y2.454
G0 X5.74 Y3.739
G0 X5.672 Y4.433
;TYPE:WALL-OUTER
G1 F1800 X6.754 Y4.54 E0.02712
G1 X7.498 Y4.568 E0.01857
G1 X10.041 Y4.74 E0.06358
G1 X14.908 Y4.824 E0.12143
G1 X14.863 Y3.674 E0.02871
G1 X14.776 Y2.503 E0.02929
G1 X14.832 Y1.004 E0.03742
G1 X14.832 Y-0.051 E0.02632
G1 X14.768 Y-1.471 E0.03546
G1 X14.74 Y-2.608 E0.02837
G1 X14.807 Y-3.803 E0.02986
G1 X14.777 Y-4.906 E0.02752
G1 X10.089 Y-4.864 E0.11695
G1 X7.5 Y-4.68 E0.06475
G1 X6.776 Y-4.652 E0.01807
G1 X5.633 Y-4.516 E0.02871
G1 X4.458 Y-4.443 E0.02937
G1 X4.441 Y-3.355 E0.02714
G1 X4.468 Y-2.304 E0.02623
G1 X4.429 Y-1.275 E0.02569
G1 X4.464 Y-0.059 E0.03035
G1 X4.413 Y1.15 E0.03019
G1 X4.507 Y4.407 E0.08128
G1 X5.672 Y4.433 E0.02907
G0 F7200 X5.871 Y4.452
G0 X5.968 Y3.459
G1 F4200 E-3.5
;MESH:NONMESH
G0 F600 X5.968 Y3.459 Z9.35
G0 F7200 X4.685 Y3.589
G0 X3.621 Y3.62
G0 X-3.645 Y3.532
G0 X-4.726 Y3.591
G0 X-7.248 Y3.932
G0 X-7.244 Y4.07
;TIME_ELAPSED:534.410540
;LAYER:61
;TYPE:FILL
;MESH:pi 3mm_deformed_tet (6).stl
G1 F4200 E3.5
G1 F3600 X-14.278 Y-2.964 E0.24814
G1 X-14.348 Y-3.034
G0 F7200 X-14.144 Y-3.047
G0 X-14.058 Y-.572
G0 X-14.168 Y2.999
G0 X-14.303 Y2.99
G1 F3600 X-7.27 Y-4.044 E0.24813
G1 X-7.2 Y-4.114
G0 F7200 X-7.209 Y-3.905
G0 X-13.981 Y0.033
G0 X-14.279 Y0.005
;TYPE:WALL-INNER
G1 F3600 X-14.412 Y1.459 E0.03642
G1 X-14.437 Y2.572 E0.02777
G1 X-14.515 Y3.763 E0.02977
G1 X-14.485 Y4.446 E0.01705
G1 X-12.812 Y4.432 E0.04173
G1 X-6.84 Y4.216 E0.14907
G1 X-6.123 Y4.149 E0.01796
G1 X-4.932 Y4.071 E0.02977
G1 X-4.909 Y3.454 E0.0154
G1 X-4.976 Y2.255 E0.02996
G1 X-4.984 Y-0.013 E0.05658
G1 X-4.932 Y-.944 E0.02326
G1 X-4.935 Y-2.267 E0.033
G1 X-4.845 Y-3.411 E0.02863
G1 X-4.873 Y-4.039 E0.01568
G1 X-5.988 Y-4.11 E0.02787
G1 X-6.797 Y-4.185 E0.02027
G1 X-9.941 Y-4.315 E0.07849
G1 X-10.584 Y-4.316 E0.01604
G1 X-13.65 Y-4.416 E0.07652
G1 X-14.46 Y-4.425 E0.02021
G1 X-14.49 Y-3.721 E0.01758
G1 X-14.407 Y-2.527 E0.02986
G1 X-14.396 Y-1.44 E0.02712
G1 X-14.279 Y0.005 E0.03616
G0 F7200 X-14.679 Y0.005
;TYPE:WALL-OUTER
G1 F1800 X-14.812 Y1.436 E0.03585
G1 X-14.836 Y2.546 E0.0277
G1 X-14.915 Y3.759 E0.03032
G1 X-14.868 Y4.847 E0.02717
G1 X-12.798 Y4.832 E0.05164
G1 X-6.814 Y4.616 E0.14937
G1 X-6.097 Y4.548 E0.01797
G1 X-4.546 Y4.447 E0.03877
G1 X-4.509 Y3.45 E0.02489
G1 X-4.576 Y2.253 E0.02991
G1 X-4.584 Y0.009 E0.05598
G1 X-4.532 Y-.934 E0.02356
G1 X-4.536 Y-2.236 E0.03248
G1 X-4.445 Y-3.404 E0.02922
G1 X-4.489 Y-4.415 E0.02524
G1 X-5.951 Y-4.508 E0.03654
G1 X-6.77 Y-4.584 E0.02052
G1 X-9.933 Y-4.715 E0.07897
G1 X-10.571 Y-4.716 E0.01591
G1 X-13.645 Y-4.816 E0.07672
G1 X-14.844 Y-4.829 E0.02991
G1 X-14.891 Y-3.715 E0.02781
G1 X-14.807 Y-2.523 E0.02981
G1 X-14.796 Y-1.422 E0.02747
G1 X-14.679 Y0.005 E0.03572
G0 F7200 X-14.697 Y0.204
G0 X-13.704 Y0.298
G1 F4200 E-3.5
G0 F7200 X-4.73 Y3.45
G0 X-3.649 Y3.391
G0 X3.61 Y3.217
G0 X4.673 Y3.187
G0 X7.312 Y3.868
G0 X7.307 Y4.006
;TYPE:FILL
G1 F4200 E3.5
G1 F3600 X14.206 Y-2.892 E0.24336
G1 X14.276 Y-2.962
G0 F7200 X14.075 Y-2.973
G0 X14.117 Y2.953
G0 X14.257 Y2.944
G1 F3600 X7.202 Y-4.112 E0.2489
G1 X7.132 Y-4.182
G0 F7200 X7.14 Y-3.972
G0 X14.089 Y2.457
G0 X14.384 Y2.468
;TYPE:WALL-INNER
G1 F3600 X14.448 Y0.845 E0.04052
G1 X14.444 Y-0.041 E0.0221
G1 X14.376 Y-1.609 E0.03915
G1 X14.352 Y-2.629 E0.02545
G1 X14.407 Y-3.653 E0.02558
G1 X14.386 Y-4.502 E0.02118
G1 X10.1 Y-4.46 E0.10692
G1 X7.693 Y-4.292 E0.06019
G1 X6.82 Y-4.257 E0.02179
G1 X5.479 Y-4.097 E0.03369
G1 X4.856 Y-4.057 E0.01557
G1 X4.844 Y-3.227 E0.02071
G1 X4.868 Y-2.277 E0.02371
G1 X4.825 Y-1.145 E0.02826
G1 X4.856 Y-0.043 E0.0275
G1 X4.813 Y1.024 E0.02664
G1 X4.897 Y4.002 E0.07432
G1 X5.486 Y4.018 E0.0147
G1 X6.793 Y4.145 E0.03276
G1 X7.701 Y4.181 E0.02267
G1 X10.058 Y4.34 E0.05893
G1 X14.495 Y4.416 E0.1107
G1 X14.461 Y3.572 E0.02107
G1 X14.384 Y2.468 E0.02761
G0 F7200 X14.784 Y2.507
;TYPE:WALL-OUTER
G1 F1800 X14.848 Y0.852 E0.04131
G1 X14.844 Y-0.051 E0.02253
G1 X14.776 Y-1.619 E0.03915
G1 X14.752 Y-2.607 E0.02465
G1 X14.807 Y-3.647 E0.02598
G1 X14.776 Y-4.906 E0.03142
G1 X10.084 Y-4.86 E0.11705
G1 X7.677 Y-4.692 E0.06019
G1 X6.788 Y-4.656 E0.02219
G1 X5.453 Y-4.496 E0.03354
G1 X4.462 Y-4.432 E0.02477
G1 X4.444 Y-3.217 E0.03031
G1 X4.468 Y-2.292 E0.02308
G1 X4.425 Y-1.147 E0.02858
G1 X4.456 Y-0.059 E0.02715
G1 X4.413 Y1.022 E0.02699
G1 X4.507 Y4.392 E0.0841
G1 X5.448 Y4.416 E0.02348
G1 X6.766 Y4.544 E0.03303
G1 X7.674 Y4.58 E0.02267
G1 X10.041 Y4.74 E0.05918
G1 X14.911 Y4.824 E0.1215
G1 X14.861 Y3.556 E0.03165
G1 X14.784 Y2.507 E0.02624
G0 F7200 X14.791 Y2.308
G0 X13.795 Y2.269
G1 F4200 E-3.5
;MESH:NONMESH
G0 F600 X13.795 Y2.269 Z9.5
G0 F7200 X4.685 Y3.599
G0 X3.622 Y3.629
G0 X-3.647 Y3.487
G0 X-4.73 Y3.45
G0 X-7.245 Y3.933
G0 X-7.241 Y4.073
;TIME_ELAPSED:541.833705
;LAYER:62
;TYPE:FILL
;MESH:pi 3mm_deformed_tet (6).stl
G1 F4200 E3.5
G1 F3600 X-14.295 Y-2.981 E0.24885
G1 X-14.365 Y-3.051
G0 F7200 X-14.163 Y-3.064
G0 X-14.057 Y-.298
G0 X-14.188 Y3.019
G0 X-14.324 Y3.01
G1 F3600 X-7.266 Y-4.047 E0.24897
G1 X-7.196 Y-4.117
G0 F7200 X-7.205 Y-3.907
G0 X-13.988 Y0.033
G0 X-14.287 Y0.005
;TYPE:WALL-INNER
G1 F3600 X-14.432 Y1.607 E0.04013
G1 X-14.457 Y2.575 E0.02415
G1 X-14.523 Y3.602 E0.02567
G1 X-14.485 Y4.446 E0.02107
G1 X-12.624 Y4.424 E0.04643
G1 X-6.848 Y4.221 E0.14417
G1 X-5.891 Y4.129 E0.02398
G1 X-4.941 Y4.067 E0.02375
G1 X-4.913 Y3.311 E0.01887
G1 X-4.972 Y2.243 E0.02668
G1 X-4.98 Y-0.018 E0.0564
G1 X-4.928 Y-1.071 E0.0263
G1 X-4.926 Y-2.256 E0.02956
G1 X-4.845 Y-3.271 E0.0254
G1 X-4.88 Y-4.035 E0.01908
G1 X-5.752 Y-4.09 E0.0218
G1 X-6.809 Y-4.189 E0.02648
G1 X-9.939 Y-4.319 E0.07815
G1 X-10.732 Y-4.316 E0.01978
G1 X-13.813 Y-4.416 E0.0769
G1 X-14.46 Y-4.424 E0.01614
G1 X-14.495 Y-3.561 E0.02155
G1 X-14.425 Y-2.566 E0.02488
G1 X-14.416 Y-1.591 E0.02432
G1 X-14.287 Y0.005 E0.03994
G0 F7200 X-14.687 Y0.005
;TYPE:WALL-OUTER
G1 F1800 X-14.832 Y1.584 E0.03955
G1 X-14.856 Y2.549 E0.02408
G1 X-14.923 Y3.598 E0.02622
G1 X-14.868 Y4.847 E0.03119
G1 X-13.824 Y4.844 E0.02604
G1 X-12.61 Y4.824 E0.03029
G1 X-6.822 Y4.62 E0.14447
G1 X-5.865 Y4.528 E0.02398
G1 X-4.554 Y4.443 E0.03277
G1 X-4.513 Y3.307 E0.02836
G1 X-4.572 Y2.241 E0.02663
G1 X-4.58 Y0.002 E0.05585
G1 X-4.528 Y-1.061 E0.02655
G1 X-4.528 Y-2.224 E0.02901
G1 X-4.445 Y-3.264 E0.02603
G1 X-4.496 Y-4.411 E0.02864
G1 X-5.715 Y-4.488 E0.03047
G1 X-6.782 Y-4.588 E0.02673
G1 X-9.932 Y-4.719 E0.07864
G1 X-10.719 Y-4.716 E0.01963
G1 X-13.807 Y-4.816 E0.07707
G1 X-14.844 Y-4.829 E0.02587
G1 X-14.895 Y-3.555 E0.03181
G1 X-14.824 Y-2.526 E0.02573
G1 X-14.816 Y-1.573 E0.02377
G1 X-14.687 Y0.005 E0.03949
G0 F7200 X-14.705 Y0.204
G0 X-13.711 Y0.298
G1 F4200 E-3.5
G0 F7200 X-4.734 Y3.309
G0 X-3.653 Y3.25
G0 X3.607 Y3.079
G0 X4.67 Y3.049
G0 X7.309 Y3.872
G0 X7.304 Y4.009
;TYPE:FILL
G1 F4200 E3.5
G1 F3600 X14.219 Y-2.905 E0.24393
G1 X14.289 Y-2.975
G0 F7200 X14.087 Y-2.986
G0 X14.127 Y2.96
G0 X14.265 Y2.951
G1 F3600 X7.198 Y-4.116 E0.24931
G1 X7.128 Y-4.186
G0 F7200 X7.136 Y-3.974
G0 X7.896 Y3.895
G0 X7.876 Y4.193
;TYPE:WALL-INNER
G1 F3600 X10.058 Y4.336 E0.05455
G1 X14.498 Y4.416 E0.11077
G1 X14.456 Y3.389 E0.02564
G1 X14.392 Y2.471 E0.02296
G1 X14.464 Y0.693 E0.04439
G1 X14.46 Y-0.037 E0.01821
G1 X14.384 Y-1.761 E0.04305
G1 X14.364 Y-2.633 E0.02176
G1 X14.411 Y-3.497 E0.02158
G1 X14.386 Y-4.498 E0.02498
G1 X10.096 Y-4.46 E0.10702
G1 X7.869 Y-4.304 E0.05569
G1 X6.832 Y-4.261 E0.02589
G1 X4.864 Y-4.028 E0.04943
G1 X4.848 Y-3.086 E0.0235
G1 X4.868 Y-2.269 E0.02039
G1 X4.821 Y-1.013 E0.03135
G1 X4.848 Y-0.038 E0.02433
G1 X4.809 Y0.897 E0.02334
G1 X4.893 Y3.988 E0.07713
G1 X5.258 Y3.998 E0.00911
G1 X6.81 Y4.149 E0.0389
G1 X7.876 Y4.193 E0.02661
G0 F7200 X7.85 Y4.592
;TYPE:WALL-OUTER
G1 F1800 X10.041 Y4.736 E0.05477
G1 X14.915 Y4.824 E0.1216
G1 X14.858 Y3.402 E0.0355
G1 X14.792 Y2.511 E0.02229
G1 X14.864 Y0.7 E0.04521
G1 X14.86 Y-0.047 E0.01863
G1 X14.784 Y-1.771 E0.04305
G1 X14.764 Y-2.611 E0.02096
G1 X14.811 Y-3.491 E0.02198
G1 X14.776 Y-4.902 E0.03521
G1 X10.08 Y-4.86 E0.11715
G1 X7.853 Y-4.704 E0.05569
G1 X6.8 Y-4.66 E0.02629
G1 X5.217 Y-4.472 E0.03977
G1 X4.47 Y-4.424 E0.01867
G1 X4.448 Y-3.076 E0.03363
G1 X4.468 Y-2.284 E0.01976
G1 X4.421 Y-1.015 E0.03168
G1 X4.448 Y-0.055 E0.02396
G1 X4.409 Y0.894 E0.02369
G1 X4.503 Y4.38 E0.08699
G1 X5.22 Y4.396 E0.01789
G1 X6.782 Y4.548 E0.03915
G1 X7.85 Y4.592 E0.02666
G0 F7200 X8.049 Y4.605
G0 X8.116 Y3.608
G1 F4200 E-3.5
;MESH:NONMESH
G0 F600 X8.116 Y3.608 Z9.65
G0 F7200 X4.685 Y3.606
G0 X3.622 Y3.636
G0 X-3.651 Y3.346
G0 X-4.734 Y3.309
G0 X-7.244 Y3.936
G0 X-7.24 Y4.074
;TIME_ELAPSED:549.180330
;LAYER:63
;TYPE:FILL
;MESH:pi 3mm_deformed_tet (6).stl
G1 F4200 E3.5
G1 F3600 X-14.315 Y-3.002 E0.24961
G1 X-14.385 Y-3.072
G0 F7200 X-14.182 Y-3.085
G0 X-14.065 Y-.301
G0 X-14.206 Y3.038
G0 X-14.343 Y3.029
G1 F3600 X-7.267 Y-4.047 E0.24963
G1 X-7.197 Y-4.117
G0 F7200 X-7.206 Y-3.909
G0 X-13.995 Y0.029
G0 X-14.296 Y0.001
;TYPE:WALL-INNER
G1 F3600 X-14.452 Y1.759 E0.04403
G1 X-14.473 Y2.576 E0.02039
G1 X-14.531 Y3.443 E0.02168
G1 X-14.486 Y4.441 E0.02492
G1 X-12.425 Y4.419 E0.05141
G1 X-6.86 Y4.221 E0.13891
G1 X-5.659 Y4.104 E0.0301
G1 X-4.949 Y4.059 E0.01775
G1 X-4.917 Y3.17 E0.02219
G1 X-4.968 Y2.262 E0.02269
G1 X-4.98 Y-0.027 E0.0571
G1 X-4.92 Y-1.204 E0.0294
G1 X-4.919 Y-2.243 E0.02592
G1 X-4.85 Y-3.135 E0.02232
G1 X-4.888 Y-4.031 E0.02237
G1 X-5.515 Y-4.07 E0.01567
G1 X-6.82 Y-4.189 E0.03269
G1 X-9.94 Y-4.319 E0.0779
G1 X-10.884 Y-4.316 E0.02355
G1 X-14.46 Y-4.432 E0.08925
G1 X-14.503 Y-3.401 E0.02574
G1 X-14.443 Y-2.534 E0.02168
G1 X-14.436 Y-1.744 E0.01971
G1 X-14.296 Y0.001 E0.04367
G0 F7200 X-14.696 Y0.019
;TYPE:WALL-OUTER
G1 F1800 X-14.852 Y1.736 E0.04301
G1 X-14.872 Y2.55 E0.02031
G1 X-14.931 Y3.439 E0.02222
G1 X-14.868 Y4.843 E0.03506
G1 X-12.411 Y4.819 E0.06129
G1 X-6.834 Y4.62 E0.13921
G1 X-5.633 Y4.504 E0.0301
G1 X-4.562 Y4.435 E0.02677
G1 X-4.517 Y3.166 E0.03168
G1 X-4.568 Y2.23 E0.02338
G1 X-4.58 Y-0.007 E0.0558
G1 X-4.52 Y-1.194 E0.02965
G1 X-4.52 Y-2.212 E0.02539
G1 X-4.449 Y-3.128 E0.02292
G1 X-4.504 Y-4.407 E0.03193
G1 X-5.479 Y-4.468 E0.02437
G1 X-6.794 Y-4.588 E0.03294
G1 X-9.932 Y-4.719 E0.07835
G1 X-10.871 Y-4.716 E0.02342
G1 X-13.966 Y-4.816 E0.07725
G1 X-14.844 Y-4.825 E0.0219
G1 X-14.903 Y-3.395 E0.0357
G1 X-14.843 Y-2.53 E0.02163
G1 X-14.836 Y-1.726 E0.02006
G1 X-14.696 Y0.019 E0.04367
G0 F7200 X-14.714 Y0.218
G0 X-13.719 Y0.311
G1 F4200 E-3.5
G0 F7200 X-4.738 Y3.168
G0 X-3.657 Y3.109
G0 X3.602 Y2.941
G0 X4.666 Y2.912
G0 X7.307 Y3.876
G0 X7.302 Y4.011
;TYPE:FILL
G1 F4200 E3.5
G1 F3600 X14.231 Y-2.918 E0.24444
G1 X14.301 Y-2.988
G0 F7200 X14.099 Y-2.999
G0 X14.136 Y2.973
G0 X14.277 Y2.963
G1 F3600 X7.198 Y-4.116 E0.24973
G1 X7.128 Y-4.186
G0 F7200 X7.136 Y-3.978
G0 X8.073 Y3.906
G0 X8.053 Y4.201
;TYPE:WALL-INNER
G1 F3600 X10.058 Y4.336 E0.05013
G1 X14.5 Y4.417 E0.11082
G1 X14.457 Y3.245 E0.02926
G1 X14.404 Y2.473 E0.0193
G1 X14.476 Y0.536 E0.04835
G1 X14.476 Y-0.042 E0.01442
G1 X14.392 Y-1.905 E0.04652
G1 X14.376 Y-2.633 E0.01816
G1 X14.415 Y-3.342 E0.01771
G1 X14.386 Y-4.498 E0.02885
G1 X10.097 Y-4.456 E0.10699
G1 X8.046 Y-4.312 E0.05129
G1 X6.84 Y-4.261 E0.03011
G1 X4.869 Y-4.031 E0.0495
G1 X4.852 Y-2.945 E0.02709
G1 X4.868 Y-2.257 E0.01717
G1 X4.817 Y-.885 E0.03425
G1 X4.84 Y-0.037 E0.02116
G1 X4.805 Y0.769 E0.02012
G1 X4.893 Y3.966 E0.07978
G1 X6.821 Y4.153 E0.04832
G1 X8.053 Y4.201 E0.03076
G0 F7200 X8.026 Y4.6
;TYPE:WALL-OUTER
G1 F1800 X10.041 Y4.736 E0.05038
G1 X14.916 Y4.824 E0.12163
G1 X14.856 Y3.223 E0.03997
G1 X14.804 Y2.511 E0.01781
G1 X14.876 Y0.544 E0.0491
G1 X14.876 Y-0.051 E0.01484
G1 X14.792 Y-1.915 E0.04654
G1 X14.776 Y-2.611 E0.01737
G1 X14.815 Y-3.336 E0.01811
G1 X14.776 Y-4.902 E0.03908
G1 X10.081 Y-4.856 E0.11712
G1 X8.029 Y-4.712 E0.05131
G1 X6.808 Y-4.66 E0.03049
G1 X4.985 Y-4.448 E0.04578
G1 X4.474 Y-4.416 E0.01277
G1 X4.452 Y-2.936 E0.03692
G1 X4.468 Y-2.272 E0.01657
G1 X4.417 Y-.887 E0.03457
G1 X4.44 Y-0.055 E0.02076
G1 X4.405 Y0.766 E0.0205
G1 X4.503 Y4.367 E0.08986
G1 X4.992 Y4.377 E0.0122
G1 X6.794 Y4.552 E0.04516
G1 X8.026 Y4.6 E0.03076
G0 F7200 X8.225 Y4.613
G0 X8.291 Y3.619
G1 F4200 E-3.5
;MESH:NONMESH
G0 F600 X8.291 Y3.619 Z9.8
G0 F7200 X4.685 Y3.612
G0 X3.621 Y3.641
G0 X-3.659 Y3.317
G0 X-4.741 Y3.28
G0 X-7.242 Y3.937
G0 X-7.238 Y4.076
;TIME_ELAPSED:556.532953
;LAYER:64
;TYPE:FILL
;MESH:pi 3mm_deformed_tet (6).stl
G1 F4200 E3.5
G1 F3600 X-14.334 Y-3.021 E0.25035
G1 X-14.404 Y-3.091
G0 F7200 X-14.202 Y-3.105
G0 X-14.073 Y-.303
G0 X-14.225 Y3.057
G0 X-14.362 Y3.048
G1 F3600 X-7.263 Y-4.05 E0.25042
G1 X-7.193 Y-4.12
G0 F7200 X-7.202 Y-3.911
G0 X-14.002 Y0.029
G0 X-14.299 Y0.001
;TYPE:WALL-INNER
G1 F3600 X-14.476 Y1.906 E0.04773
G1 X-14.489 Y2.583 E0.01689
G1 X-14.539 Y3.284 E0.01753
G1 X-14.487 Y4.437 E0.02879
G1 X-12.234 Y4.411 E0.05621
G1 X-6.872 Y4.224 E0.13384
G1 X-4.959 Y4.04 E0.04794
G1 X-4.921 Y3.029 E0.02524
G1 X-4.964 Y2.241 E0.01969
G1 X-4.98 Y-0.032 E0.0567
G1 X-4.912 Y-1.332 E0.03247
G1 X-4.91 Y-2.232 E0.02245
G1 X-4.85 Y-2.995 E0.01909
G1 X-4.896 Y-4.019 E0.02557
G1 X-6.832 Y-4.193 E0.04849
G1 X-9.936 Y-4.323 E0.0775
G1 X-11.031 Y-4.32 E0.02731
G1 X-14.46 Y-4.419 E0.08557
G1 X-14.51 Y-3.242 E0.02939
G1 X-14.459 Y-2.532 E0.01776
G1 X-14.456 Y-1.891 E0.01599
G1 X-14.299 Y0.001 E0.04736
G0 F7200 X-14.699 Y0.001
;TYPE:WALL-OUTER
G1 F1800 X-14.876 Y1.884 E0.04718
G1 X-14.888 Y2.555 E0.01674
G1 X-14.939 Y3.279 E0.01811
G1 X-14.869 Y4.841 E0.039
G1 X-12.22 Y4.811 E0.06608
G1 X-6.846 Y4.624 E0.13414
G1 X-5.401 Y4.484 E0.03621
G1 X-4.574 Y4.431 E0.02067
G1 X-4.521 Y3.026 E0.03507
G1 X-4.564 Y2.21 E0.02038
G1 X-4.58 Y-0.011 E0.0554
G1 X-4.512 Y-1.322 E0.03275
G1 X-4.512 Y-2.2 E0.0219
G1 X-4.449 Y-2.988 E0.01972
G1 X-4.512 Y-4.404 E0.03536
G1 X-5.246 Y-4.452 E0.01835
G1 X-6.806 Y-4.592 E0.03907
G1 X-9.928 Y-4.723 E0.07795
G1 X-11.019 Y-4.72 E0.02722
G1 X-14.127 Y-4.815 E0.07757
G1 X-14.844 Y-4.825 E0.01789
G1 X-14.911 Y-3.236 E0.03967
G1 X-14.859 Y-2.53 E0.01766
G1 X-14.856 Y-1.873 E0.01639
G1 X-14.699 Y0.001 E0.04691
G0 F7200 X-14.717 Y0.2
G0 X-13.725 Y0.294
G1 F4200 E-3.5
G0 F7200 X-4.742 Y3.027
G0 X-3.661 Y2.968
G0 X3.6 Y2.803
G0 X4.663 Y2.774
G0 X7.3 Y3.881
G0 X7.295 Y4.018
;TYPE:FILL
G1 F4200 E3.5
G1 F3600 X14.245 Y-2.931 E0.24516
G1 X14.315 Y-3.001
G0 F7200 X14.111 Y-3.012
G0 X14.146 Y2.98
G0 X14.285 Y2.971
G1 F3600 X7.194 Y-4.12 E0.25015
G1 X7.124 Y-4.19
G0 F7200 X7.132 Y-3.981
G0 X8.249 Y3.918
G0 X8.229 Y4.213
;TYPE:WALL-INNER
G1 F3600 X10.058 Y4.336 E0.04573
G1 X14.504 Y4.416 E0.11092
G1 X14.454 Y3.11 E0.0326
G1 X14.412 Y2.477 E0.01582
G1 X14.499 Y0.163 E0.05776
G1 X14.4 Y-2.054 E0.05536
G1 X14.389 Y-2.638 E0.01457
G1 X14.419 Y-3.189 E0.01377
G1 X14.383 Y-4.498 E0.03267
G1 X10.093 Y-4.456 E0.10702
G1 X8.218 Y-4.324 E0.04689
G1 X6.853 Y-4.265 E0.03408
G1 X4.876 Y-4.033 E0.04965
G1 X4.856 Y-2.805 E0.03064
G1 X4.868 Y-2.245 E0.01397
G1 X4.813 Y-.753 E0.03724
G1 X4.832 Y-0.04 E0.01779
G1 X4.805 Y0.641 E0.017
G1 X4.894 Y3.971 E0.0831
G1 X6.833 Y4.161 E0.0486
G1 X8.229 Y4.213 E0.03485
G0 F7200 X8.202 Y4.612
;TYPE:WALL-OUTER
G1 F1800 X10.041 Y4.736 E0.04598
G1 X14.92 Y4.824 E0.12173
G1 X14.854 Y3.094 E0.04319
G1 X14.812 Y2.515 E0.01448
G1 X14.899 Y0.161 E0.05876
G1 X14.8 Y-2.063 E0.05553
G1 X14.788 Y-2.616 E0.0138
G1 X14.819 Y-3.183 E0.01416
G1 X14.773 Y-4.902 E0.0429
G1 X10.077 Y-4.856 E0.11715
G1 X8.201 Y-4.724 E0.04691
G1 X6.821 Y-4.664 E0.03446
G1 X4.482 Y-4.389 E0.05875
G1 X4.456 Y-2.797 E0.03972
G1 X4.468 Y-2.26 E0.0134
G1 X4.413 Y-.755 E0.03757
G1 X4.432 Y-0.056 E0.01744
G1 X4.405 Y0.638 E0.01732
G1 X4.503 Y4.334 E0.09223
G1 X6.806 Y4.56 E0.05772
G1 X8.202 Y4.612 E0.03485
G0 F7200 X8.401 Y4.625
G0 X8.467 Y3.631
G1 F4200 E-3.5
;MESH:NONMESH
G0 F600 X8.467 Y3.631 Z9.95
G0 F7200 X4.686 Y3.617
G0 X3.622 Y3.646
G0 X-3.668 Y3.32
G0 X-4.751 Y3.283
G0 X-7.242 Y3.939
G0 X-7.238 Y4.076
;TIME_ELAPSED:563.887474
;LAYER:65
;TYPE:FILL
;MESH:pi 3mm_deformed_tet (6).stl
G1 F4200 E3.5
G1 F3600 X-14.355 Y-3.041 E0.25107
G1 X-14.425 Y-3.111
G0 F7200 X-14.22 Y-3.102
G0 X-14.081 Y-.304
G0 X-14.244 Y3.075
G0 X-14.38 Y3.066
G1 F3600 X-7.263 Y-4.05 E0.25105
G1 X-7.193 Y-4.12
G0 F7200 X-7.202 Y-3.912
G0 X-14.009 Y0.029
G0 X-14.307 Y0.001
;TYPE:WALL-INNER
G1 F3600 X-14.496 Y2.055 E0.05145
G1 X-14.509 Y2.578 E0.01305
G1 X-14.543 Y3.122 E0.0136
G1 X-14.486 Y4.433 E0.03273
G1 X-12.042 Y4.407 E0.06097
G1 X-6.883 Y4.225 E0.12877
G1 X-4.968 Y4.044 E0.04798
G1 X-4.925 Y2.891 E0.02878
G1 X-4.964 Y2.231 E0.01649
G1 X-4.976 Y-0.038 E0.0566
G1 X-4.904 Y-1.463 E0.03559
G1 X-4.903 Y-2.223 E0.01896
G1 X-4.853 Y-2.855 E0.01581
G1 X-4.904 Y-4.025 E0.02921
G1 X-6.844 Y-4.193 E0.04857
G1 X-9.936 Y-4.323 E0.0772
G1 X-11.176 Y-4.32 E0.03093
G1 X-14.46 Y-4.42 E0.08196
G1 X-14.518 Y-3.086 E0.03331
G1 X-14.479 Y-2.537 E0.01373
G1 X-14.476 Y-2.044 E0.0123
G1 X-14.307 Y0.001 E0.05119
G0 F7200 X-14.707 Y0.001
;TYPE:WALL-OUTER
G1 F1800 X-14.896 Y2.032 E0.05088
G1 X-14.908 Y2.553 E0.013
G1 X-14.943 Y3.118 E0.01412
G1 X-14.868 Y4.837 E0.04292
G1 X-12.028 Y4.807 E0.07085
G1 X-6.857 Y4.624 E0.12907
G1 X-5.169 Y4.464 E0.0423
G1 X-4.582 Y4.427 E0.01467
G1 X-4.525 Y2.887 E0.03844
G1 X-4.564 Y2.198 E0.01721
G1 X-4.576 Y-0.018 E0.05528
G1 X-4.504 Y-1.453 E0.03584
G1 X-4.504 Y-2.192 E0.01843
G1 X-4.453 Y-2.848 E0.01641
G1 X-4.52 Y-4.39 E0.0385
G1 X-6.818 Y-4.592 E0.05754
G1 X-9.928 Y-4.723 E0.07765
G1 X-11.163 Y-4.72 E0.03081
G1 X-14.29 Y-4.819 E0.07804
G1 X-14.844 Y-4.825 E0.01382
G1 X-14.919 Y-3.08 E0.04357
G1 X-14.879 Y-2.534 E0.01366
G1 X-14.876 Y-2.026 E0.01267
G1 X-14.707 Y0.001 E0.05074
G0 F7200 X-14.725 Y0.2
G0 X-13.732 Y0.294
G1 F4200 E-3.5
G0 F7200 X-4.746 Y2.886
G0 X-3.665 Y2.827
G0 X3.597 Y2.665
G0 X4.66 Y2.636
G0 X7.297 Y3.885
G0 X7.292 Y4.022
;TYPE:FILL
G1 F4200 E3.5
G1 F3600 X14.254 Y-2.94 E0.2456
G1 X14.324 Y-3.01
G0 F7200 X14.123 Y-3.021
G0 X14.154 Y2.982
G0 X14.292 Y2.978
G1 F3600 X7.191 Y-4.123 E0.25051
G1 X7.121 Y-4.193
G0 F7200 X7.129 Y-3.984
G0 X8.425 Y3.929
G0 X8.405 Y4.225
;TYPE:WALL-INNER
G1 F3600 X10.062 Y4.336 E0.04143
G1 X14.507 Y4.416 E0.1109
G1 X14.45 Y2.955 E0.03647
G1 X14.42 Y2.477 E0.01195
G1 X14.511 Y0.094 E0.05949
G1 X14.396 Y-2.541 E0.06579
G1 X14.419 Y-3.031 E0.01224
G1 X14.382 Y-4.493 E0.03648
G1 X10.088 Y-4.452 E0.10712
G1 X8.395 Y-4.336 E0.04233
G1 X6.865 Y-4.269 E0.0382
G1 X4.883 Y-4.037 E0.04978
G1 X4.86 Y-2.666 E0.0342
G1 X4.868 Y-2.233 E0.0108
G1 X4.809 Y-.625 E0.04014
G1 X4.824 Y-0.038 E0.01465
G1 X4.801 Y0.513 E0.01376
G1 X4.894 Y3.974 E0.08637
G1 X6.845 Y4.165 E0.0489
G1 X8.405 Y4.225 E0.03894
G0 F7200 X8.378 Y4.624
;TYPE:WALL-OUTER
G1 F1800 X10.045 Y4.736 E0.04168
G1 X14.923 Y4.824 E0.1217
G1 X14.85 Y2.939 E0.04706
G1 X14.82 Y2.514 E0.01063
G1 X14.911 Y0.093 E0.06043
G1 X14.796 Y-2.522 E0.06529
G1 X14.819 Y-3.027 E0.01261
G1 X14.772 Y-4.897 E0.04666
G1 X10.072 Y-4.852 E0.11725
G1 X8.377 Y-4.736 E0.04238
G1 X6.833 Y-4.668 E0.03855
G1 X4.489 Y-4.393 E0.05887
G1 X4.46 Y-2.659 E0.04326
G1 X4.468 Y-2.248 E0.01025
G1 X4.409 Y-.627 E0.04046
G1 X4.424 Y-0.055 E0.01427
G1 X4.401 Y0.51 E0.01411
G1 X4.504 Y4.338 E0.09552
G1 X6.818 Y4.564 E0.058
G1 X8.378 Y4.624 E0.03894
G0 F7200 X8.577 Y4.637
G0 X8.643 Y3.642
G1 F4200 E-3.5
G1 F600 Z10.45
;MESH:NONMESH
G0 F7200 X8.643 Y3.642 Z10.45
G0 X-7.234 Y4.079
;TIME_ELAPSED:571.235143
;LAYER:66
;MESH:pi 3mm_deformed_tet (6).stl
G0 X-7.234 Y4.079 Z10.6
;TYPE:FILL
G1 F600 Z10.1
G1 F4200 E3.5
G1 F3600 X-14.356 Y-3.043 E0.25125
G1 X-14.426 Y-3.113
G0 F7200 X-14.221 Y-3.104
G0 X-14.089 Y-.305
G0 X-14.248 Y3.065
G0 X-14.384 Y3.07
G1 F3600 X-7.26 Y-4.054 E0.25132
G1 X-7.19 Y-4.124
G0 F7200 X-7.199 Y-3.915
G0 X-14.017 Y0.029
G0 X-14.315 Y0.001
;TYPE:WALL-INNER
G1 F3600 X-14.517 Y2.21 E0.05533
G1 X-14.551 Y2.957 E0.01865
G1 X-14.486 Y4.433 E0.03685
G1 X-11.849 Y4.403 E0.06578
G1 X-6.896 Y4.229 E0.12363
G1 X-4.981 Y4.041 E0.048
G1 X-4.929 Y2.75 E0.03223
G1 X-4.96 Y2.214 E0.01339
G1 X-4.976 Y-0.047 E0.0564
G1 X-4.896 Y-1.592 E0.03859
G1 X-4.895 Y-2.209 E0.01539
G1 X-4.858 Y-2.714 E0.01263
G1 X-4.914 Y-4.021 E0.03263
G1 X-6.856 Y-4.197 E0.04864
G1 X-9.936 Y-4.327 E0.0769
G1 X-11.324 Y-4.32 E0.03462
G1 X-14.462 Y-4.419 E0.07832
G1 X-14.523 Y-2.915 E0.03755
G1 X-14.499 Y-2.256 E0.01645
G1 X-14.315 Y0.001 E0.05649
G0 F7200 X-14.715 Y0.001
;TYPE:WALL-OUTER
G1 F1800 X-14.916 Y2.182 E0.05464
G1 X-14.951 Y2.957 E0.01935
G1 X-14.868 Y4.837 E0.04694
G1 X-11.835 Y4.803 E0.07566
G1 X-6.87 Y4.628 E0.12393
G1 X-4.59 Y4.411 E0.05713
G1 X-4.529 Y2.746 E0.04156
G1 X-4.56 Y2.182 E0.01409
G1 X-4.576 Y-0.027 E0.05511
G1 X-4.496 Y-1.582 E0.03884
G1 X-4.496 Y-2.179 E0.01489
G1 X-4.457 Y-2.708 E0.01323
G1 X-4.529 Y-4.388 E0.04195
G1 X-6.83 Y-4.596 E0.05763
G1 X-9.928 Y-4.727 E0.07735
G1 X-11.311 Y-4.72 E0.0345
G1 X-14.847 Y-4.825 E0.08824
G1 X-14.923 Y-2.915 E0.04768
G1 X-14.896 Y-2.185 E0.01822
G1 X-14.715 Y0.001 E0.05472
G0 F7200 X-14.733 Y0.2
G0 X-13.74 Y0.292
G1 F4200 E-3.5
G0 F7200 X-4.75 Y2.745
G0 X-3.669 Y2.686
G0 X3.599 Y2.55
G0 X4.663 Y2.525
G0 X7.293 Y3.889
G0 X7.288 Y4.026
;TYPE:FILL
G1 F4200 E3.5
G1 F3600 X14.261 Y-2.947 E0.24599
G1 X14.331 Y-3.017
G0 F7200 X14.121 Y-3.013
G0 X14.157 Y2.98
G0 X14.29 Y2.976
G1 F3600 X7.188 Y-4.126 E0.25054
G1 X7.118 Y-4.196
G0 F7200 X7.126 Y-3.987
G0 X13.153 Y4.086
G0 X13.146 Y4.384
;TYPE:WALL-INNER
G1 F3600 X14.511 Y4.414 E0.03406
G1 X14.449 Y2.781 E0.04076
G1 X14.428 Y2.48 E0.00753
G1 X14.523 Y0.085 E0.05979
G1 X14.412 Y-2.579 E0.06651
G1 X14.423 Y-2.875 E0.00739
G1 X14.382 Y-4.489 E0.04027
G1 X10.083 Y-4.452 E0.10724
G1 X8.57 Y-4.344 E0.03784
G1 X6.877 Y-4.273 E0.04227
G1 X4.889 Y-4.035 E0.04994
G1 X4.865 Y-2.521 E0.03777
G1 X4.872 Y-2.22 E0.00751
G1 X4.804 Y-.486 E0.04329
G1 X4.801 Y0.368 E0.0213
G1 X4.896 Y3.975 E0.09001
G1 X6.858 Y4.169 E0.04918
G1 X8.585 Y4.237 E0.04311
G1 X10.061 Y4.336 E0.0369
G1 X13.146 Y4.384 E0.07696
G0 F7200 X13.153 Y4.086
G0 X8.604 Y3.94
G0 X8.558 Y4.636
;TYPE:WALL-OUTER
G1 F1800 X10.045 Y4.736 E0.03718
G1 X13.137 Y4.784 E0.07714
G1 X14.927 Y4.823 E0.04466
G1 X14.85 Y2.8 E0.0505
G1 X14.828 Y2.521 E0.00698
G1 X14.923 Y0.085 E0.06081
G1 X14.812 Y-2.614 E0.06738
G1 X14.823 Y-2.871 E0.00642
G1 X14.772 Y-4.893 E0.05046
G1 X10.068 Y-4.852 E0.11735
G1 X8.553 Y-4.744 E0.03789
G1 X6.845 Y-4.672 E0.04264
G1 X4.495 Y-4.391 E0.05904
G1 X4.465 Y-2.511 E0.0469
G1 X4.472 Y-2.236 E0.00686
G1 X4.404 Y-.495 E0.04346
G1 X4.402 Y0.446 E0.02347
G1 X4.452 Y2.115 E0.04165
G1 X4.504 Y4.338 E0.05547
G1 X6.83 Y4.568 E0.05831
G1 X8.558 Y4.636 E0.04314
G0 F7200 X8.757 Y4.649
G0 X8.823 Y3.653
G1 F4200 E-3.5
;MESH:NONMESH
G0 F600 X8.823 Y3.653 Z10.25
G0 F7200 X4.69 Y3.663
G0 X3.626 Y3.688
G0 X-3.687 Y3.363
G0 X-4.77 Y3.326
G0 X-7.235 Y3.942
G0 X-7.231 Y4.083
;TIME_ELAPSED:578.759940
;LAYER:67
;TYPE:FILL
;MESH:pi 3mm_deformed_tet (6).stl
G1 F4200 E3.5
G1 F3600 X-14.361 Y-3.048 E0.25155
G1 X-14.431 Y-3.118
G0 F7200 X-14.221 Y-3.109
G0 X-14.095 Y-.305
G0 X-14.248 Y3.067
G0 X-14.386 Y3.072
G1 F3600 X-7.256 Y-4.057 E0.25151
G1 X-7.186 Y-4.127
G0 F7200 X-7.195 Y-3.916
G0 X-14.024 Y-0.027
G0 X-14.323 Y-0.003
;TYPE:WALL-INNER
G1 F3600 X-14.566 Y2.643 E0.06628
G1 X-14.486 Y4.429 E0.0446
G1 X-11.662 Y4.395 E0.07045
G1 X-6.903 Y4.233 E0.11878
G1 X-4.985 Y4.048 E0.04807
G1 X-4.933 Y2.606 E0.03599
G1 X-4.956 Y2.173 E0.01082
G1 X-4.972 Y-0.054 E0.05555
G1 X-4.888 Y-1.748 E0.04231
G1 X-4.857 Y-2.562 E0.02032
G1 X-4.921 Y-4.025 E0.03653
G1 X-6.868 Y-4.2 E0.04876
G1 X-9.936 Y-4.331 E0.0766
G1 X-11.475 Y-4.324 E0.03839
G1 X-14.465 Y-4.417 E0.07462
G1 X-14.538 Y-2.629 E0.04464
G1 X-14.323 Y-0.003 E0.06573
G0 F7200 X-14.723 Y-0.001
;TYPE:WALL-OUTER
G1 F1800 X-14.967 Y2.633 E0.06599
G1 X-14.868 Y4.833 E0.05493
G1 X-11.648 Y4.795 E0.08033
G1 X-6.877 Y4.632 E0.11908
G1 X-4.598 Y4.413 E0.05711
G1 X-4.533 Y2.602 E0.0452
G1 X-4.556 Y2.17 E0.01079
G1 X-4.572 Y-0.034 E0.05498
G1 X-4.488 Y-1.733 E0.04243
G1 X-4.457 Y-2.563 E0.02072
G1 X-4.537 Y-4.392 E0.04567
G1 X-6.842 Y-4.6 E0.05773
G1 X-9.928 Y-4.731 E0.07705
G1 X-11.463 Y-4.724 E0.03829
G1 X-14.848 Y-4.829 E0.08448
G1 X-14.939 Y-2.621 E0.05513
G1 X-14.723 Y-0.001 E0.06558
G0 F7200 X-14.741 Y0.198
G0 X-13.746 Y0.29
G1 F4200 E-3.5
G0 F7200 X-4.754 Y2.604
G0 X-3.671 Y2.642
G0 X3.508 Y3.573
G0 X4.423 Y4.13
G0 X7.29 Y3.893
G0 X7.285 Y4.029
;TYPE:FILL
G1 F4200 E3.5
G1 F3600 X14.262 Y-2.949 E0.24615
G1 X14.332 Y-3.019
G0 F7200 X14.12 Y-3.015
G0 X14.16 Y2.992
G0 X14.301 Y2.987
G1 F3600 X7.185 Y-4.129 E0.25104
G1 X7.115 Y-4.199
G0 F7200 X7.123 Y-3.991
G0 X13.146 Y4.084
G0 X13.139 Y4.38
;TYPE:WALL-INNER
G1 F3600 X14.514 Y4.412 E0.03431
G1 X14.44 Y2.493 E0.04791
G1 X14.527 Y0.246 E0.05609
G1 X14.567 Y-0.037 E0.00713
G1 X14.524 Y-.297 E0.00657
G1 X14.424 Y-2.577 E0.05693
G1 X14.427 Y-2.768 E0.00477
G1 X14.383 Y-4.488 E0.04292
G1 X11.723 Y-4.456 E0.06636
G1 X10.082 Y-4.448 E0.04094
G1 X8.746 Y-4.356 E0.03341
G1 X6.884 Y-4.277 E0.04649
G1 X4.711 Y-4.023 E0.05457
G1 X4.796 Y-3.887 E0.004
G1 X4.884 Y-3.563 E0.00838
G1 X4.872 Y-2.212 E0.0337
G1 X4.8 Y-.354 E0.04638
G1 X4.797 Y0.241 E0.01484
G1 X4.884 Y3.531 E0.0821
G1 X4.803 Y3.851 E0.00823
G1 X4.735 Y3.967 E0.00335
G1 X6.873 Y4.173 E0.05358
G1 X8.759 Y4.249 E0.04708
G1 X10.06 Y4.332 E0.03252
G1 X13.139 Y4.38 E0.07682
G0 F7200 X13.146 Y4.084
G0 X5.186 Y3.524
G0 X4.484 Y3.542
;TYPE:WALL-OUTER
G1 F1800 X4.457 Y3.649 E0.00275
G1 X4.31 Y3.903 E0.00732
G1 X4.118 Y4.233 E0.00952
G1 X4.053 Y4.283 E0.00205
G1 X4.289 Y4.326 E0.00598
G1 X4.505 Y4.347 E0.00541
G1 X6.846 Y4.572 E0.05867
G1 X8.733 Y4.648 E0.04711
G1 X10.044 Y4.732 E0.03277
G1 X13.129 Y4.78 E0.07696
G1 X14.931 Y4.822 E0.04496
G1 X14.84 Y2.508 E0.05777
G1 X14.926 Y0.283 E0.05554
G1 X14.973 Y-0.047 E0.00831
G1 X14.924 Y-.315 E0.0068
G1 X14.824 Y-2.612 E0.05735
G1 X14.827 Y-2.778 E0.00414
G1 X14.773 Y-4.893 E0.05278
G1 X11.721 Y-4.856 E0.07614
G1 X10.068 Y-4.848 E0.04123
G1 X8.729 Y-4.756 E0.03348
G1 X6.852 Y-4.676 E0.04686
G1 X4.496 Y-4.407 E0.05915
G1 X4.271 Y-4.381 E0.00565
G1 X4.007 Y-4.333 E0.00669
G1 X4.087 Y-4.277 E0.00244
G1 X4.308 Y-3.916 E0.01056
G1 X4.455 Y-3.677 E0.007
G1 X4.484 Y-3.569 E0.00279
G1 X4.472 Y-2.228 E0.03345
G1 X4.4 Y-.363 E0.04656
G1 X4.397 Y0.245 E0.01517
G1 X4.484 Y3.542 E0.08227
G0 F7200 X4.457 Y3.649
G0 X4.412 Y3.726
G0 X5.439 Y3.436
G1 F4200 E-3.5
;MESH:NONMESH
G0 F600 X5.439 Y3.436 Z10.4
G0 F7200 X4.423 Y4.13
G0 X3.508 Y3.573
G0 X-3.714 Y3.839
G0 X-4.796 Y3.801
G0 X-7.236 Y3.944
G0 X-7.232 Y4.082
;TIME_ELAPSED:586.406153
;LAYER:68
;TYPE:FILL
;MESH:pi 3mm_deformed_tet (6).stl
G1 F4200 E3.5
G1 F3600 X-14.36 Y-3.046 E0.25146
G1 X-14.43 Y-3.116
G0 F7200 X-14.221 Y-3.107
G0 X-14.159 Y-.115
G0 X-14.248 Y3.065
G0 X-14.384 Y3.07
G1 F3600 X-7.258 Y-4.056 E0.25139
G1 X-7.188 Y-4.126
G0 F7200 X-7.197 Y-3.919
G0 X-14.09 Y0.655
G0 X-14.386 Y0.627
;TYPE:WALL-INNER
G1 F3600 X-14.566 Y2.591 E0.0492
G1 X-14.486 Y4.428 E0.04587
G1 X-11.472 Y4.391 E0.07519
G1 X-6.915 Y4.233 E0.11374
G1 X-4.996 Y4.052 E0.04808
G1 X-4.937 Y2.465 E0.03962
G1 X-4.952 Y2.184 E0.00702
G1 X-4.972 Y-0.059 E0.05595
G1 X-4.88 Y-1.862 E0.04503
G1 X-4.861 Y-2.421 E0.01395
G1 X-4.929 Y-4.026 E0.04007
G1 X-6.88 Y-4.201 E0.04886
G1 X-9.936 Y-4.331 E0.0763
G1 X-11.624 Y-4.324 E0.04211
G1 X-14.464 Y-4.408 E0.07088
G1 X-14.538 Y-2.608 E0.04494
G1 X-14.389 Y-.748 E0.04655
G1 X-14.415 Y-0.001 E0.01865
G1 X-14.386 Y0.627 E0.01568
G0 F7200 X-14.784 Y0.591
;TYPE:WALL-OUTER
G1 F1800 X-14.967 Y2.581 E0.04985
G1 X-14.868 Y4.833 E0.05623
G1 X-11.458 Y4.791 E0.08507
G1 X-6.889 Y4.632 E0.11404
G1 X-4.61 Y4.417 E0.0571
G1 X-4.537 Y2.462 E0.0488
G1 X-4.552 Y2.154 E0.00769
G1 X-4.572 Y-0.039 E0.05471
G1 X-4.48 Y-1.845 E0.04511
G1 X-4.461 Y-2.423 E0.01443
G1 X-4.54 Y-4.291 E0.04664
G1 X-4.478 Y-4.388 E0.00287
G1 X-6.854 Y-4.6 E0.05951
G1 X-9.928 Y-4.731 E0.07675
G1 X-11.611 Y-4.724 E0.04198
G1 X-14.848 Y-4.818 E0.08078
G1 X-14.939 Y-2.6 E0.05537
G1 X-14.788 Y-.716 E0.04715
G1 X-14.815 Y0.002 E0.01792
G1 X-14.784 Y0.591 E0.01471
G0 F7200 X-14.802 Y0.79
G0 X-13.809 Y0.881
G1 F4200 E-3.5
G0 F7200 X-4.758 Y2.464
G0 X-3.675 Y2.502
G0 X3.158 Y3.198
G0 X3.901 Y4.054
G0 X7.287 Y3.897
G0 X7.282 Y4.032
;TYPE:FILL
G1 F4200 E3.5
G1 F3600 X14.32 Y-3.007 E0.2483
G1 X14.39 Y-3.077
G0 F7200 X14.171 Y-3.023
G0 X14.314 Y3.113
G0 X14.451 Y3.137
G1 F3600 X7.181 Y-4.133 E0.25647
G1 X7.111 Y-4.203
G0 F7200 X7.119 Y-3.994
G0 X5.044 Y3.063
G0 X4.783 Y2.91
;TYPE:WALL-INNER
G1 F3600 X4.483 Y3.426 E0.01489
G1 X4.194 Y3.922 E0.01432
G1 X4.295 Y3.931 E0.00253
G1 X6.884 Y4.176 E0.06487
G1 X8.947 Y4.257 E0.0515
G1 X10.061 Y4.332 E0.02785
G1 X13.135 Y4.38 E0.07669
G1 X14.519 Y4.413 E0.03453
G1 X14.494 Y3.804 E0.0152
G1 X14.743 Y2.395 E0.03569
G1 X14.88 Y1.507 E0.02241
G1 X15.101 Y0.069 E0.03629
G1 X15.046 Y-.428 E0.01247
G1 X14.885 Y-1.233 E0.02048
G1 X14.646 Y-2.429 E0.03042
G1 X14.599 Y-2.547 E0.00317
G1 X14.412 Y-3.298 E0.01931
G1 X14.381 Y-4.487 E0.02967
G1 X13.056 Y-4.468 E0.03306
G1 X10.079 Y-4.448 E0.07426
G1 X8.922 Y-4.368 E0.02893
G1 X6.896 Y-4.281 E0.05059
G1 X5.014 Y-4.062 E0.04726
G1 X4.266 Y-3.99 E0.01875
G1 X4.167 Y-3.981 E0.00248
G1 X4.485 Y-3.467 E0.01508
G1 X4.799 Y-2.96 E0.01488
G1 X4.888 Y-2.62 E0.00877
G1 X4.789 Y-0.064 E0.06381
G1 X4.864 Y2.59 E0.06623
G1 X4.783 Y2.91 E0.00823
G0 F7200 X5.044 Y3.063
G0 X5.136 Y-2.866
G0 X4.459 Y-2.75
;TYPE:WALL-OUTER
G1 F1800 X4.488 Y-2.636 E0.00293
G1 X4.389 Y-0.066 E0.06416
G1 X4.464 Y2.602 E0.06658
G1 X4.437 Y2.709 E0.00275
G1 X4.286 Y2.968 E0.00748
G1 X3.769 Y3.857 E0.02565
G1 X3.654 Y3.948 E0.00366
G1 X3.08 Y4.118 E0.01493
G1 X4.081 Y4.3 E0.02538
G1 X4.24 Y4.329 E0.00403
G1 X6.858 Y4.576 E0.0656
G1 X8.92 Y4.656 E0.05148
G1 X10.045 Y4.732 E0.02813
G1 X13.125 Y4.78 E0.07684
G1 X14.935 Y4.823 E0.04516
G1 X14.899 Y3.813 E0.02521
G1 X15.139 Y2.456 E0.03438
G1 X15.217 Y1.951 E0.01275
G1 X15.504 Y0.079 E0.04724
G1 X15.442 Y-.489 E0.01425
G1 X15.203 Y-1.684 E0.0304
G1 X15.031 Y-2.545 E0.0219
G1 X14.978 Y-2.675 E0.0035
G1 X14.809 Y-3.35 E0.01736
G1 X14.772 Y-4.893 E0.0385
G1 X13.054 Y-4.868 E0.04286
G1 X10.064 Y-4.848 E0.07459
G1 X8.905 Y-4.768 E0.02898
G1 X6.864 Y-4.68 E0.05096
G1 X4.976 Y-4.46 E0.04742
G1 X4.232 Y-4.389 E0.01864
G1 X4.042 Y-4.355 E0.00481
G1 X2.916 Y-4.151 E0.02855
G1 X3.61 Y-4.004 E0.0177
G1 X3.738 Y-3.914 E0.0039
G1 X4.302 Y-3.004 E0.02671
G1 X4.459 Y-2.75 E0.00745
G0 F7200 X4.488 Y-2.636
G0 X4.485 Y-2.555
G0 X5.484 Y-2.516
G1 F4200 E-3.5
;MESH:NONMESH
G0 F600 X5.484 Y-2.516 Z10.55
G0 F7200 X4.61 Y-0.069
G0 X3.528 Y-0.038
G0 X-3.691 Y2.142
G0 X-4.774 Y2.17
G0 X-7.232 Y3.946
G0 X-7.228 Y4.086
;TIME_ELAPSED:594.270078
;LAYER:69
;TYPE:FILL
;MESH:pi 3mm_deformed_tet (6).stl
G1 F4200 E3.5
G1 F3600 X-14.471 Y-3.157 E0.25552
G1 X-14.541 Y-3.227
G0 F7200 X-14.325 Y-3.158
G0 X-14.297 Y3.076
G0 X-14.428 Y3.114
G1 F3600 X-7.254 Y-4.06 E0.25308
G1 X-7.184 Y-4.13
G0 F7200 X-7.193 Y-3.921
G0 X-5.206 Y-3.257
G0 X-4.904 Y-3.269
;TYPE:WALL-INNER
G1 F3600 X-4.541 Y-3.848 E0.01705
G1 X-4.524 Y-3.855 E0.00046
G1 X-4.264 Y-3.966 E0.00705
G1 X-4.53 Y-3.99 E0.00666
G1 X-6.892 Y-4.205 E0.05916
G1 X-9.931 Y-4.335 E0.07588
G1 X-11.771 Y-4.324 E0.0459
G1 X-14.465 Y-4.406 E0.06723
G1 X-14.499 Y-3.592 E0.02032
G1 X-14.868 Y-2.433 E0.03034
G1 X-14.889 Y-1.966 E0.01166
G1 X-14.979 Y0.002 E0.04914
G1 X-14.878 Y1.587 E0.03962
G1 X-14.827 Y2.386 E0.01997
G1 X-14.769 Y2.534 E0.00397
G1 X-14.531 Y3.322 E0.02053
G1 X-14.485 Y4.424 E0.02751
G1 X-11.275 Y4.383 E0.08008
G1 X-6.927 Y4.236 E0.10852
G1 X-4.795 Y4.036 E0.05342
G1 X-4.992 Y3.698 E0.00976
G1 X-4.941 Y2.329 E0.03417
G1 X-4.951 Y2.18 E0.00373
G1 X-4.972 Y-0.07 E0.05613
G1 X-4.861 Y-2.286 E0.05535
G1 X-4.904 Y-3.269 E0.02454
G0 F7200 X-5.206 Y-3.257
G0 X-5.29 Y3.688
G0 X-4.592 Y3.712
;TYPE:WALL-OUTER
G1 F1800 X-4.541 Y2.323 E0.03467
G1 X-4.552 Y2.142 E0.00452
G1 X-4.572 Y-0.05 E0.05468
G1 X-4.461 Y-2.285 E0.05582
G1 X-4.504 Y-3.287 E0.02502
G1 X-4.499 Y-3.295 E0.00024
G1 X-4.383 Y-3.48 E0.00545
G1 X-2.886 Y-4.123 E0.04064
G1 X-4.319 Y-4.373 E0.03629
G1 X-4.548 Y-4.394 E0.00574
G1 X-6.866 Y-4.604 E0.05806
G1 X-9.924 Y-4.735 E0.07635
G1 X-11.759 Y-4.724 E0.04578
G1 X-14.848 Y-4.818 E0.07709
G1 X-14.897 Y-3.664 E0.02881
G1 X-15.014 Y-3.298 E0.00959
G1 X-15.265 Y-2.504
G1 X-15.271 Y-2.376
G1 F1500 X-15.379 Y0.006 E0.04758
G1 F1800 X-15.253 Y1.993 E0.04967
G1 X-15.222 Y2.478 E0.01212
G1 X-15.152 Y2.65 E0.00463
G1 X-14.936 Y3.366 E0.01866
G1 X-14.868 Y4.829 E0.03653
G1 X-11.262 Y4.783 E0.08996
G1 X-6.901 Y4.636 E0.10885
G1 X-4.608 Y4.42 E0.05745
G1 X-4.395 Y4.4 E0.00534
G1 X-3.75 Y4.277 E0.01638
G1 X-4.485 Y3.898 E0.02063
G1 X-4.584 Y3.726 E0.00495
G1 X-4.592 Y3.712 E0.0004
G0 F7200 X-4.585 Y3.513
G0 X-5.583 Y3.479
G1 F4200 E-3.5
G0 F7200 X-4.373 Y4.189
G0 X-3.719 Y3.328
G0 X2.631 Y2.872
G0 X2.934 Y3.897
G0 X7.28 Y3.902
G0 X7.275 Y4.039
;TYPE:FILL
G1 F4200 E3.5
G1 F3600 X14.211 Y-2.898 E0.2447
G0 F7200 X14.421 Y-3.107
G1 F3600 X14.715 Y-3.401 E0.01037
G0 F7200 X14.584 Y-3.369
G0 X14.137 Y2.971
G0 X14.276 Y2.962
G1 F3600 X7.178 Y-4.136 E0.2504
G1 X7.108 Y-4.206
G0 F7200 X7.116 Y-3.997
G0 X4.805 Y2.463
G0 X4.53 Y2.371
;TYPE:WALL-INNER
G1 F3600 X4.463 Y2.486 E0.00332
G1 X3.763 Y3.684 E0.03461
G1 X3.596 Y3.814 E0.00528
G1 X3.778 Y3.847 E0.00461
G1 X4.266 Y3.934 E0.01237
G1 X6.896 Y4.185 E0.0659
G1 X9.12 Y4.269 E0.05552
G1 X10.061 Y4.332 E0.02353
G1 X13.127 Y4.376 E0.07649
G1 X14.92 Y4.419 E0.04474
G1 X14.937 Y4.419 E0.00042
G1 F1500 X15.286 Y2.41 E0.04069
G1 F3600 X15.535 Y0.81 E0.04039
G1 X15.601 Y-0.035 E0.02114
G1 X15.514 Y-.857 E0.02062
G1 X15.198 Y-2.439 E0.04024
G1 X14.989 Y-2.97 E0.01423
G1 X14.803 Y-3.715 E0.01915
G1 X14.609 Y-4.489 E0.0199
G1 X12.008 Y-4.456 E0.06489
G1 X10.075 Y-4.444 E0.04822
G1 X9.08 Y-4.376 E0.02488
G1 X6.908 Y-4.285 E0.05423
G1 X5.35 Y-4.102 E0.03913
G1 X4.23 Y-3.995 E0.02807
G1 X3.747 Y-3.906 E0.01225
G1 X3.565 Y-3.873 E0.00461
G1 X3.73 Y-3.757 E0.00503
G1 X4.485 Y-2.542 E0.03568
G1 X4.572 Y-2.402 E0.00411
G1 X4.83 Y-1.074 E0.03375
G1 X4.793 Y-0.002 E0.02676
G1 X4.822 Y1.013 E0.02533
G1 X4.602 Y2.18 E0.02962
G1 X4.53 Y2.371 E0.00509
G0 F7200 X4.805 Y2.463
G0 X5.14 Y3.769
G0 X4.196 Y4.329
;TYPE:WALL-OUTER
G1 F1800 X6.87 Y4.584 E0.06701
G1 X9.094 Y4.668 E0.05552
G1 X10.045 Y4.732 E0.02378
G1 X13.117 Y4.776 E0.07664
G1 X14.935 Y4.819 E0.04536
G1 X15.272 Y4.827 E0.00841
G1 F1500 X15.681 Y2.472 E0.0477
G1 F1800 X15.933 Y0.856 E0.0408
G1 X16.003 Y-0.041 E0.02244
G1 X15.91 Y-.917 E0.02197
G1 X15.583 Y-2.554 E0.04164
G1 X15.377 Y-3.067 E0.01379
G1 X15.101 Y-4.17 E0.02836
G1 X14.92 Y-4.893 E0.01859
G1 X12.006 Y-4.856 E0.0727
G1 X10.06 Y-4.844 E0.04854
G1 X9.064 Y-4.776 E0.0249
G1 X6.876 Y-4.684 E0.05463
G1 X5.312 Y-4.5 E0.03928
G1 X4.192 Y-4.393 E0.02807
G1 X2.924 Y-4.164 E0.03214
G1 X2.216 Y-4.036 E0.01795
G1 X1.74 Y-3.997 E0.01191
G1 X1.942 Y-3.92 E0.00539
G1 X3.263 Y-3.636 E0.03371
G1 X3.39 Y-3.546 E0.00388
G1 X4.194 Y-2.253 E0.03798
G1 X4.231 Y-2.063 E0.00483
G1 X4.425 Y-1.067 E0.02531
G1 X4.393 Y-0.003 E0.02655
G1 X4.417 Y1.002 E0.02508
G1 X4.226 Y2.014 E0.02569
G1 X4.203 Y2.138 E0.00315
G1 X3.417 Y3.482 E0.03884
G1 X3.302 Y3.572 E0.00364
G1 X2.052 Y3.944 E0.03253
G1 X3.078 Y4.128 E0.026
G1 X4.196 Y4.329 E0.02834
G0 F7200 X4.395 Y4.347
G0 X4.888 Y3.592
;TYPE:SKIN
G1 F1651.4 X4.31 Y3.535 E0.01579
G1 X4.788 Y2.714 E0.02583
G1 X4.88 Y2.739 E0.00259
G1 X4.888 Y3.592 E0.02319
G0 F7200 X5.14 Y3.741
G0 X5.136 Y-3.802
G0 X4.883 Y-3.657
G1 F1655.2 X4.872 Y-2.784 E0.02368
G1 X4.81 Y-2.766 E0.00175
G1 X4.29 Y-3.601 E0.02669
G1 X4.883 Y-3.657 E0.01616
G0 F7200 X5.136 Y-3.802
G0 X14.18 Y0.552
G0 X14.535 Y0.559
G1 F1267.6 X14.547 Y-0.019 E0.02048
G1 X14.503 Y-.735 E0.02541
G1 F1403.5 X14.406 Y-1.898 E0.03734
G1 F1535.2 X14.383 Y-2.92 E0.0299
G1 X14.553 Y-2.953 E0.00506
G1 F1466.4 X14.824 Y-2.252 E0.02301
G1 F1345.8 X15.054 Y-.8 E0.04905
G1 F1267.6 X15.128 Y-0.023 E0.02765
G1 X15.08 Y0.759 E0.02775
G1 F1434.3 X14.85 Y2.547 E0.05644
G1 F1607.1 X14.712 Y3.338 E0.02243
G1 X14.466 Y3.325 E0.00688
G1 X14.405 Y2.512 E0.02278
G1 F1515.8 X14.47 Y1.536 E0.02898
G1 F1358.5 X14.535 Y0.559 E0.03236
G0 F7200 X13.878 Y0.545
;MESH:NONMESH
G0 F600 X13.878 Y0.545 Z10.7
G0 F7200 X7.179 Y-4
G0 X7.174 Y-4.139
;TIME_ELAPSED:603.669515
;LAYER:70
;TYPE:FILL
;MESH:pi 3mm_deformed_tet (6).stl
G1 F3600 X14.285 Y2.971 E0.25084
G1 X14.355 Y3.041
G0 F7200 X14.151 Y3.055
G0 X14.107 Y-2.94
G0 X14.245 Y-2.932
G1 F3600 X7.27 Y4.043 E0.24606
G1 X7.2 Y4.113
G1 F4200 E-3.5
G0 F7200 X7.208 Y3.903
G0 X1.812 Y3.765
G0 X1.416 Y2.771
G0 X-2.258 Y3.044
G0 X-2.882 Y3.915
G0 X-7.229 Y3.951
G0 X-7.225 Y4.089
G1 F4200 E3.5
G1 F3600 X-14.337 Y-3.023 E0.2509
G1 X-14.407 Y-3.093
G0 F7200 X-14.202 Y-3.107
G0 X-14.073 Y-.301
G0 X-14.247 Y3.087
G0 X-14.386 Y3.072
G1 F3600 X-7.251 Y-4.063 E0.25171
G1 X-7.181 Y-4.133
G0 F7200 X-7.19 Y-3.923
G0 X-14.337 Y3.283
G0 X-14.555 Y3.241
G1 F3600 X-14.812 Y3.498 E0.00907
G0 F7200 X-14.685 Y3.461
G0 X-5.269 Y3.085
G0 X-4.71 Y3.105
;TYPE:WALL-INNER
G1 F3600 X-4.899 Y2.839 E0.00814
G1 X-4.94 Y2.627 E0.00539
G1 X-4.968 Y-0.062 E0.06708
G1 X-4.856 Y-2.326 E0.05654
G1 X-4.78 Y-2.59 E0.00685
G1 X-4.494 Y-2.848 E0.00961
G1 X-4.488 Y-2.851 E0.00017
G1 X-4.161 Y-2.991 E0.00887
G1 X-3.006 Y-3.742 E0.03437
G1 X-3.557 Y-3.838 E0.01395
G1 X-4.332 Y-3.972 E0.01962
G1 X-6.904 Y-4.208 E0.06443
G1 X-9.932 Y-4.335 E0.0756
G1 X-11.919 Y-4.328 E0.04957
G1 X-14.79 Y-4.414 E0.07165
G1 X-14.878 Y-4.139 E0.0072
G1 X-15.421 Y-2.445 E0.04437
G1 F1500 X-15.539 Y0.006 E0.04897
G1 F3600 X-15.43 Y1.732 E0.04314
G1 X-15.363 Y2.418 E0.01719
G1 X-15.157 Y2.915 E0.01342
G1 X-14.918 Y3.711 E0.02073
G1 X-14.703 Y4.429 E0.0187
G1 X-11.082 Y4.379 E0.09033
G1 X-6.935 Y4.241 E0.1035
G1 X-5.024 Y4.057 E0.04789
G1 X-4.407 Y4.012 E0.01543
G1 X-4.304 Y3.992 E0.00262
G1 X-3.357 Y3.81 E0.02406
G1 X-4.574 Y3.176 E0.03423
G1 X-4.71 Y3.105 E0.00383
G1 F4200 E-3.5
G0 F7200 X-5.269 Y3.085
G0 X-3.276 Y3.648
G0 X-2.644 Y2.766
G0 X2.855 Y1.764
G0 X3.884 Y2.146
G0 X4.822 Y0.15
G0 X4.535 Y0.03
G1 F4200 E3.5
G1 F3600 X4.404 Y0.378 E0.00928
G1 X4.398 Y0.394 E0.00043
G1 X4.074 Y2.108 E0.04351
G1 X4.003 Y2.298 E0.00506
G1 X3.416 Y3.31 E0.02918
G1 X3.066 Y3.584 E0.01109
G1 X2.752 Y3.676 E0.00816
G1 X2.884 Y3.7 E0.00335
G1 X4.206 Y3.936 E0.0335
G1 X6.908 Y4.189 E0.0677
G1 X9.306 Y4.282 E0.05986
G1 X10.061 Y4.332 E0.01887
G1 X13.118 Y4.376 E0.07627
G1 X15.346 Y4.423 E0.05559
G1 X15.453 Y4.425 E0.00267
G1 X15.548 Y4.049 E0.00967
G1 X15.835 Y2.416 E0.04136
G1 X16.023 Y1.207 E0.03052
G1 X16.117 Y-0.034 E0.03105
G1 X15.982 Y-1.288 E0.03146
G1 X15.75 Y-2.443 E0.02939
G1 X15.419 Y-3.263 E0.02206
G1 X15.105 Y-4.493 E0.03167
G1 X15.022 Y-4.492 E0.00207
G1 X12.151 Y-4.452 E0.07162
G1 X10.071 Y-4.444 E0.05189
G1 X9.274 Y-4.388 E0.01993
G1 X6.92 Y-4.289 E0.05877
G1 X5.685 Y-4.146 E0.03101
G1 X4.203 Y-4.005 E0.03714
G1 X2.776 Y-3.742 E0.0362
G1 X2.692 Y-3.727 E0.00213
G1 X2.997 Y-3.664 E0.00777
G1 X3.382 Y-3.393 E0.01174
G1 X3.978 Y-2.433 E0.02819
G1 X4.057 Y-2.232 E0.00539
G1 X4.391 Y-.537 E0.0431
G1 X4.409 Y-.494 E0.00116
G1 X4.535 Y-.184 E0.00835
G1 X4.535 Y0.03 E0.00534
G0 F7200 X4.822 Y0.15
G0 X3.903 Y2.153
G0 X3.188 Y3.378
G0 X2.386 Y3.716
G0 X2.361 Y4.012
;TYPE:WALL-OUTER
G1 F1800 X4.152 Y4.333 E0.04539
G1 X6.882 Y4.588 E0.0684
G1 X9.28 Y4.681 E0.05986
G1 X10.045 Y4.732 E0.01913
G1 X13.109 Y4.776 E0.07644
G1 X15.276 Y4.824 E0.05407
G1 X15.761 Y4.835 E0.0121
G1 X15.94 Y4.133 E0.01807
G1 X16.23 Y2.478 E0.04191
G1 X16.421 Y1.253 E0.03093
G1 X16.519 Y-0.04 E0.03235
G1 X16.378 Y-1.349 E0.03284
G1 X16.135 Y-2.558 E0.03076
G1 X15.79 Y-3.413 E0.023
G1 X15.416 Y-4.897 E0.03818
G1 X14.923 Y-4.89 E0.0123
G1 X12.149 Y-4.852 E0.0692
G1 X10.056 Y-4.844 E0.05221
G1 X9.257 Y-4.788 E0.01998
G1 X6.888 Y-4.688 E0.05915
G1 X5.647 Y-4.544 E0.03116
G1 X4.148 Y-4.401 E0.03756
G1 X2.503 Y-4.1 E0.04172
G1 X1.783 Y-4.048 E0.01801
G1 X1.746 Y-4.044 E0.00093
G1 X0.757 Y-3.937 E0.02481
G1 X1.91 Y-3.485 E0.03089
G1 X2.914 Y-3.272 E0.0256
G1 X3.042 Y-3.182 E0.0039
G1 X3.658 Y-2.189 E0.02915
G1 X4.008 Y-.411 E0.0452
G1 X4.144 Y-0.075 E0.00904
G1 X4.013 Y0.278 E0.00939
G1 X3.675 Y2.066 E0.04539
G1 X3.07 Y3.109 E0.03008
G1 X2.953 Y3.2 E0.0037
G1 X1.868 Y3.521 E0.02823
G1 X0.926 Y3.896 E0.02529
G1 X2.052 Y3.987 E0.02818
G1 X2.361 Y4.012 E0.00773
G0 F7200 X2.557 Y4.047
G1 F4200 E-3.5
G0 F7200 X2.61 Y3.754
G0 X1.416 Y2.771
G0 X-1.754 Y3.408
G0 X-1.926 Y4.117
G1 F4200 E3.5
G1 F2117.6 X-1.973 Y4.118 E0.001
G1 F4200 E-3.5
G0 F7200 X-2.882 Y3.915
G0 X-4.773 Y2.886
G0 X-5.268 Y-0.078
G0 X-4.568 Y-0.042
G1 F4200 E3.5
G1 F1800 X-4.46 Y-2.229 E0.05462
G1 X-4.453 Y-2.374 E0.00362
G1 X-4.336 Y-2.48 E0.00394
G1 X-3.971 Y-2.637 E0.00991
G1 F1500 X-2.025 Y-3.904 E0.04634
G1 F1800 X-1.688 Y-3.972 E0.00858
G1 X-2.198 Y-4.008 E0.01275
G1 X-2.886 Y-4.127 E0.01742
G1 X-4.279 Y-4.369 E0.03527
G1 X-6.878 Y-4.608 E0.06511
G1 X-9.924 Y-4.735 E0.07605
G1 X-11.907 Y-4.728 E0.04947
G1 X-14.246 Y-4.799 E0.05837
G1 X-15.079 Y-4.823
G1 X-15.153 Y-4.593
G1 F1500 X-15.817 Y-2.519 E0.04346
G1 F1800 X-15.864 Y-1.701 E0.02044
G1 X-15.939 Y0.01 E0.04272
G1 X-15.828 Y1.764 E0.04384
G1 X-15.755 Y2.518 E0.0189
G1 X-15.547 Y3.01 E0.01332
G1 X-15.196 Y4.177 E0.0304
G1 X-14.999 Y4.833 E0.01709
G1 X-11.069 Y4.779 E0.09804
G1 X-6.909 Y4.64 E0.10383
G1 X-4.995 Y4.456 E0.04797
G1 X-4.355 Y4.409 E0.01601
G1 X-3.75 Y4.293 E0.01537
G1 X-2.367 Y4.027 E0.03513
G1 X-3.161 Y3.46 E0.02434
G1 X-4.47 Y2.773 E0.03688
G1 X-4.539 Y2.676 E0.00297
G1 X-4.543 Y2.292 E0.00958
G1 X-4.568 Y-0.042 E0.05823
G0 F7200 X-4.559 Y-.241
G0 X-5.258 Y-.277
G0 X-5.202 Y-3.18
G0 X-4.646 Y-3.205
;TYPE:SKIN
G1 F1718.4 X-4.9 Y-2.99 E0.0087
G1 X-4.932 Y-3.634 E0.01685
G1 X-4.403 Y-3.587 E0.01388
G1 X-4.216 Y-3.555 E0.00496
G1 X-4.047 Y-3.526 E0.00448
G1 X-4.351 Y-3.33 E0.00945
G1 X-4.506 Y-3.264 E0.0044
G1 X-4.646 Y-3.205 E0.00397
G0 F7200 X-5.202 Y-3.18
G0 X-5.244 Y3.776
G0 X-4.818 Y3.557
G1 F1165 X-4.856 Y3.624 E0.00297
G1 X-4.933 Y3.624 E0.00297
G1 X-4.972 Y3.557 E0.00299
G1 X-4.934 Y3.49 E0.00297
G1 X-4.857 Y3.49 E0.00297
G1 X-4.818 Y3.557 E0.00299
G1 F4200 E-3.5
G0 F7200 X-5.293 Y3.774
G0 X-2.882 Y3.915
G0 X-2.258 Y3.044
G0 X1.416 Y2.771
G0 X1.812 Y3.765
G0 X5.118 Y3.847
G0 X4.513 Y3.13
G1 F4200 E3.5
G1 F1531.9 X4.484 Y3.18 E0.00169
G1 X4.426 Y3.18 E0.0017
G1 X4.397 Y3.13 E0.00169
G1 X4.426 Y3.08 E0.00169
G1 X4.484 Y3.08 E0.0017
G1 X4.513 Y3.13 E0.00169
G0 F7200 X4.329 Y2.489
G1 F1800 X4.45 Y2.173 E0.00844
G1 X4.553 Y1.606 E0.01438
G1 X4.859 Y1.658 E0.00774
G1 X4.903 Y3.616 E0.04885
G1 X4.252 Y3.557 E0.01631
G1 X3.761 Y3.468 E0.01245
G1 X4.329 Y2.489 E0.02823
G0 F7200 X5.163 Y2.467
G0 X5.18 Y-3.186
G0 X4.52 Y-3.196
G1 F1519 X4.491 Y-3.145 E0.00173
G1 X4.432 Y-3.145 E0.00174
G1 X4.402 Y-3.196 E0.00175
G1 X4.431 Y-3.247 E0.00173
G1 X4.49 Y-3.247 E0.00174
G1 X4.52 Y-3.196 E0.00175
G0 F7200 X4.311 Y-2.607
G1 F1800 X3.742 Y-3.531 E0.02707
G1 X4.238 Y-3.623 E0.01258
G1 X4.905 Y-3.687 E0.01671
G1 X4.898 Y-2.863 E0.02056
G1 X4.913 Y-2.816 E0.00123
G1 X4.866 Y-1.602 E0.03031
G1 X4.571 Y-1.579 E0.00738
G1 X4.429 Y-2.303 E0.0184
G1 X4.311 Y-2.607 E0.00813
G0 F7200 X5.185 Y-2.574
G0 X14.203 Y0.172
G0 X14.481 Y0.176
G1 F1800 X14.38 Y-2.05 E0.05558
G1 X14.368 Y-2.616 E0.01412
G1 F1551.7 X14.459 Y-3.129 E0.01508
G1 F1366.2 X14.435 Y-4.039 E0.02992
G1 X14.759 Y-4.042 E0.01065
G1 X14.976 Y-3.179 E0.02925
G1 F1551.7 X15.206 Y-2.771 E0.01355
G1 F1800 X15.387 Y-2.322 E0.01208
G1 X15.602 Y-1.233 E0.02769
G1 X15.735 Y-0.024 E0.03034
G1 X15.641 Y1.165 E0.02975
G1 X15.459 Y2.35 E0.02991
G1 X15.164 Y4.033 E0.04262
G1 X14.469 Y4.023 E0.01734
G1 X14.436 Y3.104 E0.02294
G1 X14.393 Y2.52 E0.01461
G1 X14.481 Y0.176 E0.05851
G0 F7200 X14.203 Y0.171
G0 X13.813 Y2.526
G0 X14.27 Y4.228
G0 X15.34 Y4.25
G0 X15.019 Y3.705
G1 F1800 X14.645 Y3.331 E0.01319
G0 F7200 X15.103 Y3.224
G1 F1800 X14.61 Y2.73 E0.01741
G0 F7200 X14.606 Y2.161
G1 F1800 X15.187 Y2.742 E0.0205
G0 F7200 X15.271 Y2.26
G1 F1800 X14.627 Y1.616 E0.02272
G0 F7200 X15.006 Y1.43
G1 F1800 X14.647 Y1.071 E0.01266
G0 F7200 X15.007 Y1.43
G1 F1800 X15.346 Y1.77 E0.01198
G0 F7200 X15.43 Y1.288
G1 F1800 X14.668 Y0.525 E0.0269
G0 F7200 X14.67 Y-0.037
G1 F1800 X15.472 Y0.764 E0.02828
G0 F7200 X15.513 Y0.24
G1 F1800 X14.643 Y-.63 E0.03069
G0 F7200 X14.617 Y-1.223
G1 F1800 X15.499 Y-.34 E0.03113
G0 F7200 X15.429 Y-.976
G1 F1800 X15.065 Y-1.34 E0.01284
G1 X14.59 Y-1.815 E0.01676
G0 F7200 X14.573 Y-2.398
G1 F1800 X15.315 Y-1.656 E0.02618
G0 F7200 X15.142 Y-2.394
G1 F1800 X14.649 Y-2.887 E0.01739
G1 F4200 E-3.5
G1 F600 Z11.2
G0 F7200 X13.806 Y-2.93 Z11.2
G0 X-14.499 Y1.893
G1 F600 Z10.7
G1 F4200 E3.5
G1 F1512.6 X-14.504 Y2.566 E0.01998
G1 F1551.7 X-14.556 Y3.067 E0.01457
G1 X-14.675 Y3.083 E0.00347
G1 X-14.761 Y2.792 E0.00878
G1 X-14.956 Y2.315 E0.01491
G1 F1481.5 X-14.995 Y1.699 E0.01871
G1 F1333.3 X-15.016 Y0.853 E0.0285
G1 F1188.1 X-15.037 Y0.006 E0.03202
G1 F1184.2 X-15.022 Y-.934 E0.03565
G1 F1313.9 X-15.007 Y-1.874 E0.03213
G1 F1411.8 X-14.99 Y-2.363 E0.01556
G1 F1431.4 X-14.672 Y-3.358 E0.03277
G1 X-14.547 Y-3.343 E0.00395
G1 X-14.491 Y-2.56 E0.02462
G1 F1417.3 X-14.493 Y-1.902 E0.02085
G1 F1321.1 X-14.445 Y-.948 E0.03247
G1 F1184.2 X-14.396 Y0.006 E0.03622
G1 F1198 X-14.447 Y0.949 E0.0354
G1 F1368.8 X-14.499 Y1.893 E0.03101
G0 F7200 X-13.878 Y1.951
G1 F4200 E-3.5
;MESH:NONMESH
G0 F600 X-13.878 Y1.951 Z10.85
G0 F7200 X-5.064 Y-1.594
G0 X-4.659 Y-2.578
G0 X-3.62 Y-1.857
G0 X1.222 Y-2.829
G0 X1.611 Y-3.826
G0 X7.176 Y-4.002
G0 X7.171 Y-4.142
;TIME_ELAPSED:619.641980
;LAYER:71
;TYPE:FILL
;MESH:pi 3mm_deformed_tet (6).stl
G1 F4200 E3.5
G1 F3600 X14.293 Y2.98 E0.25125
G1 X14.363 Y3.05
G0 F7200 X14.157 Y3.057
G0 X14.118 Y-2.951
G0 X14.257 Y-2.943
G1 F3600 X7.268 Y4.046 E0.24656
G1 X7.198 Y4.116
G1 F4200 E-3.5
G0 F7200 X7.206 Y3.907
G0 X0.725 Y3.717
G0 X-0.084 Y2.889
G0 X-1.471 Y3.085
G0 X-2.277 Y3.822
G0 X-7.229 Y3.953
G0 X-7.225 Y4.089
G1 F4200 E3.5
G1 F3600 X-14.356 Y-3.042 E0.25157
G1 X-14.426 Y-3.112
G0 F7200 X-14.219 Y-3.102
G0 X-14.082 Y-.303
G0 X-14.244 Y3.078
G0 X-14.383 Y3.069
G1 F3600 X-7.251 Y-4.063 E0.2516
G1 X-7.181 Y-4.133
G0 F7200 X-7.19 Y-3.925
G0 X-4.879 Y2.063
G0 X-4.596 Y2.139
;TYPE:WALL-INNER
G1 F3600 X-4.552 Y1.649 E0.01227
G1 X-4.445 Y0.445 E0.03015
G1 X-4.568 Y0.151 E0.00795
G1 X-4.607 Y0.058 E0.00252
G1 X-4.544 Y-1.853 E0.0477
G1 X-4.508 Y-2.037 E0.00468
G1 X-4.464 Y-2.107 E0.00206
G1 X-4.377 Y-2.248 E0.00413
G1 X-4.084 Y-2.531 E0.01016
G1 F1500 X-2.384 Y-3.638 E0.04048
G1 F3600 X-2.426 Y-3.645 E0.00106
G1 X-4.287 Y-3.972 E0.04713
G1 X-6.916 Y-4.209 E0.06585
G1 X-9.932 Y-4.339 E0.0753
G1 X-12.067 Y-4.328 E0.05326
G1 X-15.206 Y-4.426 E0.07834
G1 X-15.332 Y-4.43 E0.00314
G1 X-15.65 Y-3.426 E0.02627
G1 X-15.973 Y-2.457 E0.02548
G1 X-16.049 Y-1.141 E0.03288
G1 X-16.099 Y0.005 E0.02861
G1 X-16.017 Y1.252 E0.03117
G1 X-15.903 Y2.435 E0.02965
G1 X-15.57 Y3.227 E0.02143
G1 X-15.204 Y4.43 E0.03137
G1 X-15.122 Y4.429 E0.00205
G1 X-10.885 Y4.375 E0.1057
G1 X-6.947 Y4.24 E0.09829
G1 X-5.345 Y4.089 E0.04014
G1 X-4.364 Y4.016 E0.02454
G1 X-2.805 Y3.714 E0.03961
G1 X-2.748 Y3.703 E0.00145
G1 X-4.338 Y2.564 E0.04879
G1 X-4.495 Y2.398 E0.0057
G1 X-4.546 Y2.268 E0.00348
G1 X-4.596 Y2.139 E0.00345
G1 F4200 E-3.5
G0 F7200 X-4.884 Y2.051
G0 X-2.267 Y3.828
G0 X-1.471 Y3.085
G0 X-0.084 Y2.889
G0 X0.725 Y3.717
G0 X5.12 Y3.854
G0 X2.76 Y3.685
G1 F4200 E3.5
G1 F3600 X4.162 Y3.94 E0.03555
G1 X6.92 Y4.192 E0.06909
G1 X9.464 Y4.293 E0.06351
G1 X10.06 Y4.332 E0.0149
G1 X13.115 Y4.372 E0.07621
G1 X14.445 Y4.403 E0.03319
G1 X15.367 Y4.412 E0.023
G1 X15.867 Y4.431 E0.01248
G1 X15.956 Y4.434 E0.00222
G1 X16.196 Y3.478 E0.02459
G1 X16.383 Y2.421 E0.02678
G1 X16.503 Y1.651 E0.01944
G1 X16.629 Y-0.029 E0.04203
G1 X16.446 Y-1.721 E0.04245
G1 X16.302 Y-2.452 E0.01859
G1 X15.823 Y-3.639 E0.03193
G1 X15.6 Y-4.499 E0.02216
G1 X15.518 Y-4.498 E0.00205
G1 X13.037 Y-4.46 E0.0619
G1 X10.066 Y-4.44 E0.07411
G1 X9.435 Y-4.4 E0.01577
G1 X6.932 Y-4.293 E0.06249
G1 X6.022 Y-4.186 E0.02286
G1 X4.162 Y-4.009 E0.04661
G1 X2.817 Y-3.769 E0.03408
G1 X1.755 Y-3.69 E0.02656
G1 X1.472 Y-3.659 E0.0071
G1 X1.432 Y-3.655 E0.001
G1 X1.996 Y-3.438 E0.01507
G1 X2.771 Y-3.275 E0.01976
G1 X3.04 Y-3.027 E0.00913
G1 X3.447 Y-2.362 E0.01945
G1 X3.525 Y-2.165 E0.00529
G1 X3.751 Y-1.025 E0.02899
G1 X3.985 Y-.526 E0.01375
G1 X4.059 Y-.368 E0.00435
G1 X4.095 Y-.291 E0.00212
G1 X4.12 Y-0.097 E0.00488
G1 X4.093 Y0.075 E0.00434
G1 X3.771 Y0.861 E0.02119
G1 X3.55 Y2.035 E0.0298
G1 X3.48 Y2.227 E0.0051
G1 X3.067 Y2.935 E0.02045
G1 X2.729 Y3.204 E0.01078
G1 X1.981 Y3.426 E0.01946
G1 X1.575 Y3.586 E0.01089
G1 X1.686 Y3.595 E0.00278
G1 X2.76 Y3.685 E0.02688
G0 F7200 X2.688 Y4.079
;TYPE:WALL-OUTER
G1 F1800 X4.108 Y4.337 E0.036
G1 X6.894 Y4.592 E0.06979
G1 X9.438 Y4.692 E0.06351
G1 X10.044 Y4.732 E0.01515
G1 X13.105 Y4.772 E0.07636
G1 X14.441 Y4.803 E0.03334
G1 X15.352 Y4.812 E0.02273
G1 X15.767 Y4.827 E0.01036
G1 X16.265 Y4.846 E0.01243
G1 X16.588 Y3.562 E0.03303
G1 X16.778 Y2.483 E0.02733
G1 X16.901 Y1.697 E0.01985
G1 X17.031 Y-0.036 E0.04335
G1 X16.842 Y-1.781 E0.04378
G1 X16.687 Y-2.566 E0.01996
G1 X16.186 Y-3.814 E0.03355
G1 X15.909 Y-4.907 E0.02813
G1 X15.419 Y-4.894 E0.01223
G1 X15.167 Y-4.888 E0.00629
G1 X13.034 Y-4.86 E0.05321
G1 X10.052 Y-4.84 E0.07439
G1 X9.418 Y-4.8 E0.01585
G1 X6.9 Y-4.692 E0.06287
G1 X5.984 Y-4.584 E0.02301
G1 X4.108 Y-4.405 E0.04701
G1 X2.787 Y-4.168 E0.03348
G1 X1.712 Y-4.088 E0.02689
G1 F1773.4 X0.764 Y-3.98 E0.02416
G1 X-0.053 Y-3.887 E0.02082
G1 F1756.1 X0.083 Y-3.86 E0.00355
G1 F1782.2 X0.631 Y-3.537 E0.01603
G1 F1800 X1.882 Y-3.053 E0.03346
G1 X2.61 Y-2.9 E0.01856
G1 X2.699 Y-2.817 E0.00304
G1 X3.126 Y-2.122 E0.02035
G1 X3.368 Y-.899 E0.0311
G1 X3.713 Y-.157 E0.02041
G1 X3.711 Y-0.044 E0.00282
G1 X3.385 Y0.746 E0.02132
G1 X3.15 Y1.997 E0.03175
G1 X2.721 Y2.733 E0.02125
G1 X2.609 Y2.823 E0.00358
G1 X1.854 Y3.046 E0.01964
G1 X0.318 Y3.658 E0.04125
G1 F1914.9 X-.137 Y3.901 E0.0121
G1 X0.365 Y3.891 E0.01177
G1 F1800 X0.933 Y3.937 E0.01422
G1 X2.688 Y4.079 E0.04392
G0 F7200 X2.884 Y4.114
G1 F4200 E-3.5
G0 F7200 X5.187 Y3.52
G0 X0.725 Y3.717
G0 X-.225 Y3.91
G1 F4200 E3.5
G1 F1822.8 X-.39 Y3.916 E0.00407
G1 X-.916 Y3.935 E0.01297
G1 X-1.725 Y3.965 E0.01994
G0 F7200 X-2.321 Y3.808
G0 X-4.445 Y2.286
G0 X-4.963 Y-1.223
G0 X-5.216 Y-3.497
G0 X-2.511 Y-4.066
G1 F1800 X-4.235 Y-4.369 E0.04366
G1 X-6.89 Y-4.608 E0.0665
G1 X-9.924 Y-4.739 E0.07575
G1 X-12.055 Y-4.728 E0.05316
G1 X-15.08 Y-4.822 E0.0755
G1 X-15.622 Y-4.839 E0.01353
G1 X-16.03 Y-3.552 E0.03368
G1 X-16.369 Y-2.533 E0.02679
G1 X-16.449 Y-1.158 E0.03436
G1 X-16.499 Y0.009 E0.02914
G1 X-16.425 Y1.171 E0.02904
G1 X-16.295 Y2.534 E0.03415
G1 X-15.939 Y3.382 E0.02294
G1 X-15.5 Y4.834 E0.03784
G1 X-15.002 Y4.828 E0.01242
G1 X-10.871 Y4.775 E0.10306
G1 X-6.921 Y4.64 E0.09859
G1 X-5.315 Y4.488 E0.04024
G1 X-4.311 Y4.413 E0.02511
G1 X-2.441 Y4.052 E0.04751
G1 F1694.1 X-2.369 Y4.043 E0.00192
G1 X-1.725 Y3.965 E0.01719
G1 F1640.1 X-1.86 Y3.903 E0.00407
G1 F1739.1 X-2.131 Y3.653 E0.00952
G1 F1500 X-4.147 Y2.209 E0.04949
G1 F1800 X-4.191 Y2.097 E0.003
G1 X-4.037 Y0.375 E0.04313
G1 X-4.205 Y-0.003 E0.01032
G1 X-4.195 Y-.313 E0.00774
G1 X-4.153 Y-1.594 E0.03197
G1 X-4.143 Y-1.884 E0.00724
G1 X-3.866 Y-2.196 E0.01041
G1 F1500 X-1.97 Y-3.431 E0.04516
G1 F1800 X-.545 Y-3.649 E0.03596
G1 F1782.2 X-0.081 Y-3.887 E0.01314
G1 X-1.694 Y-4.006 E0.04075
G1 X-2.511 Y-4.066 E0.02064
G0 F7200 X-2.708 Y-4.1
G1 F4200 E-3.5
G0 F7200 X-5.216 Y-3.497
G0 X-1.125 Y-3.766
G0 X0.653 Y-3.765
G0 X-0.065 Y-3.886
G1 F4200 E3.5
G1 F1743.3 X-0.053 Y-3.887 E0.00031
G0 F7200 X0.731 Y-3.749
G0 X2.802 Y-3.1
G0 X3.353 Y-2.213
G0 X3.999 Y-.12
G0 X3.65 Y2.052
G0 X4.336 Y2.18
;TYPE:SKIN
G1 F1640.1 X4.437 Y1.614 E0.01574
G1 X4.475 Y3.163 E0.04242
G1 X3.9 Y3.079 E0.01591
G1 X4.202 Y2.563 E0.01637
G1 X4.336 Y2.18 E0.01111
G0 F7200 X3.65 Y2.052
G0 X2.555 Y3.454
G0 X4.184 Y3.781
G0 X5.12 Y3.854
G0 X5.125 Y-0.066
G0 X4.481 Y-0.05
G1 F1884.8 X4.443 Y-.431 E0.00912
G1 F1827.4 X4.112 Y-1.148 E0.0194
G1 F1800 X3.887 Y-2.27 E0.02855
G1 X3.767 Y-2.565 E0.00794
G1 X3.363 Y-3.221 E0.01922
G1 X3.137 Y-3.439 E0.00783
G1 X4.208 Y-3.629 E0.02713
G1 X4.902 Y-3.695 E0.01739
G1 X4.899 Y-2.856 E0.02093
G1 X4.914 Y-2.817 E0.00104
G1 F1818.2 X4.833 Y-.56 E0.05577
G1 F1875 X4.856 Y-0.028 E0.01275
G1 F1865.3 X4.827 Y0.442 E0.01134
G1 F1809 X4.906 Y3.624 E0.079
G1 F1800 X4.207 Y3.561 E0.01751
G1 X3.116 Y3.363 E0.02766
G1 X3.378 Y3.155 E0.00834
G1 X3.809 Y2.417 E0.02132
G1 X3.916 Y2.133 E0.00757
G1 X4.133 Y0.977 E0.02934
G1 F1827.4 X4.455 Y0.17 E0.02135
G1 F1884.8 X4.481 Y-0.05 E0.00528
G0 F7200 X5.125 Y-0.066
G0 X5.176 Y-2.351
G0 X4.287 Y-2.385
G1 F1640.1 X4.135 Y-2.761 E0.0111
G1 X3.898 Y-3.146 E0.01238
G1 X4.478 Y-3.229 E0.01604
G1 X4.492 Y-2.786 E0.01213
G1 X4.446 Y-1.612 E0.03217
G1 X4.287 Y-2.385 E0.02161
G1 F4200 E-3.5
G0 F7200 X5.176 Y-2.351
G0 X5.114 Y-3.925
G0 X4.185 Y-3.849
G0 X2.427 Y-3.545
G0 X1.558 Y-2.252
G0 X-.963 Y-2.712
G0 X-1.125 Y-3.766
G0 X-5.165 Y-3.85
G0 X-4.459 Y-3.188
G1 F4200 E3.5
G1 F1747.6 X-4.535 Y-3.144 E0.00226
G1 X-4.536 Y-3.232 E0.00226
G1 X-4.459 Y-3.188 E0.00228
G0 F7200 X-4.285 Y-2.851
G1 F1800 X-4.641 Y-2.522 E0.01209
G1 X-4.873 Y-2.19 E0.0101
G1 X-4.941 Y-3.648 E0.03641
G1 X-4.331 Y-3.594 E0.01528
G1 X-3.4 Y-3.429 E0.02359
G1 X-4.285 Y-2.851 E0.02637
G0 F7200 X-4.135 Y-2.619
G0 X-5.263 Y2.921
G0 X-4.603 Y2.944
G1 F1260.9 X-3.893 Y3.451 E0.03107
G1 X-4.418 Y3.553 E0.01904
G1 X-4.92 Y3.589 E0.01792
G1 X-4.886 Y2.631 E0.03414
G1 X-4.603 Y2.944 E0.01503
G0 F7200 X-5.263 Y2.921
G0 X-14.246 Y3.115
G0 X-14.524 Y3.102
G1 F1800 X-14.482 Y4.039 E0.0234
G1 X-14.921 Y4.045 E0.01095
G1 X-15.212 Y3.1 E0.02467
G1 X-15.527 Y2.342 E0.02048
G1 X-15.635 Y1.225 E0.02799
G1 X-15.715 Y0.006 E0.03047
G1 X-15.668 Y-1.14 E0.02861
G1 X-15.594 Y-2.381 E0.03101
G1 X-15.284 Y-3.307 E0.02436
G1 X-15.054 Y-4.038 E0.01912
G1 X-14.457 Y-4.018 E0.0149
G1 X-14.496 Y-3.078 E0.02347
G1 X-14.461 Y-2.57 E0.0127
G1 X-14.456 Y-2.039 E0.01325
G1 X-14.285 Y0.003 E0.05112
G1 X-14.476 Y2.053 E0.05136
G1 X-14.488 Y2.557 E0.01258
G1 X-14.524 Y3.102 E0.01362
G0 F7200 X-14.863 Y3.55
G1 F1800 X-14.711 Y3.397 E0.00538
G0 F7200 X-14.997 Y3.118
G1 F1800 X-14.707 Y2.828 E0.01023
G0 F7200 X-15.157 Y2.712
G1 F1800 X-14.68 Y2.235 E0.01683
G0 F7200 X-14.638 Y1.627
G1 F1800 X-15.322 Y2.312 E0.02415
G0 F7200 X-15.378 Y1.802
G1 F1800 X-14.58 Y1.003 E0.02817
G0 F7200 X-14.522 Y0.38
G1 F1800 X-15.428 Y1.286 E0.03196
G0 F7200 X-15.465 Y0.757
G1 F1800 X-14.504 Y-.204 E0.0339
G0 F7200 X-14.547 Y-.726
G1 F1800 X-15.5 Y0.227 E0.03362
G0 F7200 X-15.5 Y-.339
G1 F1800 X-14.591 Y-1.248 E0.03207
G0 F7200 X-14.634 Y-1.771
G1 F1800 X-15.476 Y-.929 E0.0297
G0 F7200 X-15.444 Y-1.527
G1 F1800 X-14.658 Y-2.313 E0.02773
G0 F7200 X-14.682 Y-2.855
G1 F1800 X-15.409 Y-2.128 E0.02565
G0 F7200 X-15.212 Y-2.89
G1 F1800 X-14.682 Y-3.42 E0.0187
G0 F7200 X-14.943 Y-3.724
G1 F1800 X-14.837 Y-3.831 E0.00376
G1 F4200 E-3.5
G0 F7200 X-14.176 Y-4.138
G0 X-5.153 Y-3.875
G0 X-2.05 Y-3.641
G0 X0.728 Y-3.739
G0 X5.114 Y-3.925
G0 X14.215 Y0.101
G0 X14.492 Y0.104
G1 F4200 E3.5
G1 F1800 X14.373 Y-2.522 E0.06557
G1 X14.4 Y-3.004 E0.01204
G1 X14.373 Y-4.098 E0.0273
G1 X15.304 Y-4.11 E0.02323
G1 X15.438 Y-3.582 E0.01359
G1 X15.935 Y-2.335 E0.03349
G1 X16.066 Y-1.665 E0.01703
G1 X16.247 Y-0.016 E0.04138
G1 X16.12 Y1.609 E0.04066
G1 X16.007 Y2.349 E0.01867
G1 X15.812 Y3.43 E0.0274
G1 X15.663 Y4.034 E0.01552
G1 X14.473 Y4.021 E0.02969
G1 X14.432 Y2.948 E0.02679
G1 X14.401 Y2.524 E0.0106
G1 X14.492 Y0.104 E0.06041
G0 F7200 X14.215 Y0.102
G0 X14.196 Y1.474
G0 X14.249 Y4.151
G0 X15.401 Y3.832
G1 F1800 X15.541 Y3.692 E0.00494
G0 F7200 X14.842 Y3.825
G1 F1800 X15.69 Y2.978 E0.0299
G0 F7200 X15.814 Y2.288
G1 F1800 X14.652 Y3.45 E0.04099
G0 F7200 X14.63 Y2.906
G1 F1800 X15.915 Y1.621 E0.04533
G0 F7200 X15.966 Y1.005
G1 F1800 X14.607 Y2.363 E0.04792
G0 F7200 X14.629 Y1.776
G1 F1800 X16.014 Y0.391 E0.04886
G0 F7200 X16.026 Y-.187
G1 F1800 X14.651 Y1.188 E0.04851
G0 F7200 X14.673 Y0.6
G1 F1800 X15.971 Y-.697 E0.04577
G0 F7200 X15.915 Y-1.207
G1 F1800 X14.688 Y0.02 E0.04329
G0 F7200 X14.663 Y-.521
G1 F1800 X15.853 Y-1.71 E0.04196
G0 F7200 X15.761 Y-2.184
G1 F1800 X14.639 Y-1.063 E0.03956
G0 F7200 X14.614 Y-1.604
G1 F1800 X15.612 Y-2.601 E0.03519
G0 F7200 X15.45 Y-3.005
G1 F1800 X14.59 Y-2.145 E0.03034
G0 F7200 X14.577 Y-2.698
G1 F1800 X15.289 Y-3.41 E0.02512
G0 F7200 X15.164 Y-3.85
G1 F1800 X14.589 Y-3.275 E0.02028
G0 F7200 X14.581 Y-3.833
G1 F1800 X14.651 Y-3.903 E0.00247
G0 F7200 X13.796 Y-3.87
;MESH:NONMESH
G0 F600 X13.796 Y-3.87 Z11
G0 F7200 X7.173 Y-4.006
G0 X7.168 Y-4.146
;TIME_ELAPSED:638.567191
;LAYER:72
;TYPE:FILL
;MESH:pi 3mm_deformed_tet (6).stl
G1 F3600 X14.296 Y2.983 E0.25148
G1 X14.366 Y3.053
G0 F7200 X14.16 Y3.06
G0 X14.121 Y-2.946
G0 X14.262 Y-2.948
G1 F3600 X7.263 Y4.05 E0.24689
G1 X7.193 Y4.12
G1 F4200 E-3.5
G0 F7200 X7.201 Y3.912
G0 X0.15 Y3.707
G0 X-1.65 Y3.806
G0 X-7.225 Y3.955
G0 X-7.221 Y4.093
G1 F4200 E3.5
G1 F3600 X-14.361 Y-3.048 E0.2519
G1 X-14.431 Y-3.118
G0 F7200 X-14.22 Y-3.109
G0 X-14.089 Y-.305
G0 X-14.246 Y3.067
G0 X-14.385 Y3.072
G1 F3600 X-7.248 Y-4.066 E0.25179
G1 X-7.178 Y-4.136
G0 F7200 X-7.187 Y-3.926
G0 X-5.132 Y-3.886
G0 X-2.117 Y-3.479
G0 X-4.097 Y-1.711
G0 X-4.176 Y0.16
;TYPE:WALL-INNER
G1 F3600 X-4.204 Y-0.019 E0.00452
G1 X-4.162 Y-1.315 E0.03235
G1 X-4.156 Y-1.512 E0.00492
G1 X-4.12 Y-1.699 E0.00475
G1 X-3.987 Y-1.911 E0.00624
G1 X-3.528 Y-2.383 E0.01642
G1 X-2.204 Y-3.247 E0.03944
G1 X-1.965 Y-3.338 E0.00638
G1 X-1.094 Y-3.468 E0.02197
G1 X-.862 Y-3.582 E0.00645
G1 X-.947 Y-3.588 E0.00213
G1 X-2.871 Y-3.728 E0.04812
G1 X-4.247 Y-3.968 E0.03484
G1 X-6.928 Y-4.213 E0.06716
G1 X-9.932 Y-4.339 E0.075
G1 X-12.236 Y-4.332 E0.05747
G1 X-15.277 Y-4.416 E0.07589
G1 X-15.754 Y-4.436 E0.01191
G1 X-15.88 Y-4.441 E0.00315
G1 F1500 X-16.525 Y-2.47 E0.04139
G1 X-16.658 Y0.009 E0.04954
G1 F3600 X-16.618 Y0.614 E0.01512
G1 X-16.443 Y2.447 E0.04593
G1 X-15.958 Y3.599 E0.03118
G1 X-15.704 Y4.434 E0.02177
G1 X-15.622 Y4.433 E0.00205
G1 X-10.701 Y4.367 E0.12277
G1 X-6.959 Y4.244 E0.09339
G1 X-5.662 Y4.121 E0.0325
G1 X-4.324 Y4.02 E0.03347
G1 X-2.798 Y3.726 E0.03877
G1 X-2.115 Y3.669 E0.0171
G1 X-2.09 Y3.667 E0.00063
G1 X-2.327 Y3.466 E0.00775
G1 X-3.763 Y2.437 E0.04407
G1 X-3.9 Y2.232 E0.00615
G1 X-3.953 Y2.028 E0.00526
G1 X-3.852 Y0.878 E0.0288
G1 X-4.043 Y0.454 E0.0116
G1 X-4.176 Y0.16 E0.00805
G1 F4200 E-3.5
G0 F7200 X-3.668 Y0.849
G0 X-2.59 Y0.945
G0 X-.389 Y2.781
G0 X0.726 Y3.556
G1 F4200 E3.5
G1 F3600 X3.064 Y3.753 E0.05853
G1 X4.117 Y3.944 E0.0267
G1 X6.931 Y4.197 E0.07048
G1 X9.675 Y4.307 E0.0685
G1 X10.063 Y4.332 E0.0097
G1 X13.106 Y4.372 E0.07591
G1 X14.161 Y4.396 E0.02632
G1 X15.441 Y4.408 E0.03193
G1 X16.37 Y4.44 E0.02319
G1 X16.456 Y4.443 E0.00215
G1 X16.844 Y2.907 E0.03952
G1 X16.975 Y2.145 E0.01929
G1 F1500 X17.145 Y-0.03 E0.04354
G1 X16.89 Y-2.369 E0.04695
G1 F3600 X16.224 Y-4.01 E0.04418
G1 X16.094 Y-4.504 E0.01274
G1 X16.014 Y-4.502 E0.002
G1 X15.263 Y-4.484 E0.01874
G1 X12.439 Y-4.452 E0.07045
G1 X10.063 Y-4.439 E0.05927
G1 X9.619 Y-4.408 E0.0111
G1 X6.939 Y-4.297 E0.06691
G1 X6.359 Y-4.23 E0.01456
G1 X4.123 Y-4.013 E0.05604
G1 X3.102 Y-3.833 E0.02586
G1 X1.679 Y-3.726 E0.0356
G1 X0.699 Y-3.619 E0.02459
G1 X1.261 Y-3.294 E0.01619
G1 X1.357 Y-3.239 E0.00276
G1 X1.968 Y-3.002 E0.01635
G1 X2.303 Y-2.932 E0.00854
G1 X2.639 Y-2.731 E0.00977
G1 X2.963 Y-2.225 E0.01499
G1 X3.107 Y-1.514 E0.0181
G1 X3.345 Y-1.016 E0.01377
G1 X3.677 Y-.321 E0.01921
G1 X3.68 Y-.291 E0.00075
G1 X3.7 Y-.125 E0.00417
G1 X3.656 Y0.091 E0.0055
G1 X3.387 Y0.739 E0.0175
G1 X3.142 Y1.329 E0.01594
G1 X3.009 Y2.032 E0.01785
G1 X2.659 Y2.659 E0.01791
G1 X2.368 Y2.831 E0.00843
G1 X1.952 Y2.957 E0.01084
G1 X1.155 Y3.275 E0.02141
G1 X0.957 Y3.405 E0.00591
G1 X0.726 Y3.556 E0.00688
G0 F7200 X-.139 Y3.774
;TYPE:WALL-OUTER
G1 F1076.2 X-.452 Y3.774 E0.01306
G0 F7200 X0.092 Y3.858
G1 F1600 X1.189 Y3.994 E0.03102
G1 F1800 X2.974 Y4.144 E0.04468
G1 X4.063 Y4.341 E0.02761
G1 X6.905 Y4.596 E0.07118
G1 X9.649 Y4.706 E0.0685
G1 X10.048 Y4.732 E0.00997
G1 X13.097 Y4.772 E0.07606
G1 X14.157 Y4.796 E0.02645
G1 X15.427 Y4.808 E0.03168
G1 X16.269 Y4.837 E0.02102
G1 X16.765 Y4.854 E0.01238
G1 X17.236 Y2.99 E0.04796
G1 X17.373 Y2.195 E0.02012
G1 F1500 X17.547 Y-0.036 E0.04466
G1 X17.31 Y-2.213 E0.0437
G1 F1800 X17.239 Y-2.574 E0.00918
G1 X16.594 Y-4.16 E0.04271
G1 X16.404 Y-4.912 E0.01935
G1 X15.915 Y-4.9 E0.0122
G1 X15.259 Y-4.884 E0.01637
G1 X12.437 Y-4.852 E0.0704
G1 X10.048 Y-4.839 E0.05959
G1 X9.603 Y-4.808 E0.01113
G1 X6.908 Y-4.696 E0.06729
G1 X6.32 Y-4.628 E0.01477
G1 X4.068 Y-4.409 E0.05644
G1 X3.072 Y-4.232 E0.02523
G1 X1.636 Y-4.124 E0.03592
G1 X0.322 Y-3.98 E0.03297
G1 F1782.2 X-.35 Y-3.946 E0.01695
G1 F1786.6 X-2.803 Y-4.122 E0.06181
G1 F1800 X-4.195 Y-4.365 E0.03525
G1 X-6.902 Y-4.612 E0.06781
G1 X-9.924 Y-4.739 E0.07545
G1 X-12.225 Y-4.732 E0.0574
G1 X-15.261 Y-4.816 E0.07576
G1 X-15.629 Y-4.831 E0.00919
G1 X-16.168 Y-4.853 E0.01346
G1 F1500 X-16.921 Y-2.546 E0.04843
G1 X-17.059 Y0.013 E0.05114
G1 F1800 X-17.012 Y0.703 E0.01725
G1 X-16.835 Y2.546 E0.04619
G1 X-16.327 Y3.754 E0.03269
G1 X-15.996 Y4.851 E0.02858
G1 X-15.501 Y4.836 E0.01235
G1 X-15.259 Y4.828 E0.00604
G1 X-10.688 Y4.767 E0.11403
G1 X-6.933 Y4.644 E0.09372
G1 X-5.632 Y4.52 E0.0326
G1 X-4.271 Y4.417 E0.03405
G1 X-2.7 Y4.116 E0.0399
G1 F1904.8 X-1.313 Y4.006 E0.0328
G1 X-.816 Y3.966 E0.01175
G1 F1406.2 X-.452 Y3.774 E0.01314
G1 X-.83 Y3.611 E0.01314
G1 F1925.1 X-1.46 Y3.617 E0.01469
G1 F1818.2 X-1.585 Y3.571 E0.00329
G1 F1804.5 X-2.076 Y3.154 E0.01603
G1 F1800 X-3.491 Y2.137 E0.04347
G1 X-3.548 Y2.014 E0.00338
G1 X-3.444 Y0.808 E0.0302
G1 X-3.805 Y0.015 E0.02173
G1 X-3.768 Y-1.147 E0.029
G1 X-3.754 Y-1.577 E0.01073
G1 X-3.254 Y-2.084 E0.01776
G1 X-1.95 Y-2.935 E0.03884
G1 X-.973 Y-3.082 E0.02465
G1 F1764.7 X-.329 Y-3.403 E0.01831
G1 X-0.054 Y-3.54 E0.00782
G1 F1751.8 X0.094 Y-3.511 E0.00387
G1 F1791 X0.759 Y-3.124 E0.01929
G1 X1.183 Y-2.877 E0.0123
G1 F1800 X1.854 Y-2.617 E0.01795
G1 X2.221 Y-2.54 E0.00935
G1 X2.333 Y-2.473 E0.00326
G1 X2.601 Y-2.023 E0.01307
G1 X2.724 Y-1.388 E0.01613
G1 X3.294 Y-.188 E0.03314
G1 X3.297 Y-0.097 E0.00227
G1 X2.757 Y1.214 E0.03537
G1 X2.62 Y1.923 E0.01801
G1 X2.338 Y2.398 E0.01378
G1 X1.834 Y2.574 E0.01332
G1 X0.969 Y2.919 E0.02323
G1 F1600 X0.455 Y3.289 E0.01777
G1 X0.026 Y3.599 E0.01485
G1 F1228.7 X0.02 Y3.606 E0.00034
G1 X-.139 Y3.774 E0.00845
G1 X0.04 Y3.839 E0.00696
G1 X0.092 Y3.858 E0.00202
G0 F7200 X0.29 Y3.882
G0 X0.31 Y3.626
G0 X2.488 Y2.627
G0 X3.715 Y0.213
G0 X4.164 Y-0.073
;TYPE:SKIN
G1 F1235 X4.142 Y-.414 E0.01242
G1 F1321.1 X4.074 Y-.484 E0.00332
G1 F1603.6 X3.468 Y-1.637 E0.03647
G1 F1800 X3.311 Y-2.379 E0.01892
G1 X2.917 Y-2.993 E0.0182
G1 X2.443 Y-3.276 E0.01377
G1 X2.075 Y-3.368 E0.00946
G1 X3.128 Y-3.452 E0.02635
G1 X4.167 Y-3.633 E0.02631
G1 X4.905 Y-3.703 E0.01849
G1 X4.898 Y-2.862 E0.02098
G1 X4.914 Y-2.818 E0.00117
G1 X4.878 Y-1.841 E0.02439
G1 F1603.6 X4.785 Y-.631 E0.03398
G1 F1321.1 X4.731 Y-.44 E0.00675
G1 F1235 X4.734 Y-0.02 E0.01527
G1 F1478.4 X4.824 Y0.394 E0.01287
G1 F1800 X4.906 Y3.632 E0.0808
G1 X4.163 Y3.565 E0.01861
G1 X3.11 Y3.376 E0.02669
G1 X2.146 Y3.291 E0.02414
G1 X2.519 Y3.176 E0.00974
G1 X2.952 Y2.909 E0.01269
G1 X3.371 Y2.167 E0.02126
G1 X3.505 Y1.446 E0.01829
G1 X4.005 Y0.241 E0.03254
G1 F1478.4 X4.164 Y-0.073 E0.01069
G0 F7200 X3.715 Y0.213
G0 X2.765 Y-2.832
G0 X1.43 Y-3.382
G0 X5.115 Y-3.934
G0 X4.46 Y-3.459
G1 F1800 X4.702 Y-3.217 E0.00854
G0 F7200 X4.708 Y-2.646
G1 F1800 X3.96 Y-3.394 E0.02639
G0 F7200 X3.478 Y-3.31
G1 F1800 X4.687 Y-2.101 E0.04265
G0 F7200 X4.646 Y-1.577
G1 F1800 X2.996 Y-3.227 E0.05821
G1 X2.926 Y-3.297
G0 F7200 X2.732 Y-3.705
G0 X1.288 Y-3.494
G0 X3.016 Y-2.329
G0 X3.581 Y-2.075
G1 F1800 X4.587 Y-1.07 E0.03547
G0 F7200 X4.506 Y-.585
G1 F1800 X4.025 Y-1.066 E0.01697
G0 F7200 X3.541 Y-.836
G0 X3.744 Y0.144
G0 X4.228 Y0.268
G1 F1800 X4.632 Y0.672 E0.01425
G0 F7200 X4.646 Y1.252
G1 F1800 X4.05 Y0.655 E0.02104
G0 F7200 X3.883 Y1.055
G1 F1800 X4.661 Y1.832 E0.02743
G0 F7200 X4.675 Y2.413
G1 F1800 X3.718 Y1.455 E0.03378
G0 F7200 X3.62 Y1.923
G1 F1800 X4.69 Y2.993 E0.03775
G0 F7200 X4.528 Y3.397
G1 F1800 X3.49 Y2.359 E0.03662
G0 F7200 X3.287 Y2.721
G1 F1800 X3.876 Y3.311 E0.0208
G0 F7200 X3.188 Y3.188
G1 F1800 X3.067 Y3.067 E0.00427
G1 F4200 E-3.5
G0 F7200 X5.186 Y3.478
G0 X0.15 Y3.707
G0 X-1.65 Y3.806
G0 X-5.225 Y3.914
G0 X-4.617 Y3.278
G1 F4200 E3.5
G1 F2033.9 X-4.596 Y2.667 E0.0135
G1 X-4.576 Y2.575 E0.00208
G1 X-4.295 Y2.977 E0.01083
G1 X-4.011 Y3.186 E0.00778
G1 X-4.617 Y3.278 E0.01353
G0 F7200 X-4.275 Y2.354
G1 F1739.1 X-4.027 Y2.709 E0.01118
G1 F1800 X-3.077 Y3.392 E0.02919
G1 X-4.371 Y3.641 E0.03287
G1 X-5.008 Y3.688 E0.01593
G1 X-4.974 Y2.631 E0.02638
G1 F1551.7 X-4.918 Y2.135 E0.01444
G1 F1313.9 X-4.903 Y1.007 E0.03855
G1 F1440 X-4.979 Y0.317 E0.02165
G1 F1714.3 X-4.994 Y-.356 E0.01763
G1 F1756.1 X-4.576 Y-.41 E0.01078
G1 F1659 X-4.587 Y0.184 E0.01608
G1 F1493.8 X-4.328 Y0.977 E0.02508
G1 F1395.3 X-4.396 Y2.087 E0.03579
G1 F1506.3 X-4.275 Y2.354 E0.00874
G0 F7200 X-3.993 Y2.27
G0 X-2.595 Y3.499
G0 X-4.346 Y3.86
G0 X-5.225 Y3.914
G0 X-5.22 Y-3.599
G0 X-4.002 Y-3.004
G1 F1800 X-4.493 Y-2.507 E0.01743
G1 X-4.521 Y-3.204 E0.0174
G1 X-3.848 Y-3.103 E0.01698
G1 X-4.002 Y-3.004 E0.00457
G0 F7200 X-4.26 Y-2.176
G1 F1800 X-4.458 Y-1.866 E0.00918
G1 F1818.2 X-4.529 Y-1.554 E0.0079
G1 F1846.2 X-4.539 Y-1.2 E0.00861
G1 F1860.5 X-4.919 Y-1.31 E0.00955
G1 F1827.4 X-4.915 Y-2.174 E0.02123
G1 F1800 X-4.892 Y-2.521 E0.00867
G1 X-4.942 Y-3.648 E0.02814
G1 X-4.291 Y-3.589 E0.01631
G1 X-2.778 Y-3.323 E0.03832
G1 X-3.75 Y-2.692 E0.02891
G1 X-4.26 Y-2.176 E0.0181
G0 F7200 X-4.052 Y-1.989
G0 X-2.117 Y-3.479
G0 X-5.132 Y-3.886
G0 X-14.251 Y2.956
G0 X-14.532 Y2.951
G1 F1800 X-14.482 Y4.042 E0.02724
G1 X-15.421 Y4.054 E0.02343
G1 X-15.607 Y3.454 E0.01567
G1 X-16.068 Y2.354 E0.02975
G1 X-16.234 Y0.621 E0.04343
G1 X-16.275 Y0.01 E0.01528
G1 X-16.145 Y-2.398 E0.06016
G1 X-15.604 Y-4.047 E0.04329
G1 X-14.46 Y-4.013 E0.02855
G1 X-14.504 Y-2.925 E0.02716
G1 X-14.476 Y-2.215 E0.01772
G1 X-14.294 Y0.003 E0.05551
G1 X-14.5 Y2.225 E0.05567
G1 X-14.532 Y2.951 E0.01813
G0 F7200 X-14.821 Y3.847
G1 F1800 X-15.522 Y3.146 E0.02473
G1 X-15.592 Y3.076
G0 F7200 X-14.711 Y3.391
G1 F1800 X-15.88 Y2.222 E0.04124
G0 F7200 X-15.94 Y1.597
G1 F1800 X-14.725 Y2.811 E0.04284
G0 F7200 X-14.701 Y2.269
G1 F1800 X-15.999 Y0.972 E0.04577
G0 F7200 X-16.051 Y0.354
G1 F1800 X-14.656 Y1.749 E0.04921
G0 F7200 X-14.608 Y1.231
G1 F1800 X-16.062 Y-.223 E0.05129
G0 F7200 X-16.033 Y-.759
G1 F1800 X-14.561 Y0.713 E0.05193
G0 F7200 X-14.513 Y0.195
G1 F1800 X-16.005 Y-1.297 E0.05263
G0 F7200 X-15.976 Y-1.834
G1 F1800 X-14.526 Y-.384 E0.05115
G0 F7200 X-14.577 Y-1.001
G1 F1800 X-15.945 Y-2.369 E0.04826
G0 F7200 X-15.805 Y-2.794
G1 F1800 X-14.627 Y-1.616 E0.04156
G0 F7200 X-14.677 Y-2.232
G1 F1800 X-15.665 Y-3.219 E0.03484
G0 F7200 X-15.525 Y-3.646
G1 F1800 X-14.699 Y-2.819 E0.02916
G0 F7200 X-14.686 Y-3.372
G1 F1800 X-15.146 Y-3.833 E0.01625
G1 F4200 E-3.5
G0 F7200 X-15.69 Y-4.332
G0 X-5.132 Y-3.886
G0 X-2.117 Y-3.479
G0 X0.056 Y-3.765
G0 X5.115 Y-3.934
G0 X14.224 Y0.09
G0 X14.504 Y0.092
G1 F4200 E3.5
G1 F1800 X14.393 Y-2.607 E0.06738
G1 X14.404 Y-2.858 E0.00627
G1 X14.373 Y-4.095 E0.03087
G1 X15.8 Y-4.117 E0.0356
G1 X15.87 Y-3.864 E0.00655
G1 X16.516 Y-2.278 E0.04272
G1 X16.763 Y-0.02 E0.05666
G1 X16.597 Y2.099 E0.05302
G1 X16.472 Y2.822 E0.0183
G1 X16.161 Y4.054 E0.0317
G1 X15.452 Y4.028 E0.0177
G1 X14.477 Y4.014 E0.02432
G1 X14.428 Y2.792 E0.03051
G1 X14.409 Y2.524 E0.0067
G1 X14.504 Y0.092 E0.06071
G0 F7200 X14.224 Y0.091
G0 X14.205 Y1.471
G0 X14.252 Y4.149
G0 X15.137 Y3.823
G1 F1800 X14.647 Y3.333 E0.01729
G0 F7200 X14.619 Y2.74
G1 F1800 X15.716 Y3.837 E0.0387
G0 F7200 X16.065 Y3.62
G1 F1800 X14.622 Y2.177 E0.05091
G0 F7200 X14.644 Y1.633
G1 F1800 X16.179 Y3.168 E0.05415
G0 F7200 X16.288 Y2.712
G1 F1800 X14.665 Y1.089 E0.05726
G0 F7200 X14.687 Y0.544
G1 F1800 X16.372 Y2.23 E0.05946
G0 F7200 X16.427 Y1.719
G1 F1800 X14.699 Y-0.008 E0.06094
G0 F7200 X14.675 Y-.598
G1 F1800 X16.468 Y1.194 E0.06324
G0 F7200 X16.509 Y0.67
G1 F1800 X14.651 Y-1.188 E0.06555
G0 F7200 X14.627 Y-1.778
G1 F1800 X16.55 Y0.145 E0.06784
G0 F7200 X16.514 Y-.457
G1 F1800 X14.602 Y-2.368 E0.06743
G0 F7200 X14.602 Y-2.934
G1 F1800 X16.444 Y-1.092 E0.06498
G0 F7200 X16.375 Y-1.727
G1 F1800 X14.588 Y-3.514 E0.06304
G0 F7200 X14.767 Y-3.901
G1 F1800 X16.239 Y-2.429 E0.05193
G1 X16.309 Y-2.359
G0 F7200 X16.719 Y-2.525
G0 X16.296 Y-3.563
G0 X15.851 Y-3.383
G1 F1800 X15.324 Y-3.91 E0.01859
;MESH:NONMESH
G0 F600 X15.324 Y-3.91 Z11.15
G0 F7200 X15.424 Y-4.388
G0 X7.169 Y-4.009
G0 X7.164 Y-4.149
;TIME_ELAPSED:658.940675
;LAYER:73
;TYPE:FILL
;MESH:pi 3mm_deformed_tet (6).stl
G1 F3600 X14.302 Y2.988 E0.25179
G1 X14.372 Y3.058
G0 F7200 X14.164 Y3.066
G0 X14.122 Y-2.942
G0 X14.257 Y-2.944
G1 F3600 X7.256 Y4.057 E0.24698
G1 X7.186 Y4.127
G0 F7200 X7.195 Y3.917
G0 X-.606 Y3.724
G0 X-7.221 Y3.957
G0 X-7.217 Y4.096
G1 F3600 X-14.361 Y-3.048 E0.25202
G1 X-14.431 Y-3.118
G0 F7200 X-14.22 Y-3.109
G0 X-14.095 Y-.303
G0 X-14.248 Y3.067
G0 X-14.386 Y3.072
G1 F3600 X-7.244 Y-4.069 E0.25194
G1 X-7.174 Y-4.139
G0 F7200 X-7.183 Y-3.929
G0 X-5.15 Y-3.877
G0 X-.88 Y-3.429
G0 X-3.583 Y-1.611
G0 X-3.75 Y0.243
;TYPE:WALL-INNER
G1 F3600 X-3.804 Y-0.005 E0.00633
G1 X-3.764 Y-1.303 E0.03239
G1 X-3.599 Y-1.566 E0.00774
G1 X-2.914 Y-2.272 E0.02454
G1 X-2.178 Y-2.748 E0.02186
G1 X-1.945 Y-2.838 E0.00623
G1 X-1.524 Y-2.903 E0.01063
G1 F3495.1 X-1.24 Y-3.044 E0.00815
G1 X-.177 Y-3.572 E0.0305
G1 X-3.162 Y-3.784 E0.07689
G1 F3600 X-4.207 Y-3.965 E0.02646
G1 X-6.941 Y-4.217 E0.06849
G1 X-9.932 Y-4.343 E0.07468
G1 X-12.361 Y-4.332 E0.06059
G1 X-15.364 Y-4.416 E0.07494
G1 X-16.299 Y-4.453 E0.02334
G1 X-16.426 Y-4.458 E0.00317
G1 F1500 X-17.073 Y-2.486 E0.04142
G1 X-17.218 Y-0.003 E0.04964
G1 X-16.987 Y2.46 E0.04937
G1 F3600 X-16.351 Y3.971 E0.04089
G1 X-16.203 Y4.45 E0.01251
G1 X-16.118 Y4.447 E0.00212
G1 X-15.352 Y4.424 E0.01912
G1 X-10.509 Y4.363 E0.12082
G1 X-6.971 Y4.249 E0.0883
G1 X-5.978 Y4.153 E0.02489
G1 X-4.281 Y4.024 E0.04245
G1 X-2.993 Y3.777 E0.03271
G1 X-1.866 Y3.687 E0.0282
G1 X-1.36 Y3.635 E0.01269
G1 X-1.398 Y3.621 E0.00101
G1 X-1.577 Y3.554 E0.00477
G1 X-2.27 Y2.966 E0.02267
G1 X-3.061 Y2.401 E0.02425
G1 X-3.258 Y2.163 E0.00771
G1 X-3.311 Y1.875 E0.0073
G1 X-3.26 Y1.31 E0.01415
G1 X-3.453 Y0.89 E0.01153
G1 X-3.75 Y0.243 E0.01776
G0 F7200 X-3.167 Y2.121
G0 X-1.354 Y3.53
G0 X0.929 Y3.51
G0 X0.26 Y3.557
G1 F3591 X1.589 Y3.662 E0.03334
G1 F3600 X3.368 Y3.82 E0.04455
G1 X4.072 Y3.944 E0.01783
G1 X6.947 Y4.205 E0.07201
G1 X10.056 Y4.328 E0.07761
G1 X13.152 Y4.369 E0.07724
G1 X13.888 Y4.388 E0.01837
G1 X15.522 Y4.404 E0.04076
G1 X16.87 Y4.452 E0.03365
G1 X16.959 Y4.455 E0.00222
G1 X17.433 Y2.562 E0.04868
G1 F1500 X17.637 Y-0.033 E0.05195
G1 X17.383 Y-2.525 E0.04999
G1 X16.576 Y-4.512 E0.0428
G1 F3600 X16.509 Y-4.51 E0.00167
G1 X15.352 Y-4.48 E0.02887
G1 X13.102 Y-4.452 E0.05613
G1 X10.06 Y-4.436 E0.07588
G1 X6.946 Y-4.301 E0.07775
G1 X4.08 Y-4.021 E0.07183
G1 X3.436 Y-3.902 E0.01634
G1 X1.603 Y-3.765 E0.04585
G1 X0.514 Y-3.644 E0.02733
G1 F3445 X-0.03 Y-3.601 E0.01423
G1 F3428.6 X0.299 Y-3.506 E0.00897
G1 F3582.1 X1.823 Y-2.633 E0.04403
G1 X1.894 Y-2.592 E0.00206
G1 F3600 X2.252 Y-2.41 E0.01002
G1 X2.381 Y-2.222 E0.00569
G1 X2.448 Y-2.037 E0.00491
G1 X2.704 Y-1.502 E0.01479
G1 X3.258 Y-.343 E0.03204
G1 X3.262 Y-.281 E0.00155
G1 X3.278 Y-0.051 E0.00575
G1 F1500 X2.499 Y1.827 E0.04057
G1 F3600 X2.385 Y2.149 E0.00852
G1 X2.058 Y2.443 E0.01097
G1 X1.809 Y2.535 E0.00662
G1 F3591 X1.623 Y2.658 E0.00558
G1 X0.26 Y3.557 E0.04083
G0 F7200 X-.603 Y3.897
;TYPE:WALL-OUTER
G1 F1363.6 X-0.078 Y3.897 E0.01729
G1 F1551.7 X0.272 Y3.959 E0.01029
G1 F1795.5 X1.554 Y4.06 E0.03216
G1 F1800 X3.299 Y4.214 E0.0437
G1 X4.019 Y4.341 E0.01824
G1 X6.921 Y4.604 E0.07269
G1 X10.046 Y4.728 E0.07801
G1 X13.142 Y4.769 E0.07724
G1 X13.884 Y4.788 E0.01852
G1 X15.508 Y4.804 E0.04051
G1 X16.77 Y4.848 E0.0315
G1 X17.269 Y4.866 E0.01246
G1 F1500 X17.829 Y2.627 E0.04606
G1 X18.039 Y-0.037 E0.05333
G1 X17.775 Y-2.623 E0.05187
G1 X16.998 Y-4.536 E0.0412
G1 F1800 X16.9 Y-4.92 E0.00989
G1 X16.41 Y-4.907 E0.01223
G1 X15.347 Y-4.88 E0.02653
G1 X13.097 Y-4.852 E0.05613
G1 X10.047 Y-4.836 E0.07608
G1 X6.918 Y-4.7 E0.07813
G1 X4.024 Y-4.417 E0.07254
G1 X3.359 Y-4.296 E0.01686
G1 X1.559 Y-4.163 E0.04502
G1 X0.494 Y-4.044 E0.02673
G1 X-.531 Y-3.996 E0.0256
G1 X-3.094 Y-4.178 E0.0641
G1 X-4.155 Y-4.361 E0.02686
G1 X-6.914 Y-4.616 E0.06912
G1 X-9.924 Y-4.743 E0.07515
G1 X-12.35 Y-4.732 E0.06052
G1 X-15.348 Y-4.816 E0.07481
G1 X-16.173 Y-4.849 E0.0206
G1 X-16.715 Y-4.87 E0.01353
G1 F1500 X-17.469 Y-2.562 E0.04845
G1 X-17.619 Y0.004 E0.05129
G1 X-17.379 Y2.558 E0.05119
G1 F1800 X-16.719 Y4.126 E0.04244
G1 X-16.497 Y4.859 E0.0191
G1 X-15.998 Y4.844 E0.01245
G1 X-15.347 Y4.824 E0.01625
G1 X-10.496 Y4.763 E0.12102
G1 X-6.945 Y4.648 E0.08863
G1 X-5.948 Y4.552 E0.02499
G1 X-4.227 Y4.421 E0.04305
G1 X-2.961 Y4.176 E0.03217
G1 X-1.571 Y4.058 E0.0348
G1 F1496.9 X-1.172 Y3.937 E0.01251
G1 F1321.1 X-.603 Y3.897 E0.01939
G0 F7200 X-.403 Y3.897
G0 X-.403 Y3.662
G0 X-1.259 Y3.543
G0 X-3.048 Y2.534
G0 X-2.829 Y2.075
G1 F1800 X-2.919 Y1.966 E0.00353
G1 X-2.852 Y1.24 E0.01819
G1 X-3.212 Y0.448 E0.0217
G1 X-3.401 Y0.032 E0.0114
G1 X-3.378 Y-.804 E0.02086
G1 X-3.366 Y-1.232 E0.01068
G1 X-2.676 Y-1.944 E0.02473
G1 X-1.961 Y-2.412 E0.02132
G1 X-1.402 Y-2.517 E0.01419
G1 X-.755 Y-2.836 E0.01799
G1 X-0.036 Y-3.19 E0.01999
G1 X0.1 Y-3.158 E0.00349
G1 X1.314 Y-2.463 E0.03489
G1 X1.73 Y-2.224 E0.01197
G1 X1.972 Y-2.124 E0.00653
G1 X2.493 Y-1.018 E0.0305
G1 X2.726 Y-.522 E0.01367
G1 X2.871 Y-.214 E0.00849
G1 X2.877 Y-.131 E0.00208
G1 X2.124 Y1.687 E0.04909
G1 X2.027 Y1.97 E0.00746
G1 X1.918 Y2.068 E0.00366
G1 X1.627 Y2.176 E0.00774
G1 F1795.5 X1.097 Y2.525 E0.01587
G1 X0.076 Y3.197 E0.03057
G1 F1551.7 X-.123 Y3.376 E0.00775
G1 F1323.5 X-.982 Y3.377 E0.02914
G1 X-1.194 Y3.377 E0.00719
G1 F1496.9 X-1.318 Y3.249 E0.00535
G1 F1800 X-2.024 Y2.65 E0.0231
G1 X-2.829 Y2.075 E0.02468
G0 F7200 X-2.919 Y1.966
G0 X-2.914 Y1.908
G0 X-3.58 Y2.361
;TYPE:SKIN
G1 F1800 X-3.281 Y2.711 E0.01148
G1 X-2.393 Y3.345 E0.02722
G1 X-3.025 Y3.396 E0.01582
G1 X-4.323 Y3.645 E0.03297
G1 X-5.008 Y3.696 E0.01713
G1 X-4.963 Y2.387 E0.03267
G1 X-4.975 Y2.219 E0.0042
G1 X-4.991 Y-0.03 E0.0561
G1 X-4.884 Y-2.338 E0.05764
G1 X-4.938 Y-3.648 E0.03271
G1 X-4.251 Y-3.585 E0.01721
G1 X-3.223 Y-3.406 E0.02603
G1 X-1.596 Y-3.287 E0.04069
G1 X-2.003 Y-3.21 E0.01033
G1 X-2.344 Y-3.083 E0.00908
G1 X-3.137 Y-2.577 E0.02347
G1 X-3.872 Y-1.832 E0.02611
G1 X-4.07 Y-1.522 E0.00918
G1 X-4.145 Y-1.211 E0.00798
G1 X-4.185 Y0.202 E0.03526
G1 X-3.648 Y1.376 E0.0322
G1 X-3.688 Y1.843 E0.01169
G1 X-3.58 Y2.361 E0.0132
G0 F7200 X-3.091 Y3.091
G1 F1800 X-3.233 Y3.233 E0.00501
G0 F7200 X-3.417 Y2.852
G1 F1800 X-3.933 Y3.367 E0.01819
G0 F7200 X-4.597 Y3.466
G1 F1800 X-3.681 Y2.55 E0.03231
G0 F7200 X-3.842 Y2.145
G1 F1800 X-4.787 Y3.09 E0.03334
G0 F7200 X-4.767 Y2.504
G1 F1800 X-3.868 Y1.605 E0.03171
G0 F7200 X-3.974 Y1.146
G1 F1800 X-4.777 Y1.948 E0.02831
G0 F7200 X-4.78 Y1.386
G1 F1800 X-4.151 Y0.757 E0.02219
G0 F7200 X-4.329 Y0.369
G1 F1800 X-4.784 Y0.824 E0.01605
G0 F7200 X-4.788 Y0.262
G1 F1800 X-4.378 Y-.148 E0.01446
G0 F7200 X-4.777 Y-.315
G1 F1800 X-4.358 Y-.733 E0.01476
G0 F7200 X-4.749 Y-.908
G1 F1800 X-4.317 Y-1.34 E0.01524
G0 F7200 X-4.722 Y-1.5
G1 F1800 X-3.03 Y-3.193 E0.05971
G0 F7200 X-3.531 Y-3.257
G1 F1800 X-4.694 Y-2.094 E0.04103
G0 F7200 X-4.697 Y-2.657
G1 F1800 X-4.013 Y-3.341 E0.02413
G0 F7200 X-4.511 Y-3.409
G1 F1800 X-4.719 Y-3.2 E0.00736
G0 F7200 X-5.202 Y-3.182
G0 X-.88 Y-3.429
G0 X-3.446 Y-1.956
G0 X-3.65 Y0.078
G0 X-3.167 Y2.121
G0 X-1.354 Y3.53
G0 X-0.043 Y3.56
G0 X2.482 Y2.183
G0 X2.715 Y2.344
G1 F1800 X2.867 Y1.933 E0.01093
G1 X3.581 Y0.209 E0.04655
G1 X3.651 Y-0.058 E0.00689
G1 X3.613 Y-.479 E0.01054
G1 X2.797 Y-2.186 E0.0472
G1 X2.711 Y-2.404 E0.00585
G1 X2.474 Y-2.713 E0.00971
G1 X2.064 Y-2.93 E0.01157
G1 X1.305 Y-3.359 E0.02175
G1 X3.476 Y-3.524 E0.05431
G1 X4.128 Y-3.641 E0.01652
G1 X4.906 Y-3.718 E0.0195
G1 X4.898 Y-2.863 E0.02133
G1 X4.914 Y-2.818 E0.00119
G1 X4.812 Y-0.044 E0.06924
G1 X4.908 Y3.638 E0.09188
G1 X4.115 Y3.565 E0.01987
G1 X3.423 Y3.441 E0.01754
G1 X1.387 Y3.265 E0.05098
G1 X1.987 Y2.872 E0.01789
G1 X2.25 Y2.761 E0.00712
G1 X2.715 Y2.344 E0.01558
G0 F7200 X2.482 Y2.183
G0 X0.813 Y3.413
G0 X5.066 Y3.867
G0 X4.518 Y3.402
G1 F1800 X4.697 Y3.223 E0.00631
G0 F7200 X4.682 Y2.671
G1 F1800 X4.01 Y3.344 E0.02372
G0 F7200 X3.531 Y3.258
G1 F1800 X4.668 Y2.12 E0.04013
G0 F7200 X4.653 Y1.569
G1 F1800 X3.017 Y3.206 E0.05773
G0 F7200 X2.496 Y3.161
G1 F1800 X4.639 Y1.018 E0.0756
G0 F7200 X4.625 Y0.466
G1 F1800 X3.033 Y2.058 E0.05616
G1 X2.963 Y2.128
G0 F7200 X2.553 Y1.98
G0 X2.988 Y0.911
G0 X3.43 Y1.095
G1 F1800 X4.612 Y-0.087 E0.0417
G0 F7200 X4.634 Y-.675
G1 F1800 X3.799 Y0.161 E0.02947
G0 F7200 X3.809 Y-.415
G1 F1800 X4.656 Y-1.262 E0.02988
G0 F7200 X4.678 Y-1.85
G1 F1800 X3.664 Y-.836 E0.03577
G0 F7200 X3.482 Y-1.219
G1 F1800 X4.7 Y-2.437 E0.04297
G0 F7200 X4.701 Y-3.004
G1 F1800 X3.299 Y-1.602 E0.04946
G0 F7200 X3.116 Y-1.984
G1 F1800 X4.62 Y-3.489 E0.05308
G0 F7200 X3.976 Y-3.41
G1 F1800 X2.937 Y-2.372 E0.03664
G0 F7200 X2.732 Y-2.732
G1 F1800 X3.313 Y-3.313 E0.0205
G0 F7200 X2.7 Y-3.265
G1 F1800 X2.409 Y-2.975 E0.01025
G0 F7200 X2.182 Y-2.552
G0 X0.72 Y-3.478
G0 X5.037 Y-3.947
G0 X14.265 Y-0.033
G0 X14.545 Y-0.029
G1 F1800 X14.508 Y-.251 E0.00561
G1 X14.404 Y-2.609 E0.05888
G1 X14.408 Y-2.712 E0.00257
G1 X14.37 Y-4.086 E0.03429
G1 X16.322 Y-4.121 E0.0487
G1 X17.007 Y-2.431 E0.04549
G1 X17.255 Y-0.025 E0.06034
G1 X17.057 Y2.491 E0.06296
G1 X16.661 Y4.062 E0.04041
G1 X15.531 Y4.024 E0.0282
G1 X14.481 Y4.01 E0.02619
G1 X14.421 Y2.515 E0.03732
G1 X14.504 Y0.266 E0.05614
G1 X14.545 Y-0.029 E0.00743
G0 F7200 X14.268 Y-0.032
G0 X14.099 Y-3.819
G0 X14.578 Y-3.83
G1 F1800 X14.639 Y-3.891 E0.00215
G0 F7200 X15.215 Y-3.901
G1 F1800 X14.59 Y-3.277 E0.02203
G0 F7200 X14.602 Y-2.723
G1 F1800 X15.79 Y-3.911 E0.04191
G0 F7200 X16.239 Y-3.794
G1 F1800 X14.623 Y-2.178 E0.05701
G0 F7200 X14.647 Y-1.636
G1 F1800 X16.402 Y-3.391 E0.06191
G0 F7200 X16.565 Y-2.989
G1 F1800 X14.671 Y-1.095 E0.06682
G0 F7200 X14.695 Y-.553
G1 F1800 X16.728 Y-2.586 E0.07172
G0 F7200 X16.837 Y-2.129
G1 F1800 X14.74 Y-0.033 E0.07396
G0 F7200 X14.692 Y0.581
G1 F1800 X16.89 Y-1.616 E0.07752
G0 F7200 X16.942 Y-1.103
G1 F1800 X14.67 Y1.169 E0.08015
G0 F7200 X14.649 Y1.756
G1 F1800 X16.995 Y-.59 E0.08276
G0 F7200 X17.048 Y-0.078
G1 F1800 X14.627 Y2.343 E0.08541
G0 F7200 X14.636 Y2.9
G1 F1800 X17.01 Y0.526 E0.08375
G0 F7200 X16.962 Y1.14
G1 F1800 X14.658 Y3.444 E0.08128
G0 F7200 X14.853 Y3.815
G1 F1800 X16.914 Y1.754 E0.07271
G0 F7200 X16.866 Y2.367
G1 F1800 X15.411 Y3.823 E0.05135
G0 F7200 X15.96 Y3.839
G1 F1800 X16.697 Y3.102 E0.026
G1 X16.767 Y3.032
G0 F7200 X14.17 Y3.216
G0 X5.066 Y3.867
G0 X-3.004 Y3.617
G0 X-4.303 Y3.864
G0 X-5.132 Y3.915
G0 X-14.266 Y2.64
G0 X-14.544 Y2.629
G1 F1800 X-14.482 Y4.034 E0.03508
G1 X-15.907 Y4.059 E0.03555
G1 X-16.611 Y2.363 E0.04581
G1 X-16.835 Y-0.016 E0.05961
G1 X-16.693 Y-2.41 E0.05982
G1 X-16.148 Y-4.066 E0.04349
G1 X-14.461 Y-4.007 E0.04211
G1 X-14.516 Y-2.627 E0.03445
G1 X-14.301 Y0.006 E0.0659
G1 X-14.544 Y2.629 E0.06571
G0 F7200 X-14.711 Y3.397
G1 F1800 X-15.158 Y3.845 E0.01579
G0 F7200 X-15.734 Y3.854
G1 F1800 X-14.733 Y2.854 E0.0353
G0 F7200 X-14.711 Y2.266
G1 F1800 X-15.929 Y3.484 E0.04297
G0 F7200 X-16.094 Y3.084
G1 F1800 X-14.654 Y1.643 E0.05082
G0 F7200 X-14.596 Y1.02
G1 F1800 X-16.261 Y2.684 E0.05872
G0 F7200 X-16.418 Y2.275
G1 F1800 X-14.539 Y0.397 E0.06627
G0 F7200 X-14.518 Y-.19
G1 F1800 X-16.466 Y1.759 E0.06874
G0 F7200 X-16.515 Y1.242
G1 F1800 X-14.561 Y-.713 E0.06895
G0 F7200 X-14.603 Y-1.236
G1 F1800 X-16.563 Y0.724 E0.06914
G0 F7200 X-16.612 Y0.207
G1 F1800 X-14.646 Y-1.759 E0.06936
G0 F7200 X-14.689 Y-2.282
G1 F1800 X-16.613 Y-.357 E0.06789
G0 F7200 X-16.578 Y-.958
G1 F1800 X-14.707 Y-2.829 E0.066
G0 F7200 X-14.684 Y-3.417
G1 F1800 X-16.542 Y-1.56 E0.06553
G0 F7200 X-16.507 Y-2.161
G1 F1800 X-14.848 Y-3.82 E0.05853
G0 F7200 X-15.394 Y-3.84
G1 F1800 X-16.314 Y-2.919 E0.03247
G1 X-16.384 Y-2.849
G0 F7200 X-16.038 Y-3.761
G1 F1800 X-15.94 Y-3.859 E0.00346
;MESH:NONMESH
G0 F600 X-15.94 Y-3.859 Z11.3
G0 F7200 X-14.178 Y-4.116
G0 X-.525 Y-3.758
G0 X7.164 Y-4.012
G0 X7.159 Y-4.154
;TIME_ELAPSED:680.615231
;LAYER:74
;TYPE:FILL
;MESH:pi 3mm_deformed_tet (6).stl
G1 F3600 X14.453 Y3.139 E0.2573
G1 X14.523 Y3.209
G0 F7200 X14.304 Y3.17
G0 X14.185 Y-2.974
G0 X14.321 Y-3.007
G1 F3600 X7.252 Y4.062 E0.24938
G1 X7.182 Y4.132
G0 F7200 X7.19 Y3.923
G0 X0.06 Y3.793
G0 X-7.223 Y3.96
G0 X-7.219 Y4.095
G1 F3600 X-14.362 Y-3.048 E0.25199
G1 X-14.432 Y-3.118
G0 F7200 X-14.221 Y-3.109
G0 X-14.159 Y-.116
G0 X-14.248 Y3.067
G0 X-14.386 Y3.072
G1 F3600 X-7.244 Y-4.069 E0.25194
G1 X-7.174 Y-4.139
G0 F7200 X-7.183 Y-3.93
G0 X-5.15 Y-3.879
G0 X0.012 Y-3.458
G0 X-.151 Y-3.232
;TYPE:WALL-INNER
G1 F3461.5 X-0.018 Y-3.246 E0.00347
G1 F3512.2 X0.31 Y-3.157 E0.00869
G1 F3600 X1.679 Y-2.373 E0.03935
G1 X1.954 Y-2.135 E0.00907
G1 X2.083 Y-1.957 E0.00548
G1 X2.795 Y-.453 E0.04151
G1 X2.817 Y-.345 E0.00275
G1 X2.852 Y-.177 E0.00428
G1 X2.807 Y0.035 E0.00541
G1 X2.254 Y1.366 E0.03595
G1 X1.978 Y1.994 E0.01711
G1 X1.912 Y2.072 E0.00255
G1 X1.759 Y2.253 E0.00591
G1 X0.321 Y3.204 E0.04301
G1 F2769.2 X-0.016 Y3.497 E0.01448
G1 F2701.7 X0.348 Y3.608 E0.01265
G1 F3486.7 X3.668 Y3.883 E0.0858
G1 F3600 X4.029 Y3.948 E0.00915
G1 X6.903 Y4.208 E0.07198
G1 X10.056 Y4.328 E0.07871
G1 X15.602 Y4.396 E0.13836
G1 X17.372 Y4.46 E0.04418
G1 X17.441 Y4.462 E0.00172
G1 X17.801 Y2.755 E0.04352
G1 X17.835 Y2.597 E0.00403
G1 X17.86 Y2.478 E0.00303
G1 F1500 X18.015 Y0.443 E0.04073
G1 F3600 X18.067 Y-0.03 E0.01187
G1 X17.999 Y-.523 E0.01241
G1 F1500 X17.797 Y-2.52 E0.04006
G1 F3600 X17.783 Y-2.564 E0.00115
G1 X17.706 Y-2.802 E0.00624
G1 X17.15 Y-4.518 E0.045
G1 X17.009 Y-4.515 E0.00352
G1 X15.441 Y-4.476 E0.03913
G1 X10.051 Y-4.436 E0.13446
G1 X6.906 Y-4.305 E0.07852
G1 X4.04 Y-4.025 E0.07183
G1 X3.677 Y-3.961 E0.00919
G1 X1.53 Y-3.801 E0.05371
G1 X0.681 Y-3.708 E0.02131
G1 F3486.7 X-.179 Y-3.654 E0.02219
G1 X-.719 Y-3.645 E0.01391
G1 F3600 X-3.46 Y-3.84 E0.06855
G1 X-4.164 Y-3.964 E0.01783
G1 X-6.953 Y-4.217 E0.06986
G1 X-9.928 Y-4.347 E0.07428
G1 X-12.509 Y-4.332 E0.06438
G1 X-15.549 Y-4.415 E0.07586
G1 X-16.845 Y-4.468 E0.03236
G1 X-16.978 Y-4.473 E0.00332
G1 X-17.437 Y-3.073 E0.03675
G1 X-17.591 Y-2.522 E0.01427
G1 F1500 X-17.69 Y-0.015 E0.05007
G1 F3600 X-17.661 Y0.274 E0.00725
G1 F1500 X-17.504 Y2.522 E0.04497
G1 X-16.689 Y4.458 E0.04192
G1 F3600 X-16.617 Y4.456 E0.0018
G1 X-15.444 Y4.42 E0.02927
G1 X-10.322 Y4.355 E0.12778
G1 X-6.978 Y4.248 E0.08346
G1 X-6.294 Y4.185 E0.01713
G1 X-4.238 Y4.028 E0.05144
G1 X-3.248 Y3.837 E0.02515
G1 X-1.455 Y3.688 E0.04488
G1 F2706.8 X-.939 Y3.504 E0.01818
G1 X-1.22 Y3.298 E0.01156
G1 X-1.313 Y3.23 E0.00382
G1 F3600 X-2.581 Y2.147 E0.0416
G1 X-2.666 Y1.918 E0.00609
G1 X-2.667 Y1.743 E0.00437
G1 X-2.86 Y1.32 E0.0116
G1 X-3.307 Y0.345 E0.02676
G1 X-3.35 Y0.25 E0.0026
G1 X-3.402 Y0.058 E0.00496
G1 X-3.378 Y-.903 E0.02398
G1 X-3.294 Y-1.137 E0.0062
G1 X-2.368 Y-2.094 E0.03322
G1 X-2.202 Y-2.215 E0.00512
G1 F3546.8 X-1.673 Y-2.477 E0.01495
G1 X-.151 Y-3.232 E0.04302
G0 F7200 X-.224 Y-3.304
G0 X1.645 Y-2.209
G0 X2.73 Y-.212
G0 X1.844 Y2.391
G0 X0.336 Y3.415
G0 X4.522 Y3.826
G0 X-0.016 Y3.497
G1 F2208.6 X-.939 Y3.504 E0.03753
G0 F7200 X-1.423 Y3.584
G0 X4.522 Y3.826
G0 X3.608 Y4.279
;TYPE:WALL-OUTER
G1 F1800 X3.975 Y4.345 E0.0093
G1 X6.877 Y4.608 E0.07269
G1 X10.046 Y4.728 E0.07911
G1 X15.588 Y4.796 E0.13826
G1 X17.272 Y4.856 E0.04203
G1 X17.763 Y4.874 E0.01226
G1 F1500 X18.257 Y2.535 E0.04771
G1 X18.413 Y0.486 E0.04101
G1 F1800 X18.47 Y-0.036 E0.0131
G1 X18.397 Y-.563 E0.01327
G1 F1500 X18.191 Y-2.602 E0.0409
G1 F1800 X17.611 Y-4.395 E0.04701
G1 X17.395 Y-4.924 E0.01425
G1 X16.905 Y-4.912 E0.01223
G1 X15.438 Y-4.876 E0.03661
G1 X10.041 Y-4.836 E0.13463
G1 X6.878 Y-4.704 E0.07897
G1 X3.984 Y-4.421 E0.07254
G1 X3.647 Y-4.36 E0.00854
G1 X1.486 Y-4.199 E0.05406
G1 X0.662 Y-4.108 E0.02068
G1 X-.691 Y-4.044 E0.03379
G1 X-3.391 Y-4.234 E0.06752
G1 X-4.111 Y-4.361 E0.01824
G1 X-6.926 Y-4.616 E0.07051
G1 X-9.92 Y-4.747 E0.07476
G1 X-12.498 Y-4.732 E0.06431
G1 X-15.533 Y-4.815 E0.07574
G1 X-16.72 Y-4.863 E0.02963
G1 X-17.264 Y-4.885 E0.01358
G1 X-17.82 Y-3.189 E0.04452
G1 X-17.989 Y-2.584 E0.01567
G1 F1500 X-18.091 Y-0.003 E0.05155
G1 F1800 X-18.06 Y0.302 E0.00765
G1 F1500 X-17.898 Y2.616 E0.04629
G1 X-17.1 Y4.513 E0.04107
G1 F1800 X-16.993 Y4.867 E0.00923
G1 X-16.498 Y4.852 E0.01235
G1 X-15.439 Y4.82 E0.02643
G1 X-10.31 Y4.755 E0.12795
G1 X-6.953 Y4.648 E0.08378
G1 X-6.264 Y4.584 E0.01726
G1 X-4.184 Y4.425 E0.05204
G1 X-3.216 Y4.236 E0.0246
G1 X-1.747 Y4.119 E0.03676
G1 X-.704 Y4.016 E0.02614
G1 X0.461 Y4.016 E0.02906
G1 X3.608 Y4.279 E0.07878
G0 F7200 X3.804 Y4.314
G0 X4.627 Y3.776
G0 X0.336 Y3.415
G0 X2.401 Y1.431
G0 X2.73 Y-.212
G0 X1.905 Y-1.96
G0 X0.328 Y-3.326
G0 X0.112 Y-2.81
G1 F1800 X1.48 Y-2.026 E0.03933
G1 X1.721 Y-1.786 E0.00848
G1 X2.304 Y-.553 E0.03402
G1 X2.449 Y-.248 E0.00842
G1 X2.449 Y-.156 E0.00229
G1 X1.888 Y1.205 E0.03672
G1 X1.612 Y1.833 E0.01711
G1 X1.539 Y1.919 E0.00281
G1 X1.376 Y2.026 E0.00486
G1 X-0.075 Y2.985 E0.04339
G1 X-.687 Y2.976 E0.01527
G1 X-.929 Y2.972 E0.00604
G1 X-1.054 Y2.925 E0.00333
G1 X-2.243 Y1.916 E0.0389
G1 X-2.26 Y1.672 E0.0061
G1 X-2.622 Y0.879 E0.02175
G1 X-2.863 Y0.353 E0.01443
G1 X-3.005 Y0.043 E0.00851
G1 X-2.974 Y-.892 E0.02334
G1 X-2.056 Y-1.841 E0.03294
G1 X-1.184 Y-2.268 E0.02422
G1 X-0.033 Y-2.832 E0.03197
G1 X0.112 Y-2.81 E0.00366
G0 F7200 X0.285 Y-2.711
G0 X0.206 Y-3.576
G0 X1.905 Y-1.96
G0 X2.952 Y-.171
G0 X3.229 Y-.164
;TYPE:SKIN
G1 F1800 X3.133 Y-.618 E0.01158
G1 X2.425 Y-2.118 E0.04138
G1 X2.24 Y-2.384 E0.00808
G1 X1.893 Y-2.682 E0.01141
G1 X0.759 Y-3.335 E0.03264
G1 X1.563 Y-3.42 E0.02017
G1 X3.703 Y-3.58 E0.05353
G1 X4.381 Y-3.668 E0.01705
G1 X4.913 Y-2.806 E0.02527
G1 X4.812 Y-0.012 E0.06974
G1 X4.89 Y2.764 E0.06927
G1 X4.405 Y3.593 E0.02396
G1 X3.741 Y3.51 E0.01669
G1 X0.907 Y3.268 E0.07095
G1 X1.966 Y2.572 E0.03161
G1 X2.316 Y2.167 E0.01335
G1 X2.6 Y1.516 E0.01772
G1 X3.157 Y0.186 E0.03597
G1 X3.229 Y-.164 E0.00891
G0 F7200 X2.952 Y-.171
G0 X1.756 Y-2.514
G0 X0.395 Y-3.294
G0 X4.493 Y-3.902
G0 X3.945 Y-3.409
G1 F1800 X4.708 Y-2.646 E0.02692
G0 F7200 X4.688 Y-2.1
G1 F1800 X3.431 Y-3.357 E0.04434
G0 F7200 X2.906 Y-3.317
G1 F1800 X4.668 Y-1.554 E0.06218
G0 F7200 X4.649 Y-1.008
G1 F1800 X2.38 Y-3.277 E0.08005
G0 F7200 X1.855 Y-3.236
G1 F1800 X4.629 Y-.462 E0.09786
G0 F7200 X4.616 Y0.091
G1 F1800 X2.858 Y-1.667 E0.06202
G1 X2.788 Y-1.737
G0 F7200 X2.387 Y-1.548
G0 X2.881 Y-.508
G0 X3.328 Y-.631
G1 F1800 X4.632 Y0.672 E0.04598
G0 F7200 X4.649 Y1.254
G1 F1800 X3.396 Y0.001 E0.0442
G0 F7200 X3.267 Y0.438
G1 F1800 X4.665 Y1.836 E0.04932
G0 F7200 X4.681 Y2.418
G1 F1800 X3.1 Y0.837 E0.05577
G0 F7200 X2.933 Y1.236
G1 F1800 X4.586 Y2.889 E0.05831
G0 F7200 X4.377 Y3.246
G1 F1800 X2.765 Y1.634 E0.05687
G0 F7200 X2.594 Y2.028
G1 F1800 X3.892 Y3.326 E0.04579
G0 F7200 X3.268 Y3.268
G1 F1800 X2.382 Y2.382 E0.03126
G0 F7200 X2.133 Y2.699
G1 F1800 X2.65 Y3.216 E0.01824
G0 F7200 X2.032 Y3.164
G1 F1800 X1.793 Y2.925 E0.00843
G0 F7200 X4.627 Y3.776
G0 X0.336 Y3.415
G0 X-1.088 Y3.207
G0 X-2.529 Y2.039
G0 X-3.178 Y0.286
G0 X-3.478 Y-.935
G0 X-3.756 Y-.942
G1 F1800 X-3.777 Y0.113 E0.02632
G1 X-3.705 Y0.377 E0.00683
G1 X-3.048 Y1.822 E0.0396
G1 X-3.035 Y2.005 E0.00458
G1 X-2.903 Y2.341 E0.00901
G1 X-2.668 Y2.604 E0.0088
G1 X-2.447 Y2.763 E0.00679
G1 X-1.771 Y3.335 E0.02209
G1 X-3.396 Y3.471 E0.04068
G1 X-4.288 Y3.649 E0.02269
G1 X-5.009 Y3.704 E0.01804
G1 X-4.964 Y2.363 E0.03347
G1 X-4.972 Y2.195 E0.0042
G1 X-4.991 Y-0.02 E0.05526
G1 X-4.884 Y-2.314 E0.05729
G1 X-4.941 Y-3.651 E0.03338
G1 X-4.211 Y-3.585 E0.01828
G1 X-3.524 Y-3.462 E0.01741
G1 X-.908 Y-3.275 E0.06542
G1 X-2.369 Y-2.556 E0.04062
G1 X-2.616 Y-2.377 E0.00761
G1 X-3.488 Y-1.484 E0.03113
G1 X-3.656 Y-1.235 E0.00749
G1 X-3.756 Y-.942 E0.00772
G0 F7200 X-3.478 Y-.935
G0 X-2.27 Y-2.36
G0 X-.16 Y-3.404
G0 X-1.841 Y-3.623
G0 X-1.886 Y-3.017
G1 F1800 X-2.022 Y-3.154 E0.00482
G0 F7200 X-2.265 Y-2.831
G1 F1800 X-2.632 Y-3.198 E0.01295
G0 F7200 X-2.621 Y-2.621
G1 F1800 X-3.241 Y-3.241 E0.02187
G0 F7200 X-3.888 Y-3.323
G1 F1800 X-2.918 Y-2.352 E0.03424
G0 F7200 X-3.197 Y-2.065
G1 F1800 X-4.545 Y-3.414 E0.04757
G0 F7200 X-4.714 Y-3.017
G1 F1800 X-3.477 Y-1.78 E0.04364
G0 F7200 X-3.738 Y-1.475
G1 F1800 X-4.69 Y-2.427 E0.03358
G0 F7200 X-4.704 Y-1.876
G1 F1800 X-3.909 Y-1.08 E0.02806
G0 F7200 X-3.965 Y-.571
G1 F1800 X-4.729 Y-1.335 E0.02695
G0 F7200 X-4.755 Y-.795
G1 F1800 X-3.977 Y-0.018 E0.02743
G1 X-3.907 Y0.052
G0 F7200 X-3.743 Y0.783
G1 F1800 X-4.78 Y-.255 E0.0366
G0 F7200 X-4.789 Y0.303
G1 F1800 X-3.267 Y1.824 E0.05368
G1 X-3.197 Y1.894
G0 F7200 X-2.765 Y1.879
G0 X-1.186 Y3.469
G0 X-2.949 Y3.717
G0 X-2.988 Y3.234
G1 F1800 X-4.779 Y1.444 E0.06316
G0 F7200 X-4.774 Y2.014
G1 F1800 X-3.498 Y3.29 E0.04501
G0 F7200 X-3.971 Y3.383
G1 F1800 X-4.772 Y2.582 E0.02826
G0 F7200 X-4.791 Y3.129
G1 F1800 X-4.458 Y3.461 E0.01173
G0 F7200 X-5.293 Y3.762
G0 X-2.426 Y3.673
G0 X-2.466 Y3.191
G1 F1800 X-4.784 Y0.873 E0.08177
G1 X-4.854 Y0.803
G0 F7200 X-5.267 Y0.805
G0 X-5.226 Y3.929
G0 X0.336 Y3.415
G0 X4.522 Y3.826
G0 X14.781 Y0.066
G0 X15.08 Y0.089
G1 F1800 X15.031 Y-.409 E0.01248
G1 X14.626 Y-2.428 E0.05137
G1 X14.575 Y-2.555 E0.00341
G1 X14.392 Y-3.296 E0.01904
G1 X14.37 Y-4.085 E0.01969
G1 X15.442 Y-4.096 E0.02674
G1 X16.875 Y-4.128 E0.03576
G1 X17.419 Y-2.438 E0.04429
G1 X17.613 Y-.531 E0.04782
G1 X17.682 Y-0.024 E0.01276
G1 X17.634 Y0.432 E0.01144
G1 X17.481 Y2.427 E0.04991
G1 X17.134 Y4.07 E0.04189
G1 X15.612 Y4.016 E0.03799
G1 X14.485 Y4.002 E0.02812
G1 X14.477 Y3.798 E0.00509
G1 X14.712 Y2.445 E0.03426
G1 X15.08 Y0.089 E0.05948
G0 F7200 X14.781 Y0.066
G0 X14.274 Y3.346
G0 X14.743 Y3.429
G1 F1800 X15.123 Y3.809 E0.01341
G0 F7200 X15.698 Y3.818
G1 F1800 X14.827 Y2.947 E0.03073
G0 F7200 X14.91 Y2.465
G1 F1800 X16.285 Y3.84 E0.04851
G0 F7200 X16.871 Y3.86
G1 F1800 X14.988 Y1.977 E0.06643
G0 F7200 X15.064 Y1.488
G1 F1800 X17.055 Y3.478 E0.07022
G0 F7200 X17.154 Y3.012
G1 F1800 X15.141 Y0.998 E0.07103
G0 F7200 X15.217 Y0.509
G1 F1800 X17.253 Y2.545 E0.07183
G0 F7200 X17.311 Y2.038
G1 F1800 X15.269 Y-0.005 E0.07205
G0 F7200 X15.185 Y-.654
G1 F1800 X17.351 Y1.512 E0.07641
G0 F7200 X17.391 Y0.986
G1 F1800 X15.043 Y-1.362 E0.08283
G0 F7200 X14.901 Y-2.07
G1 F1800 X17.432 Y0.461 E0.08929
G0 F7200 X17.476 Y-0.06
G1 F1800 X14.715 Y-2.821 E0.0974
G0 F7200 X14.585 Y-3.516
G1 F1800 X17.394 Y-.708 E0.09908
G0 F7200 X17.33 Y-1.337
G1 F1800 X14.779 Y-3.888 E0.08999
G0 F7200 X15.339 Y-3.894
G1 F1800 X17.266 Y-1.967 E0.06798
G0 F7200 X17.137 Y-2.662
G1 F1800 X15.894 Y-3.905 E0.04385
G0 F7200 X16.447 Y-3.918
G1 F1800 X16.868 Y-3.497 E0.01485
G0 F7200 X14.215 Y-2.855
G0 X4.493 Y-3.902
G0 X-0.066 Y-3.458
G0 X-2.2 Y-2.037
G0 X-3.212 Y-.986
G0 X-3.407 Y0.513
G0 X-2.317 Y2.589
G0 X-1.186 Y3.469
G0 X-4.26 Y3.868
G0 X-5.129 Y3.923
G0 X-14.268 Y2.589
G0 X-14.548 Y2.577
G1 F1800 X-14.482 Y4.026 E0.03618
G1 X-15.447 Y4.04 E0.02407
G1 X-16.44 Y4.068 E0.02478
G1 X-17.126 Y2.436 E0.04416
G1 X-17.28 Y0.242 E0.05486
G1 X-17.307 Y-0.034 E0.00692
G1 X-17.213 Y-2.463 E0.06064
G1 X-17.066 Y-2.969 E0.01314
G1 X-16.704 Y-4.081 E0.02917
G1 X-15.565 Y-4.032 E0.02844
G1 X-14.461 Y-4.001 E0.02755
G1 X-14.52 Y-2.604 E0.03488
G1 X-14.369 Y-.723 E0.04707
G1 X-14.396 Y-0.003 E0.01797
G1 X-14.361 Y0.572 E0.01437
G1 X-14.548 Y2.577 E0.05023
G1 F4200 E-3.5
G1 F600 Z11.8
G0 F7200 X-13.967 Y2.604 Z11.8
G0 X-15.943 Y3.856
G1 F600 Z11.3
G1 F4200 E3.5
G1 F1800 X-16.58 Y3.219 E0.02247
G1 X-16.65 Y3.149
G0 F7200 X-16.936 Y2.297
G1 F1800 X-15.389 Y3.844 E0.05457
G0 F7200 X-14.836 Y3.832
G1 F1800 X-16.978 Y1.689 E0.07558
G0 F7200 X-17.021 Y1.081
G1 F1800 X-14.71 Y3.392 E0.08153
G0 F7200 X-14.736 Y2.8
G1 F1800 X-17.063 Y0.473 E0.08209
G0 F7200 X-17.103 Y-.133
G1 F1800 X-14.718 Y2.253 E0.08415
G0 F7200 X-14.67 Y1.735
G1 F1800 X-17.082 Y-.677 E0.08509
G0 F7200 X-17.062 Y-1.223
G1 F1800 X-14.622 Y1.218 E0.0861
G0 F7200 X-14.573 Y0.7
G1 F1800 X-17.041 Y-1.767 E0.08705
G0 F7200 X-17.019 Y-2.312
G1 F1800 X-14.589 Y0.119 E0.08574
G0 F7200 X-14.579 Y-.437
G1 F1800 X-16.915 Y-2.773 E0.08241
G0 F7200 X-16.78 Y-3.204
G1 F1800 X-14.592 Y-1.015 E0.07721
G0 F7200 X-14.64 Y-1.629
G1 F1800 X-16.641 Y-3.63 E0.07059
G0 F7200 X-16.308 Y-3.863
G1 F1800 X-14.689 Y-2.244 E0.05711
G0 F7200 X-14.711 Y-2.832
G1 F1800 X-15.717 Y-3.837 E0.03547
G0 F7200 X-15.133 Y-3.819
G1 F1800 X-14.688 Y-3.374 E0.0157
G0 F7200 X-13.911 Y-3.342
;MESH:NONMESH
G0 F600 X-13.911 Y-3.342 Z11.45
G0 F7200 X-5.15 Y-3.879
G0 X-4.186 Y-3.805
G0 X7.165 Y-4.017
G0 X7.16 Y-4.154
;TIME_ELAPSED:705.356377
;LAYER:75
;TYPE:FILL
;MESH:pi 3mm_deformed_tet (6).stl
G1 F3600 X14.92 Y3.606 E0.27375
G1 X14.99 Y3.676
G0 F7200 X14.772 Y3.638
G0 X14.582 Y-3.372
G0 X14.718 Y-3.405
G1 F3600 X7.254 Y4.06 E0.26333
G1 X7.184 Y4.13
G0 F7200 X7.192 Y3.92
G0 X-0.05 Y3.47
G0 X-7.219 Y3.962
G0 X-7.215 Y4.099
G1 F3600 X-14.472 Y-3.159 E0.25603
G1 X-14.542 Y-3.229
G0 F7200 X-14.325 Y-3.159
G0 X-14.297 Y3.077
G0 X-14.43 Y3.116
G1 F3600 X-7.241 Y-4.072 E0.25359
G1 X-7.171 Y-4.142
G0 F7200 X-7.18 Y-3.933
G0 X-5.225 Y3.938
G0 X-1.339 Y3.567
G0 X-.373 Y3.36
G0 X-2.007 Y2.305
G0 X-3.147 Y-.577
G0 X-.853 Y-2.531
G0 X0.378 Y-2.893
G0 X-0.006 Y-2.888
;TYPE:WALL-INNER
G1 F3600 X0.324 Y-2.808 E0.00847
G1 X1.259 Y-2.268 E0.02693
G1 X1.676 Y-1.872 E0.01435
G1 X1.808 Y-1.691 E0.00559
G1 X2.428 Y-.37 E0.0364
G1 X2.424 Y-0.059 E0.00776
G1 X2.236 Y0.369 E0.01166
G1 X1.556 Y1.913 E0.04209
G1 X1.526 Y1.982 E0.00188
G1 X1.308 Y2.241 E0.00844
G1 F3144.1 X-0.01 Y3.115 E0.04517
G1 F2915 X-.819 Y3.095 E0.02493
G1 F3214.3 X-.961 Y2.975 E0.00519
G1 X-1.891 Y2.192 E0.03397
G1 F3495.1 X-2.262 Y1.689 E0.01606
G1 X-2.341 Y1.583 E0.0034
G1 F3600 X-3.016 Y0.13 E0.03997
G1 X-2.992 Y-.278 E0.0102
G1 X-2.974 Y-.591 E0.00782
G1 X-2.858 Y-.834 E0.00672
G1 X-1.746 Y-1.996 E0.04012
G1 X-1.661 Y-2.084 E0.00305
G1 X-1.495 Y-2.206 E0.00514
G1 X-.243 Y-2.826 E0.03485
G1 X-0.006 Y-2.888 E0.00611
G0 F7200 X0.378 Y-2.893
G0 X-1.49 Y-2.032
G0 X-2.822 Y-.641
G0 X-2.007 Y2.305
G0 X-.373 Y3.36
G0 X-3.508 Y3.902
G1 F3600 X-1.356 Y3.729 E0.05386
G1 F3130.4 X-.831 Y3.612 E0.01543
G1 F2785.3 X0.047 Y3.615 E0.02831
G1 F3157.9 X0.679 Y3.67 E0.01804
G1 F3600 X3.937 Y3.946 E0.08156
G1 X6.768 Y4.212 E0.07093
G1 X7.161 Y4.216 E0.0098
G1 X10.055 Y4.328 E0.07225
G1 X15.68 Y4.392 E0.14033
G1 X17.853 Y4.463 E0.05423
G1 X17.866 Y4.463 E0.00032
G1 F1500 X18.276 Y2.483 E0.04035
G1 F3600 X18.403 Y0.863 E0.04054
G1 X18.499 Y-0.03 E0.0224
G1 X18.377 Y-.9 E0.02191
G1 X18.213 Y-2.52 E0.04062
G1 X18.198 Y-2.566 E0.00121
G1 X17.586 Y-4.46 E0.04965
G1 X17.566 Y-4.521 E0.0016
G1 X15.531 Y-4.472 E0.05078
G1 X12.87 Y-4.444 E0.06638
G1 X10.05 Y-4.436 E0.07035
G1 X7.127 Y-4.312 E0.07298
G1 X6.77 Y-4.308 E0.00891
G1 X3.989 Y-4.029 E0.06972
G1 X1.457 Y-3.841 E0.06333
G1 X0.85 Y-3.772 E0.01524
G1 X-.878 Y-3.693 E0.04315
G1 X-3.75 Y-3.896 E0.07182
G1 X-4.123 Y-3.96 E0.00944
G1 X-6.965 Y-4.221 E0.07119
G1 X-9.928 Y-4.347 E0.07398
G1 X-12.655 Y-4.336 E0.06803
G1 X-15.548 Y-4.408 E0.07219
G1 X-17.398 Y-4.481 E0.04618
G1 X-17.487 Y-4.485 E0.00222
G1 F1500 X-18.023 Y-2.527 E0.04051
G1 X-18.126 Y-0.022 E0.05003
G1 F3600 X-18.051 Y0.636 E0.01652
G1 X-17.926 Y2.492 E0.0464
G1 X-17.907 Y2.547 E0.00145
G1 X-17.794 Y2.877 E0.0087
G1 X-17.246 Y4.472 E0.04207
G1 X-17.121 Y4.468 E0.00312
G1 X-15.522 Y4.416 E0.03991
G1 X-10.133 Y4.351 E0.13444
G1 X-6.99 Y4.252 E0.07844
G1 X-4.193 Y4.032 E0.06999
G1 X-3.508 Y3.902 E0.01739
G0 F7200 X-3.476 Y4.3
;TYPE:WALL-OUTER
G1 F1800 X-1.686 Y4.158 E0.04479
G1 X-.829 Y4.072 E0.02149
G1 X0.645 Y4.068 E0.03677
G1 X3.899 Y4.344 E0.08146
G1 X6.747 Y4.612 E0.07136
G1 X7.146 Y4.616 E0.00995
G1 X10.045 Y4.728 E0.07237
G1 X15.667 Y4.792 E0.14025
G1 X17.77 Y4.86 E0.05249
G1 X18.19 Y4.874 E0.01048
G1 F1500 X18.673 Y2.539 E0.04758
G1 F1800 X18.801 Y0.906 E0.04086
G1 X18.902 Y-0.036 E0.02363
G1 X18.773 Y-.963 E0.02335
G1 X18.607 Y-2.602 E0.04109
G1 X18.464 Y-3.045 E0.01161
G1 X18.096 Y-4.183 E0.02983
G1 X17.855 Y-4.928 E0.01953
G1 X17.401 Y-4.917 E0.01133
G1 X15.527 Y-4.872 E0.04676
G1 X12.869 Y-4.844 E0.06631
G1 X10.041 Y-4.836 E0.07055
G1 X7.123 Y-4.712 E0.07286
G1 X6.748 Y-4.708 E0.00935
G1 X3.959 Y-4.428 E0.06992
G1 X1.459 Y-4.243 E0.06253
G1 X0.83 Y-4.172 E0.01579
G1 X-.85 Y-4.092 E0.04196
G1 X-3.682 Y-4.29 E0.07082
G1 X-4.071 Y-4.357 E0.00985
G1 X-6.938 Y-4.62 E0.07182
G1 X-9.92 Y-4.747 E0.07445
G1 X-12.645 Y-4.736 E0.06798
G1 X-15.532 Y-4.808 E0.07204
G1 X-17.268 Y-4.876 E0.04334
G1 X-17.789 Y-4.897 E0.01301
G1 F1500 X-18.421 Y-2.589 E0.04775
G1 X-18.527 Y-0.008 E0.05155
G1 F1800 X-18.448 Y0.69 E0.01752
G1 X-18.322 Y2.572 E0.04705
G1 X-17.716 Y4.331 E0.04641
G1 X-17.491 Y4.879 E0.01478
G1 X-16.996 Y4.863 E0.01235
G1 X-15.518 Y4.816 E0.03689
G1 X-10.121 Y4.751 E0.13464
G1 X-6.965 Y4.652 E0.07877
G1 X-4.139 Y4.429 E0.07071
G1 X-3.476 Y4.3 E0.01685
G0 F7200 X-3.277 Y4.285
G0 X-3.319 Y3.787
G0 X-1.339 Y3.567
G0 X-.373 Y3.36
G0 X-2.007 Y2.305
G0 X-2.812 Y0.916
G0 X-2.89 Y-.515
G0 X-2.584 Y-.504
G1 F1800 X-2.545 Y-.585 E0.00224
G1 X-1.349 Y-1.832 E0.0431
G1 X-1.193 Y-1.909 E0.00434
G1 X-0.012 Y-2.494 E0.03288
G1 X0.124 Y-2.462 E0.00349
G1 X1.034 Y-1.93 E0.02629
G1 X1.43 Y-1.556 E0.01359
G1 X1.68 Y-1.023 E0.01469
G1 X2.033 Y-.269
G1 X2.032 Y-.174
G1 X2.008 Y-.119
G1 F1500 X1.16 Y1.821 E0.04225
G1 F1800 X1.087 Y1.907 E0.00281
G1 X1.003 Y1.963 E0.00252
G1 X-0.047 Y2.658 E0.03141
G1 X-.419 Y2.65 E0.00928
G1 X-.734 Y2.644 E0.00786
G1 X-1.609 Y1.9 E0.02865
G1 X-2.002 Y1.371 E0.01644
G1 X-2.088 Y1.183 E0.00516
G1 X-2.61 Y0.043 E0.03128
G1 X-2.603 Y-.113 E0.0039
G1 X-2.584 Y-.504 E0.00977
G0 F7200 X-2.545 Y-.585
G0 X-2.469 Y-.664
G0 X-2.686 Y-.874
G0 X-1.49 Y-2.032
G0 X0.038 Y-2.78
G0 X1.163 Y-2.142
G0 X2.537 Y-.188
G0 X2.813 Y-.177
;TYPE:SKIN
G1 F1800 X2.737 Y-.587 E0.0104
G1 X2.154 Y-1.849 E0.03468
G1 X1.958 Y-2.123 E0.0084
G1 X1.502 Y-2.558 E0.01572
G1 X0.513 Y-3.138 E0.0286
G1 F1625.3 X-0.023 Y-3.307 E0.01553
G1 X0.479 Y-3.374 E0.01399
G1 F1800 X0.87 Y-3.392 E0.00976
G1 X1.512 Y-3.464 E0.01612
G1 X3.829 Y-3.635 E0.05795
G1 X4.586 Y-2.413 E0.03586
G1 X4.847 Y-1.076 E0.03398
G1 X4.812 Y-0.011 E0.02658
G1 X4.843 Y1.016 E0.02563
G1 X4.601 Y2.284 E0.0322
G1 X3.858 Y3.557 E0.03677
G1 X0.447 Y3.266 E0.0854
G1 X1.541 Y2.542 E0.03272
G1 X1.876 Y2.129 E0.01327
G1 X2.744 Y0.148 E0.05395
G1 X2.813 Y-.177 E0.00829
G0 F7200 X2.537 Y-.188
G0 X1.392 Y2.379
G0 X0.034 Y3.322
G0 X3.979 Y3.781
G0 X5.146 Y2.493
G0 X5.422 Y1.058
G0 X5.428 Y-1.121
G0 X5.131 Y-2.627
G0 X3.946 Y-3.859
G0 X0.121 Y-3.639
G0 X-0.023 Y-3.307
G1 F1472.4 X-0.065 Y-3.304 E0.00128
G0 F7200 X0.121 Y-3.639
G0 X-5.07 Y-3.884
G0 X-5.225 Y3.938
G0 X-1.339 Y3.567
G0 X-.373 Y3.36
G0 X-2.007 Y2.305
G0 X-3.086 Y-.58
G0 X-3.364 Y-.59
G1 F1800 X-3.381 Y0.101 E0.01724
G1 X-3.311 Y0.385 E0.0073
G1 X-2.68 Y1.762 E0.03778
G1 X-2.15 Y2.469 E0.02204
G1 X-1.189 Y3.282 E0.0314
G1 X-1.386 Y3.35 E0.0052
G1 X-3.557 Y3.522 E0.05433
G1 X-4.239 Y3.653 E0.01732
G1 X-5.008 Y3.714 E0.01924
G1 X-4.964 Y2.347 E0.03412
G1 X-4.992 Y-0.04 E0.05955
G1 X-4.884 Y-2.282 E0.05599
G1 X-4.939 Y-3.651 E0.03418
G1 X-4.217 Y-3.589 E0.01808
G1 X-3.733 Y-3.51 E0.01223
G1 X-.906 Y-3.312 E0.07069
G1 F1702.1 X-.129 Y-3.305 E0.0205
G1 X-1.665 Y-2.548 E0.04517
G1 F1800 X-1.937 Y-2.343 E0.0085
G1 X-3.141 Y-1.087 E0.0434
G1 X-3.364 Y-.59 E0.01359
G0 F7200 X-3.086 Y-.58
G0 X-2.007 Y2.305
G0 X-.373 Y3.36
G0 X-1.339 Y3.567
G0 X-5.225 Y3.938
G0 X-5.202 Y-3.181
G0 X-4.72 Y-3.2
G1 F1800 X-4.506 Y-3.413 E0.00753
G0 F7200 X-4.002 Y-3.352
G1 F1800 X-4.699 Y-2.655 E0.02459
G0 F7200 X-4.692 Y-2.096
G1 F1800 X-3.496 Y-3.292 E0.04219
G0 F7200 X-2.968 Y-3.255
G1 F1800 X-4.721 Y-1.502 E0.06184
G0 F7200 X-4.75 Y-.907
G1 F1800 X-2.439 Y-3.218 E0.08153
G0 F7200 X-1.91 Y-3.181
G1 F1800 X-4.778 Y-.313 E0.10118
G0 F7200 X-4.789 Y0.263
G1 F1800 X-2.868 Y-1.657 E0.06775
G1 X-2.798 Y-1.727
G0 F7200 X-2.456 Y-1.398
G0 X-1.635 Y-2.224
G0 X-1.918 Y-2.608
G1 F1800 X-1.381 Y-3.145 E0.01894
G0 F7200 X-1.348 Y-3.625
G0 X1.158 Y-3.707
G0 X1.245 Y-2.942
G1 F1800 X1.57 Y-3.268 E0.01148
G0 F7200 X1.603 Y-2.734
G1 F1800 X2.182 Y-3.314 E0.02044
G0 F7200 X2.793 Y-3.359
G1 F1800 X1.892 Y-2.458 E0.03179
G0 F7200 X2.169 Y-2.169
G1 F1800 X3.404 Y-3.404 E0.04357
G0 F7200 X3.826 Y-3.26
G1 F1800 X2.387 Y-1.822 E0.05075
G0 F7200 X2.567 Y-1.435
G1 F1800 X4.043 Y-2.911 E0.05207
G0 F7200 X4.258 Y-2.561
G1 F1800 X2.746 Y-1.049 E0.05334
G0 F7200 X2.921 Y-.658
G1 F1800 X4.43 Y-2.167 E0.05323
G0 F7200 X4.522 Y-1.694
G1 F1800 X3.011 Y-.182 E0.05332
G1 X2.941 Y-.112
G0 F7200 X2.746 Y0.648
G1 F1800 X4.615 Y-1.22 E0.06592
G0 F7200 X4.633 Y-.673
G1 F1800 X2.302 Y1.657 E0.08221
G1 X2.232 Y1.727
G0 F7200 X1.827 Y1.548
G0 X0.034 Y3.322
G0 X3.979 Y3.781
G0 X2.423 Y3.234
G1 F1800 X4.639 Y1.018 E0.07818
G0 F7200 X4.626 Y0.465
G1 F1800 X1.901 Y3.19 E0.09613
G0 F7200 X1.38 Y3.145
G1 F1800 X4.614 Y-0.088 E0.11407
G1 X4.684 Y-.158
G0 F7200 X5.097 Y-.144
G0 X4.977 Y1.807
G0 X4.506 Y1.717
G1 F1800 X2.944 Y3.279 E0.0551
G0 F7200 X3.465 Y3.323
G1 F1800 X4.18 Y2.608 E0.02522
G1 X4.25 Y2.538
G0 F7200 X4.645 Y2.77
G0 X3.954 Y3.786
G0 X-1.797 Y3.664
G0 X-1.851 Y2.983
G1 F1800 X-2.073 Y3.205 E0.00783
G0 F7200 X-2.157 Y2.723
G1 F1800 X-2.688 Y3.253 E0.01871
G0 F7200 X-3.302 Y3.302
G1 F1800 X-2.432 Y2.432 E0.03069
G0 F7200 X-2.671 Y2.106
G1 F1800 X-3.963 Y3.398 E0.04558
G0 F7200 X-4.615 Y3.483
G1 F1800 X-2.9 Y1.768 E0.0605
G0 F7200 X-3.077 Y1.38
G1 F1800 X-4.787 Y3.09 E0.06032
G0 F7200 X-4.768 Y2.505
G1 F1800 X-3.253 Y0.99 E0.05345
G0 F7200 X-3.429 Y0.601
G1 F1800 X-4.768 Y1.94 E0.04724
G0 F7200 X-4.775 Y1.381
G1 F1800 X-3.569 Y0.175 E0.04254
G0 F7200 X-3.57 Y-.39
G1 F1800 X-4.781 Y0.822 E0.04274
G1 X-4.851 Y0.892
G0 F7200 X-5.264 Y0.894
G0 X-14.535 Y2.322
G0 X-14.801 Y2.391
G1 F1800 X-14.515 Y3.319 E0.02422
G1 X-14.482 Y4.022 E0.01756
G1 X-15.527 Y4.036 E0.02607
G1 X-16.974 Y4.079 E0.03611
G1 X-17.55 Y2.412 E0.044
G1 X-17.66 Y0.683 E0.04322
G1 X-17.743 Y-0.044 E0.01825
G1 X-17.64 Y-2.468 E0.06052
G1 X-17.197 Y-4.093 E0.04202
G1 X-15.561 Y-4.028 E0.04084
G1 X-14.461 Y-3.997 E0.02745
G1 X-14.479 Y-3.592 E0.01011
G1 X-14.852 Y-2.415 E0.0308
G1 X-14.956 Y0.017 E0.06072
G1 X-14.801 Y2.391 E0.05935
G0 F7200 X-14.535 Y2.322
G0 X-14.233 Y3.378
G0 X-14.711 Y3.398
G1 F1800 X-15.146 Y3.832 E0.01533
G0 F7200 X-15.722 Y3.842
G1 F1800 X-14.837 Y2.957 E0.03122
G0 F7200 X-14.969 Y2.524
G1 F1800 X-16.304 Y3.859 E0.0471
G0 F7200 X-16.846 Y3.835
G1 F1800 X-15.03 Y2.019 E0.06406
G0 F7200 X-15.063 Y1.486
G1 F1800 X-16.992 Y3.415 E0.06805
G0 F7200 X-17.137 Y2.995
G1 F1800 X-15.096 Y0.954 E0.072
G0 F7200 X-15.129 Y0.421
G1 F1800 X-17.282 Y2.574 E0.07595
G0 F7200 X-17.369 Y2.095
G1 F1800 X-15.152 Y-.122 E0.07821
G0 F7200 X-15.126 Y-.713
G1 F1800 X-17.403 Y1.563 E0.08031
G0 F7200 X-17.437 Y1.032
G1 F1800 X-15.1 Y-1.305 E0.08244
G0 F7200 X-15.075 Y-1.896
G1 F1800 X-17.478 Y0.508 E0.08479
G0 F7200 X-17.537 Y0.001
G1 F1800 X-15.041 Y-2.495 E0.08805
G1 X-14.971 Y-2.565
G0 F7200 X-14.774 Y-3.328
G1 F1800 X-17.52 Y-.582 E0.09687
G0 F7200 X-17.495 Y-1.173
G1 F1800 X-14.858 Y-3.809 E0.09301
G0 F7200 X-15.405 Y-3.828
G1 F1800 X-17.469 Y-1.764 E0.07281
G0 F7200 X-17.444 Y-2.355
G1 F1800 X-15.952 Y-3.847 E0.05263
G0 F7200 X-16.498 Y-3.867
G1 F1800 X-17.258 Y-3.106 E0.02683
G1 X-17.328 Y-3.036
G0 F7200 X-14.574 Y-2.389
G0 X-5.225 Y3.938
G0 X3.979 Y3.781
G0 X15.302 Y-0.041
G0 X15.58 Y-0.028
G1 F1800 X15.5 Y-.837 E0.02028
G1 X15.175 Y-2.438 E0.04075
G1 X14.983 Y-2.926 E0.01308
G1 X14.692 Y-4.082 E0.02974
G1 X15.531 Y-4.092 E0.02093
G1 X17.291 Y-4.132 E0.04391
G1 X17.835 Y-2.439 E0.04436
G1 X17.988 Y-.904 E0.03848
G1 X18.114 Y-0.024 E0.02218
G1 X18.021 Y0.871 E0.02245
G1 X17.897 Y2.431 E0.03904
G1 X17.558 Y4.07 E0.04175
G1 X15.691 Y4.012 E0.04659
G1 X14.989 Y4.003 E0.01751
G1 X15.262 Y2.435 E0.0397
G1 X15.514 Y0.823 E0.0407
G1 X15.58 Y-0.028 E0.02129
G0 F7200 X15.303 Y-0.04
G0 X14.533 Y-3.569
G0 X14.999 Y-3.685
G1 F1800 X15.204 Y-3.891 E0.00725
G0 F7200 X15.781 Y-3.902
G1 F1800 X15.113 Y-3.234 E0.02357
G0 F7200 X15.247 Y-2.802
G1 F1800 X16.358 Y-3.913 E0.03919
G0 F7200 X16.936 Y-3.925
G1 F1800 X15.39 Y-2.379 E0.05454
G0 F7200 X15.486 Y-1.909
G1 F1800 X17.233 Y-3.656 E0.06163
G0 F7200 X17.371 Y-3.229
G1 F1800 X15.581 Y-1.439 E0.06315
G0 F7200 X15.677 Y-.969
G1 F1800 X17.508 Y-2.8 E0.06459
G0 F7200 X17.641 Y-2.367
G1 F1800 X15.738 Y-.465 E0.06712
G0 F7200 X15.773 Y0.066
G1 F1800 X17.693 Y-1.853 E0.06772
G0 F7200 X17.743 Y-1.339
G1 F1800 X15.725 Y0.68 E0.07121
G0 F7200 X15.637 Y1.334
G1 F1800 X17.797 Y-.827 E0.07622
G0 F7200 X17.868 Y-.332
G1 F1800 X15.532 Y2.005 E0.08243
G0 F7200 X15.423 Y2.679
G1 F1800 X17.888 Y0.214 E0.08696
G0 F7200 X17.822 Y0.846
G1 F1800 X15.304 Y3.364 E0.08883
G0 F7200 X15.43 Y3.804
G1 F1800 X17.773 Y1.46 E0.08267
G0 F7200 X17.724 Y2.075
G1 F1800 X15.978 Y3.821 E0.06159
G0 F7200 X16.526 Y3.838
G1 F1800 X17.63 Y2.735 E0.03893
G0 F7200 X17.483 Y3.448
G1 F1800 X17.075 Y3.855 E0.01438
;MESH:NONMESH
G0 F600 X17.075 Y3.855 Z11.6
G0 F7200 X14.796 Y3.793
G0 X4.042 Y3.706
G0 X3.494 Y3.494
;TIME_ELAPSED:730.905563
;LAYER:76
;TYPE:FILL
;MESH:pi 3mm_deformed_tet (6).stl
G1 F3600 X3.792 Y3.792 E0.01051
G0 F7200 X3.802 Y3.671
G0 X7.25 Y3.924
G0 X7.249 Y4.064
G1 F3600 X15.116 Y-3.802 E0.27751
G1 X15.186 Y-3.872
G0 F7200 X14.967 Y-3.818
G0 X15.246 Y4.038
G0 X15.388 Y4.074
G1 F3600 X7.159 Y-4.155 E0.2903
G1 X7.089 Y-4.225
G0 F7200 X7.089 Y-4.016
G0 X3.872 Y-3.748
G0 X3.874 Y-3.874
G1 F3600 X3.506 Y-3.506 E0.01298
G0 F7200 X3.625 Y-3.577
G0 X-7.24 Y-3.943
G0 X-7.234 Y-4.079
G1 F3600 X-14.816 Y3.502 E0.26746
G1 X-14.886 Y3.572
G0 F7200 X-14.67 Y3.508
G0 X-14.756 Y-3.535
G0 X-14.892 Y-3.579
G1 F3600 X-7.214 Y4.1 E0.27088
G1 X-7.144 Y4.17
G1 F4200 E-3.5
G0 F7200 X-7.15 Y3.962
G0 X-3.779 Y3.801
G0 X-1.602 Y3.587
G0 X-.799 Y2.8
G0 X0.02 Y2.724
;TYPE:WALL-INNER
G1 F4200 E3.5
G1 F3600 X-.404 Y2.724 E0.01058
G1 X-.674 Y2.651 E0.00698
G1 X-.704 Y2.643 E0.00077
G1 X-1.277 Y2.166
G1 X-2.232 Y0.876
G1 X-2.314 Y0.766
G1 X-2.553 Y0.281
G1 X-2.599 Y0.068
G1 X-2.608 Y0.026
G1 X-2.586 Y-.25 E0.00691
G1 X-2.469 Y-.492 E0.00671
G1 F1500 X-1.035 Y-1.991 E0.0414
G1 F1800 X-.946 Y-2.084 E0.00321
G1 F3600 X-.778 Y-2.207 E0.00519
G1 X-.145 Y-2.519 E0.0176
G1 X0.106 Y-2.532 E0.00627
G1 X0.331 Y-2.457 E0.00592
G1 X0.818 Y-2.162 E0.0142
G1 X1.399 Y-1.606 E0.02006
G1 X1.528 Y-1.427 E0.0055
G1 X2.024 Y-.368 E0.02917
G1 X2.014 Y-0.027 E0.00851
G1 X1.807 Y0.352 E0.01077
G1 X1.672 Y0.6 E0.00704
G1 X1.104 Y1.899 E0.03537
G1 X1.074 Y1.968 E0.00188
G1 X0.857 Y2.228 E0.00845
G1 X0.249 Y2.632 E0.01821
G1 X0.02 Y2.724 E0.00616
G1 F4200 E-3.5
G1 F600 Z12.1
G0 F7200 X0.866 Y3.725 Z12.1
G1 F600 Z11.6
G1 F4200 E3.5
G1 F3600 X3.808 Y3.971 E0.07364
G1 X3.981 Y3.97 E0.00432
G1 X6.634 Y4.22 E0.06647
G1 X7.324 Y4.224 E0.01721
G1 X10.059 Y4.332 E0.06828
G1 X15.761 Y4.388 E0.14224
G1 X18.276 Y4.467 E0.06277
G1 X18.282 Y4.467 E0.00015
G1 F1500 X18.696 Y2.482 E0.04047
G1 F3600 X18.791 Y1.281 E0.03005
G1 X18.927 Y-0.03 E0.03288
G1 X18.751 Y-1.323 E0.03255
G1 X18.629 Y-2.519 E0.02999
G1 X18.614 Y-2.566 E0.00123
G1 X17.982 Y-4.521 E0.05125
G1 X15.62 Y-4.464 E0.05894
G1 X10.055 Y-4.436 E0.13882
G1 X7.284 Y-4.316 E0.06919
G1 X6.64 Y-4.312 E0.01606
G1 X3.996 Y-4.047 E0.06629
G1 X3.809 Y-4.047 E0.00466
G1 X1.381 Y-3.877 E0.06071
G1 X1.019 Y-3.84 E0.00908
G1 X-1.038 Y-3.741 E0.05137
G1 X-3.998 Y-3.946 E0.07401
G1 X-6.89 Y-4.225 E0.07248
G1 X-9.888 Y-4.351 E0.07485
G1 X-12.808 Y-4.336 E0.07284
G1 X-15.634 Y-4.408 E0.07052
G1 X-17.903 Y-4.49 E0.05664
G1 X-17.919 Y-4.491 E0.0004
G1 F1500 X-18.458 Y-2.535 E0.04049
G1 X-18.558 Y-0.025 E0.05013
G1 F3600 X-18.441 Y1.047 E0.0269
G1 X-18.342 Y2.488 E0.03603
G1 X-18.324 Y2.54 E0.00137
G1 X-17.663 Y4.475 E0.05101
G1 X-15.624 Y4.416 E0.05088
G1 X-9.943 Y4.347 E0.14172
G1 X-6.997 Y4.256 E0.07352
G1 X-4.153 Y4.036 E0.07116
G1 X-3.842 Y3.972 E0.00792
G1 X-1.622 Y3.789 E0.05557
G1 X-1.013 Y3.726 E0.01527
G1 X0.866 Y3.725 E0.04687
G0 F7200 X3.524 Y3.719
G0 X4.621 Y2.42
G0 X5.218 Y-.112
G0 X4.599 Y-2.559
G0 X3.399 Y-3.82
G0 X-3.608 Y-3.71
G0 X0.057 Y-2.135
;TYPE:WALL-OUTER
G1 F1800 X0.555 Y-1.861 E0.01418
G1 X1.15 Y-1.291 E0.02055
G1 X1.629 Y-.268 E0.02818
G1 X1.627 Y-.167 E0.00252
G1 X1.624 Y-.162 E0.00015
G1 X1.312 Y0.424 E0.01656
G1 X0.708 Y1.808 E0.03767
G1 X0.635 Y1.895 E0.00283
G1 X0.548 Y1.953 E0.00261
G1 X-0.02 Y2.33 E0.01701
G1 X-.153 Y2.321 E0.00333
G1 X-.485 Y2.3 E0.0083
G1 X-.997 Y1.872 E0.01665
G1 X-2.007 Y0.507 E0.04236
G1 X-2.083 Y0.338 E0.00462
G1 X-2.112 Y0.273 E0.00178
G1 X-2.205 Y0.067 E0.00564
G1 X-2.196 Y-.161 E0.00569
G1 X-2.157 Y-.242 E0.00224
G1 F1500 X-.633 Y-1.832 E0.04395
G1 F1800 X-.481 Y-1.907 E0.00423
G1 X-0.057 Y-2.116 E0.01179
G1 X0.057 Y-2.135 E0.00288
G0 F7200 X0.232 Y-2.039
G0 X-3.608 Y-3.71
G0 X-5.358 Y-3.064
G0 X-5.569 Y-0.061
G0 X-5.477 Y3.32
G0 X-3.769 Y3.861
G0 X-3.736 Y4.36
G1 F1800 X-1.582 Y4.187 E0.0539
G1 X-.973 Y4.124 E0.01527
G1 X0.833 Y4.124 E0.04505
G1 X3.798 Y4.371 E0.07422
G1 X3.943 Y4.368 E0.00362
G1 X6.614 Y4.62 E0.06692
G1 X7.308 Y4.624 E0.01731
G1 X10.049 Y4.732 E0.06843
G1 X15.747 Y4.788 E0.14214
G1 X17.365 Y4.844 E0.04039
G1 X18.215 Y4.866 E0.02121
G1 X18.589 Y4.875 E0.00933
G1 X18.774 Y4.068 E0.02065
G1 X19.093 Y2.539 E0.03896
G1 X19.189 Y1.323 E0.03043
G1 X19.33 Y-0.036 E0.03408
G1 X19.149 Y-1.363 E0.03341
G1 X19.023 Y-2.602 E0.03107
G1 X18.878 Y-3.051 E0.01177
G1 X18.271 Y-4.928 E0.04921
G1 X15.618 Y-4.864 E0.0662
G1 X10.045 Y-4.836 E0.13902
G1 X7.282 Y-4.716 E0.06899
G1 X6.619 Y-4.712 E0.01654
G1 X3.93 Y-4.444 E0.06741
G1 X3.801 Y-4.447 E0.00322
G1 X1.341 Y-4.275 E0.06151
G1 X0.999 Y-4.24 E0.00858
G1 X-.985 Y-4.14 E0.04955
G1 X-3.96 Y-4.344 E0.07439
G1 X-6.862 Y-4.624 E0.07273
G1 X-9.88 Y-4.751 E0.07535
G1 X-12.798 Y-4.736 E0.07279
G1 X-15.62 Y-4.808 E0.07042
G1 X-17.794 Y-4.887 E0.05427
G1 X-18.226 Y-4.903 E0.01078
G1 F1500 X-18.856 Y-2.597 E0.04771
G1 X-18.959 Y-0.011 E0.05165
G1 F1800 X-18.84 Y1.074 E0.02723
G1 X-18.738 Y2.568 E0.03735
G1 X-18.586 Y3.012 E0.01171
G1 X-18.168 Y4.234 E0.03222
G1 X-17.946 Y4.883 E0.01711
G1 X-17.498 Y4.87 E0.01118
G1 X-15.619 Y4.816 E0.04689
G1 X-9.931 Y4.747 E0.1419
G1 X-6.975 Y4.656 E0.07377
G1 X-4.097 Y4.433 E0.07201
G1 X-3.736 Y4.36 E0.00919
G0 F7200 X-3.537 Y4.344
G1 F4200 E-3.5
G0 F7200 X-3.579 Y3.846
G0 X-2.37 Y3.649
G0 X-1.409 Y2.292
G0 X-2.96 Y-.298
;TYPE:SKIN
G1 F4200 E3.5
G1 F1800 X-2.961 Y0.285 E0.01454
G1 X-2.677 Y0.902 E0.01694
G1 X-1.569 Y2.407 E0.04662
G1 X-.908 Y2.962 E0.02153
G1 F1368.8 X-.495 Y3.218 E0.01594
G1 X-.898 Y3.343 E0.01384
G1 F1800 X-1.045 Y3.344 E0.00367
G1 X-1.655 Y3.408 E0.0153
G1 X-3.83 Y3.584 E0.05443
G1 X-4.957 Y2.998 E0.03169
G1 X-4.987 Y-0.048 E0.07599
G1 X-4.854 Y-2.713 E0.06656
G1 X-4.159 Y-3.015 E0.0189
G1 X-3.379 Y-3.519 E0.02317
G1 X-1.03 Y-3.356 E0.05874
G1 F1682.2 X-.309 Y-3.364 E0.01925
G1 X1.41 Y-3.496 E0.04602
G1 F1800 X3.262 Y-3.626 E0.04631
G1 X4.054 Y-2.345 E0.03757
G1 X4.403 Y-.565 E0.04525
G1 X4.62 Y-0.098 E0.01285
G1 X4.427 Y0.362 E0.01244
G1 X4.077 Y2.212 E0.04697
G1 X3.299 Y3.544 E0.03848
G1 X0.893 Y3.344 E0.06022
G1 X0.495 Y3.344 E0.00993
G1 F1368.8 X0.104 Y3.22 E0.01346
G1 X0.423 Y2.966 E0.01338
G1 F1800 X1.064 Y2.543 E0.01916
G1 X1.412 Y2.144 E0.01321
G1 X2.028 Y0.745 E0.03813
G1 X2.384 Y0.088 E0.01864
G1 X2.397 Y-.451 E0.01345
G1 X1.863 Y-1.606 E0.03174
G1 X1.683 Y-1.857 E0.0077
G1 X1.072 Y-2.443 E0.02112
G1 X0.521 Y-2.783 E0.01615
G1 F1690.1 X0.117 Y-2.934 E0.01146
G1 F1582.4 X-.247 Y-2.915 E0.01034
G1 F1682.2 X-.941 Y-2.548 E0.02095
G1 F1800 X-1.225 Y-2.343 E0.00874
G1 X-2.765 Y-.726 E0.0557
G1 X-2.96 Y-.298 E0.01173
G0 F7200 X-2.684 Y-.272
G0 X-2.214 Y0.635
G0 X-1.158 Y2.056
G0 X0.38 Y2.665
G0 X0.104 Y3.22
G1 F1106 X-.495 Y3.218 E0.02432
G0 F7200 X-1.089 Y3.633
G0 X-3.861 Y3.815
G0 X-5.477 Y3.32
G0 X-4.761 Y2.593
G1 F1800 X-4.175 Y3.179 E0.02067
G0 F7200 X-3.437 Y3.352
G1 F1800 X-4.767 Y2.022 E0.04692
G0 F7200 X-4.772 Y1.45
G1 F1800 X-2.913 Y3.309 E0.06558
G0 F7200 X-2.39 Y3.267
G1 F1800 X-4.778 Y0.879 E0.08424
G0 F7200 X-4.784 Y0.308
G1 F1800 X-1.867 Y3.224 E0.10289
G0 F7200 X-1.348 Y3.178
G1 F1800 X-4.777 Y-.251 E0.12097
G0 F7200 X-4.75 Y-.79
G1 F1800 X-2.569 Y1.391 E0.07694
G1 X-2.499 Y1.461
G0 F7200 X-2.127 Y1.187
G0 X-2.686 Y0.24
G0 X-3.158 Y0.236
G1 F1800 X-4.723 Y-1.329 E0.05521
G0 F7200 X-4.696 Y-1.867
G1 F1800 X-3.155 Y-.327 E0.05435
G0 F7200 X-2.985 Y-.722
G1 F1800 X-4.669 Y-2.406 E0.05941
G0 F7200 X-4.393 Y-2.696
G1 F1800 X-2.739 Y-1.042 E0.05835
G0 F7200 X-2.464 Y-1.332
G1 F1800 X-4.006 Y-2.875 E0.05442
G0 F7200 X-3.663 Y-3.097
G1 F1800 X-2.188 Y-1.622 E0.05203
G0 F7200 X-1.911 Y-1.911
G1 F1800 X-3.314 Y-3.314 E0.04949
G0 F7200 X-2.706 Y-3.272
G1 F1800 X-1.636 Y-2.201 E0.03776
G0 F7200 X-1.358 Y-2.49
G1 F1800 X-2.098 Y-3.229 E0.02609
G0 F7200 X-1.49 Y-3.187
G1 F1800 X-1.017 Y-2.714 E0.01669
G0 F7200 X-.664 Y-2.927
G1 F1800 X-.89 Y-3.153 E0.00797
G0 F7200 X-3.582 Y-3.668
G0 X0.216 Y-3.178
G1 F1800 X0.318 Y-3.076 E0.0036
G0 F7200 X0.713 Y-3.246
G1 F1800 X4.245 Y0.286 E0.1246
G0 F7200 X4.375 Y-.151
G1 F1800 X1.242 Y-3.283 E0.11051
G0 F7200 X1.771 Y-3.321
G1 F1800 X4.12 Y-.972 E0.08287
G0 F7200 X3.982 Y-1.674
G1 F1800 X2.3 Y-3.357 E0.05935
G0 F7200 X2.828 Y-3.395
G1 F1800 X3.726 Y-2.497 E0.03168
G1 X3.796 Y-2.427
G1 F4200 E-3.5
G0 F7200 X4.188 Y-2.667
G0 X4.337 Y-1.853
G0 X2.05 Y-.783
G0 X2.342 Y-1.052
G1 F4200 E3.5
G1 F1800 X4.149 Y0.755 E0.06375
G0 F7200 X4.06 Y1.231
G1 F1800 X2.594 Y-.235 E0.05172
G0 F7200 X2.518 Y0.255
G1 F1800 X3.97 Y1.707 E0.05122
G0 F7200 X3.869 Y2.172
G1 F1800 X2.32 Y0.623 E0.05465
G0 F7200 X2.133 Y1.001
G1 F1800 X3.66 Y2.529 E0.05389
G0 F7200 X3.451 Y2.886
G1 F1800 X1.96 Y1.394 E0.05262
G0 F7200 X1.788 Y1.788
G1 F1800 X3.243 Y3.243 E0.05133
G0 F7200 X2.729 Y3.294
G1 F1800 X1.614 Y2.18 E0.03932
G0 F7200 X1.367 Y2.498
G1 F1800 X2.112 Y3.243 E0.02628
G0 F7200 X1.496 Y3.193
G1 F1800 X1.078 Y2.775 E0.01475
G0 F7200 X0.738 Y3.001
G1 F1800 X0.881 Y3.144 E0.00504
G0 F7200 X3.524 Y3.719
G0 X-3.861 Y3.815
G0 X-15.072 Y2.344
G0 X-15.338 Y2.428
G1 F1800 X-15.153 Y2.868 E0.01191
G1 X-14.804 Y4.027 E0.03019
G1 X-15.627 Y4.036 E0.02053
G1 X-17.39 Y4.084 E0.04399
G1 X-17.966 Y2.408 E0.04421
G1 X-18.052 Y1.067 E0.03352
G1 X-18.175 Y-0.044 E0.02788
G1 X-18.076 Y-2.481 E0.06084
G1 X-17.636 Y-4.102 E0.0419
G1 X-14.899 Y-4.007 E0.06832
G1 X-15.404 Y-2.423 E0.04147
G1 X-15.452 Y-1.617 E0.02014
G1 X-15.516 Y0.013 E0.04069
G1 X-15.412 Y1.709 E0.04239
G1 X-15.338 Y2.428 E0.01803
G0 F7200 X-15.073 Y2.343
G0 X-14.814 Y3.2
G0 X-17.056 Y3.874
G1 F1800 X-17.352 Y3.578 E0.01044
G0 F7200 X-16.505 Y3.859
G1 F1800 X-17.648 Y2.717 E0.0403
G0 F7200 X-17.791 Y2.008
G1 F1800 X-15.954 Y3.845 E0.06481
G0 F7200 X-15.4 Y3.833
G1 F1800 X-17.83 Y1.403 E0.08572
G0 F7200 X-17.882 Y0.786
G1 F1800 X-15.174 Y3.494 E0.09553
G1 X-15.104 Y3.564
G0 F7200 X-15.468 Y2.634
G1 F1800 X-17.952 Y0.15 E0.08763
G0 F7200 X-17.959 Y-.423
G1 F1800 X-15.59 Y1.946 E0.08357
G0 F7200 X-15.635 Y1.336
G1 F1800 X-17.937 Y-.967 E0.08123
G0 F7200 X-17.915 Y-1.51
G1 F1800 X-15.672 Y0.733 E0.07913
G0 F7200 X-15.709 Y0.13
G1 F1800 X-17.893 Y-2.054 E0.07705
G0 F7200 X-17.845 Y-2.571
G1 F1800 X-15.698 Y-.425 E0.07572
G0 F7200 X-15.677 Y-.969
G1 F1800 X-17.724 Y-3.017 E0.07223
G0 F7200 X-17.603 Y-3.461
G1 F1800 X-15.657 Y-1.515 E0.06865
G0 F7200 X-15.626 Y-2.05
G1 F1800 X-17.472 Y-3.895 E0.0651
G0 F7200 X-16.885 Y-3.874
G1 F1800 X-15.573 Y-2.563 E0.04627
G0 F7200 X-15.435 Y-2.99
G1 F1800 X-16.299 Y-3.854 E0.03048
G0 F7200 X-15.713 Y-3.833
G1 F1800 X-15.298 Y-3.418 E0.01464
G0 F7200 X-14.839 Y-3.272
G0 X-3.442 Y-3.744
G0 X3.399 Y-3.82
G0 X15.816 Y-0.04
G0 X16.096 Y-0.032
G1 F1800 X15.965 Y-1.284 E0.0314
G1 X15.727 Y-2.45 E0.02969
G1 X15.383 Y-3.303 E0.02294
G1 X15.188 Y-4.081 E0.02001
G1 X17.707 Y-4.132 E0.06285
G1 X18.251 Y-2.438 E0.04438
G1 X18.365 Y-1.331 E0.02776
G1 X18.542 Y-0.024 E0.0329
G1 X18.412 Y1.243 E0.03177
G1 X18.317 Y2.431 E0.02973
G1 X17.967 Y4.078 E0.042
G1 X15.541 Y3.999 E0.06055
G1 X15.81 Y2.443 E0.03939
G1 X15.994 Y1.268 E0.02967
G1 X16.096 Y-0.032 E0.03253
G0 F7200 X15.817 Y-0.039
G0 X15.377 Y3.32
G0 X15.847 Y3.402
G1 F1800 X16.268 Y3.823 E0.01485
G0 F7200 X16.852 Y3.842
G1 F1800 X15.93 Y2.919 E0.03254
G0 F7200 X16.012 Y2.436
G1 F1800 X17.437 Y3.861 E0.05027
G0 F7200 X17.843 Y3.701
G1 F1800 X16.09 Y1.947 E0.06186
G0 F7200 X16.167 Y1.459
G1 F1800 X17.942 Y3.234 E0.06262
G0 F7200 X18.042 Y2.768
G1 F1800 X16.22 Y0.946 E0.06428
G0 F7200 X16.261 Y0.422
G1 F1800 X18.129 Y2.29 E0.0659
G0 F7200 X18.171 Y1.766
G1 F1800 X16.285 Y-.12 E0.06653
G0 F7200 X16.22 Y-.751
G1 F1800 X18.212 Y1.241 E0.07027
G0 F7200 X18.264 Y0.728
G1 F1800 X16.147 Y-1.389 E0.07468
G0 F7200 X16.001 Y-2.101
G1 F1800 X18.317 Y0.215 E0.0817
G0 F7200 X18.294 Y-.374
G1 F1800 X15.756 Y-2.912 E0.08953
G1 X15.686 Y-2.982
G0 F7200 X15.476 Y-3.758
G1 F1800 X18.204 Y-1.029 E0.09626
G0 F7200 X18.13 Y-1.669
G1 F1800 X15.907 Y-3.892 E0.07842
G0 F7200 X16.461 Y-3.904
G1 F1800 X18.064 Y-2.3 E0.05657
G1 X18.134 Y-2.23
G0 F7200 X17.828 Y-3.103
G1 F1800 X17.014 Y-3.916 E0.0287
G1 X16.944 Y-3.986
;MESH:NONMESH
G0 F600 X16.944 Y-3.986 Z11.75
G0 F7200 X15.03 Y-3.773
G0 X3.679 Y3.453
G0 X3.135 Y3.135
;TIME_ELAPSED:755.804655
;LAYER:77
;TYPE:FILL
;MESH:pi 3mm_deformed_tet (6).stl
G1 F3600 X3.831 Y3.831 E0.02455
G1 X3.901 Y3.901
G0 F7200 X3.897 Y3.69
G0 X7.247 Y3.931
G0 X7.246 Y4.068
G1 F3600 X15.513 Y-4.2 E0.29166
G1 X15.583 Y-4.27
G1 F4200 E-3.5
G1 F600 Z12.25
G0 F7200 X15.171 Y-3.758 Z12.25
G0 X7.152 Y-4.161
G1 F600 Z11.75
G1 F4200 E3.5
G1 F3600 X15.531 Y4.217 E0.29557
G1 X15.601 Y4.287
G0 F7200 X15.602 Y4.081
G0 X3.904 Y-3.767
G0 X3.906 Y-3.906
G1 F3600 X3.151 Y-3.151 E0.02663
G1 X3.081 Y-3.081
G0 F7200 X3.283 Y-3.203
G0 X1.757 Y-3.787
G0 X-2.688 Y-3.725
G0 X-3.472 Y-3.472
G1 F3600 X-3.798 Y-3.798 E0.0115
G0 F7200 X-3.807 Y-3.667
G0 X-7.235 Y-3.947
G0 X-7.229 Y-4.084
G1 F3600 X-15.202 Y3.888 E0.28125
G1 X-15.272 Y3.958
G0 F7200 X-15.056 Y3.894
G0 X-15.174 Y-3.95
G0 X-15.307 Y-3.993
G1 F3600 X-7.208 Y4.105 E0.2857
G1 X-7.138 Y4.175
G1 F4200 E-3.5
G0 F7200 X-7.144 Y3.966
G0 X-3.04 Y3.743
G0 X-.879 Y2.145
G0 X-.16 Y2.404
;TYPE:WALL-INNER
G1 F4200 E3.5
G1 F3600 X-.374 Y2.328 E0.00566
G1 X-.53 Y2.273 E0.00413
G1 X-.571 Y2.258 E0.00109
G1 X-.61 Y2.205 E0.00164
G1 X-1.105 Y1.536 E0.02076
G1 X-2.022 Y0.476 E0.03496
G1 X-2.135 Y0.346 E0.0043
G1 X-2.203 Y0.155 E0.00506
G1 X-2.201 Y-.11 E0.00661
G1 X-2.117 Y-.322 E0.00569
G1 X-1.616 Y-.811 E0.01746
G1 X-.503 Y-1.897 E0.03879
G1 X-.384 Y-2.013 E0.00415
G1 X-.122 Y-2.152 E0.0074
G1 X0.188 Y-2.145 E0.00773
G1 X0.436 Y-2.002 E0.00714
G1 X1.12 Y-1.346 E0.02364
G1 X1.248 Y-1.167 E0.00549
G1 X1.653 Y-.298 E0.02392
G1 X1.609 Y0.056 E0.0089
G1 X0.863 Y1.454 E0.03953
G1 X0.74 Y1.685 E0.00653
G1 X0.65 Y1.886 E0.00549
G1 X0.617 Y1.961 E0.00204
G1 X0.48 Y2.153 E0.00588
G1 X0.28 Y2.299 E0.00618
G1 X0.045 Y2.395 E0.00633
G1 X-.16 Y2.404 E0.00512
G1 F4200 E-3.5
G0 F7200 X-.152 Y2.503
G0 X3.079 Y3.311
G0 X7.496 Y3.933
G0 X7.485 Y4.228
G1 F4200 E3.5
G1 F3600 X10.063 Y4.332 E0.06436
G1 X15.838 Y4.38 E0.14406
G1 X17.06 Y4.424 E0.0305
G1 X18.681 Y4.467 E0.04045
G1 X18.818 Y3.871 E0.01526
G1 X18.908 Y3.479 E0.01003
G1 X19.112 Y2.487 E0.02526
G1 X19.175 Y1.692 E0.01989
G1 X19.359 Y-0.03 E0.0432
G1 X19.127 Y-1.722 E0.0426
G1 X19.045 Y-2.521 E0.02004
G1 X19.029 Y-2.57 E0.00129
G1 X18.404 Y-4.522 E0.05113
G1 X15.713 Y-4.46 E0.06715
G1 X13.109 Y-4.44 E0.06496
G1 X10.058 Y-4.436 E0.07611
G1 X7.425 Y-4.324 E0.06574
G1 X6.513 Y-4.316 E0.02275
G1 X3.987 Y-4.064 E0.06332
G1 X3.683 Y-4.071 E0.00759
G1 X1.819 Y-3.955 E0.04659
G1 X1.183 Y-3.904 E0.01592
G1 X-1.121 Y-3.788 E0.05755
G1 X-3.924 Y-3.971 E0.07007
G1 X-4.074 Y-3.974 E0.00374
G1 X-6.753 Y-4.232 E0.06714
G1 X-6.949 Y-4.231 E0.00489
G1 X-9.744 Y-4.351 E0.06979
G1 X-12.951 Y-4.336 E0.08
G1 X-15.726 Y-4.404 E0.06924
G1 X-18.336 Y-4.499 E0.06515
G1 X-18.36 Y-4.42 E0.00206
G1 X-18.538 Y-3.83 E0.01537
G1 X-18.891 Y-2.543 E0.03329
G1 F1500 X-18.994 Y-0.03 E0.05019
G1 F3600 X-18.831 Y1.408 E0.0361
G1 X-18.758 Y2.484 E0.0269
G1 X-18.742 Y2.532 E0.00126
G1 X-18.075 Y4.476 E0.05127
G1 X-15.715 Y4.412 E0.05889
G1 X-9.921 Y4.351 E0.14454
G1 X-7.009 Y4.26 E0.07268
G1 X-4.116 Y4.041 E0.07237
G1 X-4.06 Y4.03 E0.00142
G1 X-1.539 Y3.825 E0.06309
G1 X-1.078 Y3.78 E0.01155
G1 X1.05 Y3.777 E0.05308
G1 X3.681 Y3.995 E0.06586
G1 X3.973 Y3.988 E0.00729
G1 X6.505 Y4.228 E0.06344
G1 X7.485 Y4.228 E0.02445
G0 F7200 X7.469 Y4.628
;TYPE:WALL-OUTER
G1 F1800 X10.053 Y4.732 E0.06451
G1 X15.824 Y4.78 E0.14396
G1 X17.049 Y4.824 E0.03058
G1 X18.997 Y4.875 E0.04861
G1 X19.088 Y4.48 E0.01011
G1 X19.3 Y3.56 E0.02355
G1 X19.509 Y2.543 E0.0259
G1 X19.573 Y1.734 E0.02024
G1 X19.762 Y-0.036 E0.0444
G1 X19.525 Y-1.763 E0.04348
G1 X19.439 Y-2.603 E0.02106
G1 F1500 X18.692 Y-4.928 E0.04873
G1 F1800 X18.277 Y-4.919 E0.01035
G1 X15.71 Y-4.86 E0.06405
G1 X13.109 Y-4.84 E0.06488
G1 X10.049 Y-4.836 E0.07633
G1 X7.422 Y-4.724 E0.06559
G1 X6.491 Y-4.716 E0.02322
G1 X3.969 Y-4.464 E0.06322
G1 X3.676 Y-4.471 E0.00731
G1 X1.794 Y-4.354 E0.04704
G1 X1.163 Y-4.304 E0.01579
G1 X-1.166 Y-4.188 E0.05817
G1 X-3.911 Y-4.371 E0.06863
G1 X-4.036 Y-4.372 E0.00312
G1 X-6.734 Y-4.632 E0.06761
G1 X-6.949 Y-4.631 E0.00536
G1 X-9.736 Y-4.751 E0.06959
G1 X-12.941 Y-4.736 E0.07995
G1 X-15.712 Y-4.804 E0.06914
G1 X-18.215 Y-4.895 E0.06248
G1 X-18.629 Y-4.91 E0.01033
G1 X-18.924 Y-3.936 E0.02539
G1 X-19.289 Y-2.605 E0.03443
G1 F1500 X-19.395 Y-0.016 E0.05171
G1 F1800 X-19.228 Y1.462 E0.0371
G1 X-19.154 Y2.564 E0.02755
G1 X-19.001 Y3.009 E0.01174
G1 X-18.358 Y4.884 E0.04945
G1 X-15.711 Y4.812 E0.06605
G1 X-9.909 Y4.751 E0.14474
G1 X-6.987 Y4.66 E0.07292
G1 X-4.055 Y4.437 E0.07335
G1 X-3.989 Y4.424 E0.00168
G1 X-1.498 Y4.223 E0.06234
G1 X-1.097 Y4.181 E0.01006
G1 X1.017 Y4.176 E0.05273
G1 X3.67 Y4.395 E0.0664
G1 X3.967 Y4.388 E0.00741
G1 X6.486 Y4.628 E0.06312
G1 X7.469 Y4.628 E0.02452
G0 F7200 X7.668 Y4.636
G1 F4200 E-3.5
G0 F7200 X7.695 Y3.941
G0 X3.079 Y3.311
G0 X0.604 Y2.285
G0 X-0.025 Y2.001
G1 F4200 E3.5
G1 F1800 X-.287 Y1.959 E0.00662
G1 X-.793 Y1.286 E0.021
G1 X-1.794 Y0.12 E0.03833
G1 X-1.785 Y-0.088 E0.00519
G1 F1500 X-.115 Y-1.717 E0.04656
G1 F1800 X-0.028 Y-1.763 E0.00245
G1 X0.097 Y-1.76 E0.00312
G1 X0.11 Y-1.76 E0.00032
G1 X0.87 Y-1.031 E0.02627
G1 X1.242 Y-.232 E0.02199
G1 X1.25 Y-.113 E0.00298
G1 X0.682 Y0.946 E0.02998
G1 X0.38 Y1.509 E0.01594
G1 X0.206 Y1.862 E0.00982
G1 X-0.025 Y2.001 E0.00673
G0 F7200 X-.222 Y1.97
G1 F4200 E-3.5
G0 F7200 X-.161 Y2.498
G0 X1.777 Y0.124
G0 X3.966 Y0.91
G0 X3.79 Y0.861
;TYPE:SKIN
G1 F4200 E3.5
G1 F1800 X3.549 Y2.141 E0.03249
G1 X2.959 Y3.158 E0.02933
G1 X1.926 Y3.464 E0.02688
G1 X1.077 Y3.396 E0.02125
G1 X0.611 Y3.397 E0.01162
G1 F1568.6 X0.162 Y3.34 E0.01296
G1 F1382 X-.328 Y3.337 E0.01592
G1 F1558.4 X-.9 Y3.4 E0.01658
G1 F1800 X-1.089 Y3.4 E0.00471
G1 X-2.987 Y3.558 E0.04751
G1 X-4.638 Y2.372 E0.05071
G1 X-4.468 Y0.466 E0.04773
G1 X-4.63 Y0.087 E0.01028
G1 X-4.554 Y-2.099 E0.05456
G1 X-4.16 Y-2.5 E0.01402
G1 X-2.626 Y-3.499 E0.04566
G1 X-1.218 Y-3.408 E0.0352
G1 X1.198 Y-3.524 E0.06034
G1 X1.726 Y-3.561 E0.0132
G1 X1.988 Y-3.461 E0.007
G1 X2.914 Y-3.262 E0.02363
G1 X3.522 Y-2.277 E0.02887
G1 X3.774 Y-1.012 E0.03218
G1 X4.197 Y-.126 E0.02449
G1 X3.79 Y0.861 E0.02663
G1 F4200 E-3.5
G0 F7200 X4.062 Y0.939
G0 X3.719 Y2.211
G0 X1.341 Y0.941
G0 X0.117 Y2.827
G1 F4200 E3.5
G1 F1568.6 X0.738 Y2.43 E0.0211
G1 F1800 X0.945 Y2.139 E0.00891
G1 X1.067 Y1.88 E0.00714
G1 X1.968 Y0.179 E0.04802
G1 X2.016 Y-0.029 E0.00532
G1 X1.984 Y-.459 E0.01076
G1 X1.579 Y-1.346 E0.02432
G1 X1.395 Y-1.604 E0.0079
G1 X0.699 Y-2.273 E0.02408
G1 X0.342 Y-2.489 E0.01041
G1 X-.174 Y-2.524 E0.0129
G1 X-.622 Y-2.308 E0.01241
G1 X-2.3 Y-.672 E0.05846
G1 X-2.451 Y-.478 E0.00613
G1 X-2.559 Y-.22 E0.00698
G1 X-2.574 Y0.226 E0.01113
G1 X-2.436 Y0.575 E0.00936
G1 X-1.405 Y1.769 E0.03935
G1 X-.83 Y2.547 E0.02413
G1 F1558.4 X-.242 Y2.828 E0.01878
G1 F1382 X0.117 Y2.827 E0.01166
G1 F4200 E-3.5
G0 F7200 X-.117 Y2.501
G0 X1.066 Y3.578
G0 X1.962 Y3.691
G0 X2.603 Y3.054
G1 F4200 E3.5
G1 F1800 X3.043 Y2.614 E0.01552
G0 F7200 X3.458 Y2.856
G0 X3.909 Y1.744
G0 X3.437 Y1.654
G1 F1800 X1.834 Y3.257 E0.05655
G0 F7200 X1.311 Y3.215
G1 F1800 X3.569 Y0.957 E0.07966
G1 X3.639 Y0.887
G0 F7200 X3.907 Y0.053
G1 F1800 X0.762 Y3.198 E0.11095
G0 F7200 X0.643 Y2.751
G1 F1800 X0.281 Y3.113 E0.01277
G0 F7200 X-.63 Y2.893
G1 F1800 X-.938 Y3.2 E0.01085
G0 F7200 X-.982 Y2.679
G1 F1800 X-1.54 Y3.237 E0.01968
G0 F7200 X-2.157 Y3.288
G1 F1800 X-1.223 Y2.354 E0.03295
G0 F7200 X-1.462 Y2.028
G1 F1800 X-2.773 Y3.339 E0.04625
G0 F7200 X-3.176 Y3.176
G1 F1800 X-1.715 Y1.715 E0.05154
G0 F7200 X-1.978 Y1.412
G1 F1800 X-3.505 Y2.939 E0.05387
G0 F7200 X-3.835 Y2.703
G1 F1800 X-2.24 Y1.109 E0.05625
G0 F7200 X-2.502 Y0.805
G1 F1800 X-4.164 Y2.467 E0.05863
G0 F7200 X-4.417 Y2.155
G1 F1800 X-2.7 Y0.438 E0.06057
G0 F7200 X-2.754 Y-0.074
G1 F1800 X-4.362 Y1.534 E0.05673
G0 F7200 X-4.307 Y0.913
G1 F1800 X-.134 Y-3.26 E0.14721
G0 F7200 X-.106 Y-2.722
G1 F1800 X0.46 Y-3.289 E0.01998
G0 F7200 X1.054 Y-3.317
G1 F1800 X0.408 Y-2.671 E0.02279
G0 F7200 X0.764 Y-2.461
G1 F1800 X1.659 Y-3.356 E0.03157
G0 F7200 X2.099 Y-3.231
G1 F1800 X1.065 Y-2.196 E0.03649
G0 F7200 X1.353 Y-1.919
G1 F1800 X2.566 Y-3.132 E0.04279
G0 F7200 X2.901 Y-2.901
G1 F1800 X1.626 Y-1.626 E0.04498
G0 F7200 X1.832 Y-1.266
G1 F1800 X3.118 Y-2.552 E0.04537
G0 F7200 X3.333 Y-2.202
G1 F1800 X2.012 Y-.881 E0.0466
G0 F7200 X2.184 Y-.486
G1 F1800 X3.426 Y-1.729 E0.04383
G0 F7200 X3.519 Y-1.257
G1 F1800 X2.19 Y0.073 E0.0469
G1 X2.12 Y0.143
G0 F7200 X1.722 Y0.026
G0 X1.262 Y0.918
G0 X1.684 Y1.144
G1 F1800 X3.646 Y-.817 E0.0692
G0 F7200 X3.828 Y-.434
G1 F1800 X1.027 Y2.367 E0.09881
G1 X0.957 Y2.437
G1 F4200 E-3.5
G0 F7200 X0.585 Y2.173
G0 X-.337 Y2.235
G0 X-2.288 Y0.444
G0 X-4.649 Y0.482
G0 X-4.301 Y0.341
G1 F4200 E3.5
G1 F1800 X-.728 Y-3.232 E0.12605
G0 F7200 X-1.312 Y-3.214
G1 F1800 X-4.424 Y-.102 E0.10978
G0 F7200 X-4.403 Y-.688
G1 F1800 X-1.843 Y-3.248 E0.09031
G0 F7200 X-2.374 Y-3.282
G1 F1800 X-4.383 Y-1.274 E0.07086
G0 F7200 X-4.362 Y-1.86
G1 F1800 X-3.59 Y-2.633 E0.02725
G1 X-3.52 Y-2.703
G0 F7200 X-3.773 Y-3.092
G0 X-15.615 Y2.358
G0 X-15.878 Y2.441
G1 F1800 X-15.541 Y3.24 E0.02163
G1 X-15.304 Y4.027 E0.0205
G1 X-17.806 Y4.088 E0.06243
G1 X-18.382 Y2.404 E0.0444
G1 X-18.44 Y1.455 E0.02372
G1 X-18.611 Y-0.052 E0.03783
G1 X-18.512 Y-2.484 E0.06072
G1 X-18.067 Y-4.106 E0.04196
G1 X-15.443 Y-4.016 E0.06549
G1 X-15.956 Y-2.44 E0.04134
G1 X-16.032 Y-1.096 E0.03358
G1 X-16.076 Y0.017 E0.02779
G1 X-16.004 Y1.177 E0.02899
G1 X-15.878 Y2.441 E0.03169
G0 F7200 X-15.615 Y2.358
G0 X-15.147 Y3.588
G0 X-15.604 Y3.724
G1 F1800 X-15.713 Y3.834 E0.00386
G0 F7200 X-15.737 Y3.292
G1 F1800 X-16.294 Y3.849 E0.01965
G0 F7200 X-16.874 Y3.864
G1 F1800 X-15.904 Y2.893 E0.03424
G0 F7200 X-16.072 Y2.495
G1 F1800 X-17.456 Y3.879 E0.04882
G0 F7200 X-17.756 Y3.614
G1 F1800 X-16.128 Y1.986 E0.05743
G0 F7200 X-16.178 Y1.47
G1 F1800 X-17.9 Y3.193 E0.06077
G0 F7200 X-18.045 Y2.771
G1 F1800 X-16.22 Y0.946 E0.06438
G0 F7200 X-16.252 Y0.413
G1 F1800 X-18.185 Y2.345 E0.06817
G0 F7200 X-18.217 Y1.812
G1 F1800 X-16.27 Y-.135 E0.06869
G0 F7200 X-16.247 Y-.723
G1 F1800 X-18.257 Y1.287 E0.07091
G0 F7200 X-18.315 Y0.779
G1 F1800 X-16.22 Y-1.316 E0.07391
G0 F7200 X-16.186 Y-1.916
G1 F1800 X-18.373 Y0.271 E0.07715
G0 F7200 X-18.402 Y-.266
G1 F1800 X-16.143 Y-2.525 E0.07969
G1 X-16.073 Y-2.595
G0 F7200 X-15.863 Y-3.37
G1 F1800 X-18.378 Y-.856 E0.08871
G0 F7200 X-18.354 Y-1.445
G1 F1800 X-15.965 Y-3.834 E0.08428
G0 F7200 X-16.512 Y-3.853
G1 F1800 X-18.33 Y-2.035 E0.06413
G0 F7200 X-18.25 Y-2.681
G1 F1800 X-17.058 Y-3.872 E0.04203
G0 F7200 X-17.605 Y-3.891
G1 F1800 X-18.031 Y-3.466 E0.01501
G0 F7200 X-15.6 Y-2.64
G0 X-2.688 Y-3.725
G0 X1.757 Y-3.787
G0 X16.332 Y-0.042
G0 X16.608 Y-0.02
G1 F1800 X16.431 Y-1.714 E0.04249
G1 X16.279 Y-2.454 E0.01884
G1 X15.787 Y-3.678 E0.03291
G1 X15.687 Y-4.081 E0.01036
G1 X18.126 Y-4.133 E0.06085
G1 X18.667 Y-2.442 E0.04429
G1 X18.741 Y-1.731 E0.01783
G1 X18.974 Y-0.024 E0.04298
G1 X18.793 Y1.699 E0.04322
G1 X18.733 Y2.435 E0.01842
G1 X18.538 Y3.387 E0.02424
G1 X18.378 Y4.076 E0.01764
G1 X17.076 Y4.044 E0.03249
G1 X16.043 Y4.005 E0.02579
G1 X16.19 Y3.43 E0.0148
G1 X16.358 Y2.454 E0.0247
G1 X16.474 Y1.703 E0.01896
G1 X16.608 Y-0.02 E0.04311
G0 F7200 X16.333 Y-0.041
G0 X15.593 Y-3.414
G0 X16.038 Y-3.593
G1 F1800 X16.341 Y-3.895 E0.01067
G0 F7200 X16.918 Y-3.907
G1 F1800 X16.2 Y-3.189 E0.02533
G0 F7200 X16.362 Y-2.785
G1 F1800 X17.496 Y-3.919 E0.04
G0 F7200 X18.003 Y-3.861
G1 F1800 X16.502 Y-2.36 E0.05295
G0 F7200 X16.599 Y-1.891
G1 F1800 X18.139 Y-3.432 E0.05435
G0 F7200 X18.277 Y-3.003
G1 F1800 X16.667 Y-1.393 E0.0568
G0 F7200 X16.72 Y-.88
G1 F1800 X18.414 Y-2.575 E0.05978
G0 F7200 X18.501 Y-2.096
G1 F1800 X16.773 Y-.368 E0.06096
G0 F7200 X16.792 Y0.178
G1 F1800 X18.558 Y-1.587 E0.06228
G0 F7200 X18.627 Y-1.09
G1 F1800 X16.746 Y0.79 E0.06634
G0 F7200 X16.7 Y1.402
G1 F1800 X18.694 Y-.593 E0.07036
G0 F7200 X18.763 Y-0.095
G1 F1800 X16.624 Y2.044 E0.07546
G0 F7200 X16.516 Y2.717
G1 F1800 X18.716 Y0.518 E0.07759
G0 F7200 X18.649 Y1.15
G1 F1800 X16.399 Y3.4 E0.07937
G0 F7200 X16.543 Y3.822
G1 F1800 X18.585 Y1.78 E0.07204
G0 F7200 X18.535 Y2.395
G1 F1800 X17.093 Y3.837 E0.05087
G0 F7200 X17.642 Y3.854
G1 F1800 X18.392 Y3.104 E0.02646
G1 X18.462 Y3.034
G1 F4200 E-3.5
G1 F600 Z12.25
;MESH:NONMESH
G0 F7200 X2.775 Y2.775 Z12.25
;TIME_ELAPSED:780.603221
;LAYER:78
;MESH:pi 3mm_deformed_tet (6).stl
G0 X2.775 Y2.775 Z12.4
;TYPE:FILL
G1 F600 Z11.9
G1 F4200 E3.5
G1 F3600 X3.851 Y3.851 E0.03796
G1 X3.921 Y3.921
G0 F7200 X3.917 Y3.712
G0 X7.239 Y3.941
G0 X7.239 Y4.075
G1 F3600 X15.609 Y-4.295 E0.29527
G1 X15.679 Y-4.365
G0 F7200 X15.679 Y-4.157
G0 X7.139 Y-4.036
G0 X7.14 Y-4.174
G1 F3600 X15.531 Y4.217 E0.29602
G1 X15.601 Y4.287
G0 F7200 X15.602 Y4.075
G0 X3.924 Y-3.787
G0 X3.926 Y-3.926
G1 F3600 X2.797 Y-2.797 E0.03983
G1 X2.727 Y-2.727
G0 F7200 X2.929 Y-2.85
G0 X0.918 Y-3.77
G0 X-1.339 Y-3.675
G0 X-3.024 Y-3.068
G0 X-2.949 Y-2.949
G1 F3600 X-3.834 Y-3.834 E0.03122
G1 X-3.904 Y-3.904
G0 F7200 X-3.902 Y-3.696
G0 X-7.229 Y-3.954
G0 X-7.223 Y-4.091
G1 F3600 X-15.561 Y4.247 E0.29415
G1 X-15.631 Y4.317
G0 F7200 X-15.529 Y4.156
G0 X-7.204 Y3.975
G0 X-7.201 Y4.113
G1 F3600 X-15.552 Y-4.238 E0.2946
G1 X-15.622 Y-4.308
G0 F7200 X-15.627 Y-4.102
G0 X-3.888 Y3.741
G0 X-3.88 Y3.88
G1 F3600 X-3.106 Y3.106 E0.0273
G1 X-3.036 Y3.036
G1 F4200 E-3.5
G0 F7200 X-3.175 Y3.228
G0 X-2.33 Y3.726
G0 X-.619 Y1.918
G0 X-.218 Y1.913
;TYPE:WALL-INNER
G1 F4200 E3.5
G1 F3600 X-.498 Y1.782 E0.00771
G1 X-1.755 Y0.329 E0.04793
G1 X-1.82 Y0.12 E0.00546
G1 X-1.819 Y-0.085 E0.00511
G1 X-1.728 Y-.333 E0.00659
G1 X-.436 Y-1.585 E0.04488
G1 X-.191 Y-1.702 E0.00677
G1 X0.12 Y-1.689 E0.00776
G1 X0.356 Y-1.549 E0.00684
G1 X0.84 Y-1.086 E0.01671
G1 X0.968 Y-.906 E0.00551
G1 X1.254 Y-.295 E0.01683
G1 X1.272 Y-.109 E0.00466
G1 X1.23 Y0.103 E0.00539
G1 X0.369 Y1.721 E0.04572
G1 X0.085 Y1.896 E0.00832
G1 X-.218 Y1.913 E0.00757
G1 F4200 E-3.5
G0 F7200 X-.24 Y1.932
G0 X1.225 Y0.502
G0 X3.338 Y1.377
G0 X7.659 Y3.94
G0 X7.648 Y4.236
G1 F4200 E3.5
G1 F3600 X10.072 Y4.332 E0.06051
G1 X13.034 Y4.363 E0.07389
G1 X13.313 Y4.356 E0.00696
G1 X15.913 Y4.376 E0.06486
G1 X19.089 Y4.466 E0.07926
G1 X19.33 Y3.421 E0.02675
G1 X19.525 Y2.576 E0.02163
G1 X19.563 Y2.104 E0.01181
G1 F1500 X19.791 Y-0.03 E0.04283
G1 X19.498 Y-2.127 E0.04225
G1 F3600 X19.461 Y-2.526 E0.01
G1 X19.444 Y-2.579 E0.00139
G1 X18.818 Y-4.522 E0.05092
G1 X15.801 Y-4.456 E0.07528
G1 X13.192 Y-4.436 E0.06508
G1 X12.959 Y-4.444 E0.00582
G1 X10.059 Y-4.436 E0.07234
G1 X7.627 Y-4.328 E0.06073
G1 X6.996 Y-4.336 E0.01574
G1 X6.386 Y-4.32 E0.01522
G1 X4.007 Y-4.084 E0.05964
G1 X3.554 Y-4.091 E0.0113
G1 X1.258 Y-3.948 E0.05738
G1 X-1.352 Y-3.833 E0.06517
G1 X-3.8 Y-3.995 E0.0612
G1 X-4.065 Y-3.992 E0.00661
G1 X-6.632 Y-4.236 E0.06432
G1 X-6.99 Y-4.24 E0.00893
G1 X-9.6 Y-4.352 E0.06517
G1 X-12.946 Y-4.34 E0.08347
G1 X-15.813 Y-4.404 E0.07154
G1 X-18.755 Y-4.504 E0.07343
G1 X-18.929 Y-3.929 E0.01499
G1 X-19.12 Y-3.298 E0.01645
G1 X-19.327 Y-2.551 E0.01934
G1 F1500 X-19.426 Y-0.034 E0.05027
G1 F3600 X-19.221 Y1.818 E0.04648
G1 X-19.175 Y2.483 E0.01663
G1 X-19.159 Y2.531 E0.00126
G1 X-18.49 Y4.478 E0.05136
G1 X-17.051 Y4.448 E0.0359
G1 X-15.808 Y4.408 E0.03102
G1 X-9.953 Y4.355 E0.14606
G1 X-7.02 Y4.268 E0.0732
G1 X-4.21 Y4.053 E0.0703
G1 X-4.065 Y4.052 E0.00362
G1 X-2.882 Y3.972 E0.02958
G1 X-1.25 Y3.837 E0.04085
G1 X1.236 Y3.833 E0.06201
G1 X3.556 Y4.019 E0.05806
G1 X3.994 Y4.008 E0.01093
G1 X6.376 Y4.232 E0.05968
G1 X7.648 Y4.236 E0.03173
G0 F7200 X7.632 Y4.636
;TYPE:WALL-OUTER
G1 F1800 X10.062 Y4.732 E0.06066
G1 X13.038 Y4.763 E0.07424
G1 X13.31 Y4.756 E0.00679
G1 X15.902 Y4.776 E0.06466
G1 X19.405 Y4.875 E0.08742
G1 X19.618 Y3.95 E0.02368
G1 X19.826 Y3.05 E0.02304
G1 X19.929 Y2.543 E0.01291
G1 X19.961 Y2.146 E0.00994
G1 F1500 X20.194 Y-0.036 E0.04379
G1 X19.896 Y-2.165 E0.0429
G1 F1800 X19.855 Y-2.607 E0.01107
G1 X19.711 Y-3.052 E0.01167
G1 X19.107 Y-4.928 E0.04916
G1 X15.798 Y-4.856 E0.08256
G1 X13.205 Y-4.836 E0.06468
G1 X12.965 Y-4.844 E0.00599
G1 X10.049 Y-4.836 E0.07274
G1 X7.597 Y-4.728 E0.06122
G1 X6.994 Y-4.736 E0.01504
G1 X6.361 Y-4.72 E0.0158
G1 X3.989 Y-4.484 E0.05946
G1 X3.545 Y-4.491 E0.01108
G1 X1.24 Y-4.348 E0.05761
G1 X-1.326 Y-4.232 E0.06407
G1 X-3.79 Y-4.395 E0.0616
G1 X-4.059 Y-4.392 E0.00671
G1 X-6.611 Y-4.636 E0.06395
G1 X-6.973 Y-4.64 E0.00903
G1 X-9.592 Y-4.752 E0.06539
G1 X-12.937 Y-4.74 E0.08344
G1 X-15.799 Y-4.804 E0.07141
G1 X-18.636 Y-4.9 E0.07081
G1 X-19.049 Y-4.914 E0.01031
G1 X-19.506 Y-3.404 E0.03935
G1 X-19.725 Y-2.613 E0.02047
G1 F1500 X-19.827 Y-0.02 E0.05179
G1 F1800 X-19.62 Y1.846 E0.04683
G1 X-19.57 Y2.563 E0.01793
G1 X-19.418 Y3.005 E0.01166
G1 X-18.774 Y4.884 E0.04955
G1 X-17.039 Y4.848 E0.04329
G1 X-15.803 Y4.808 E0.03085
G1 X-9.95 Y4.755 E0.14601
G1 X-6.999 Y4.668 E0.07364
G1 X-4.18 Y4.452 E0.07053
G1 X-4.051 Y4.452 E0.00322
G1 X-2.85 Y4.371 E0.03003
G1 X-1.217 Y4.236 E0.04087
G1 X1.204 Y4.232 E0.06039
G1 X3.546 Y4.419 E0.05861
G1 X3.991 Y4.408 E0.0111
G1 X6.355 Y4.632 E0.05923
G1 X7.632 Y4.636 E0.03186
G0 F7200 X7.831 Y4.643
G1 F4200 E-3.5
G0 F7200 X7.858 Y3.948
G0 X2.037 Y3.138
G0 X0.452 Y1.877
G0 X-0.038 Y1.515
G1 F4200 E3.5
G1 F1800 X-.226 Y1.48 E0.00477
G1 X-1.38 Y0.151 E0.04391
G1 X-1.426 Y0.054 E0.00268
G1 X-1.396 Y-0.097 E0.00384
G1 X-.186 Y-1.273 E0.04209
G1 X-.104 Y-1.312 E0.00227
G1 X0.033 Y-1.305 E0.00342
G1 X0.591 Y-.77 E0.01928
G1 X0.868 Y-.164 E0.01662
G1 X0.858 Y-0.045 E0.00298
G1 X0.057 Y1.457 E0.04246
G1 X-0.038 Y1.515 E0.00278
G0 F7200 X-.226 Y1.48
G0 X-.231 Y1.474
G1 F4200 E-3.5
G0 F7200 X-.463 Y1.673
G0 X-1.819 Y0.532
G0 X-4.057 Y0.914
G0 X-3.871 Y0.884
;TYPE:SKIN
G1 F4200 E3.5
G1 F1800 X-4.23 Y0.099 E0.02153
G1 X-4.166 Y-1.752 E0.0462
G1 X-3.552 Y-2.388 E0.02205
G1 X-2.094 Y-3.336 E0.04338
G1 X-1.33 Y-3.455 E0.01929
G1 X0.863 Y-3.545 E0.05475
G1 X1.359 Y-3.262 E0.01425
G1 X1.963 Y-3.025 E0.01619
G1 X2.57 Y-2.894 E0.01549
G1 X2.99 Y-2.213 E0.01996
G1 X3.123 Y-1.541 E0.01709
G1 X3.777 Y-.154 E0.03825
G1 X3.165 Y1.313 E0.03965
G1 X3.021 Y2.068 E0.01917
G1 X2.607 Y2.778 E0.0205
G1 X1.94 Y2.978 E0.01737
G1 X1.144 Y3.304 E0.02146
G1 X0.92 Y3.452 E0.0067
G1 X-1.277 Y3.456 E0.0548
G1 X-2.259 Y3.538 E0.02458
G1 X-3.998 Y2.291 E0.05338
G1 X-3.871 Y0.884 E0.03524
G1 F4200 E-3.5
G0 F7200 X-4.158 Y0.934
G0 X-1.819 Y0.532
G0 X-.251 Y2.288
G1 F4200 E3.5
G1 F1800 X0.175 Y2.262 E0.01065
G1 X0.553 Y2.05 E0.01081
G1 X0.754 Y1.802 E0.00796
G1 X1.549 Y0.315 E0.04206
G1 X1.652 Y-.108 E0.01086
G1 X1.621 Y-.398 E0.00728
G1 X1.314 Y-1.065 E0.01832
G1 X1.101 Y-1.363 E0.00914
G1 X0.599 Y-1.838 E0.01724
G1 X0.271 Y-2.031 E0.00949
G1 X-.272 Y-2.072 E0.01358
G1 X-.673 Y-1.881 E0.01108
G1 X-2.038 Y-.555 E0.04747
G1 X-2.196 Y-.123 E0.01147
G1 X-2.189 Y0.203 E0.00813
G1 X-2.121 Y0.416 E0.00558
G1 X-1.98 Y0.642 E0.00664
G1 X-.747 Y2.068 E0.04703
G1 X-.251 Y2.288 E0.01354
G1 F4200 E-3.5
G0 F7200 X-.238 Y2.011
G0 X-1.819 Y0.532
G0 X-4.092 Y1.299
G0 X-3.763 Y1.894
G1 F4200 E3.5
G1 F1800 X-2.633 Y3.024 E0.03986
G1 X-2.563 Y3.094
G0 F7200 X-1.793 Y3.299
G1 F1800 X-3.716 Y1.375 E0.06786
G0 F7200 X-3.689 Y0.837
G1 F1800 X-1.269 Y3.256 E0.08535
G0 F7200 X-.704 Y3.256
G1 F1800 X-4.025 Y-0.065 E0.11716
G0 F7200 X-4.006 Y-.612
G1 F1800 X-.14 Y3.254 E0.13638
G0 F7200 X0.424 Y3.253
G1 F1800 X-.366 Y2.463 E0.02787
G0 F7200 X0.197 Y2.46
G1 F1800 X0.938 Y3.2 E0.02612
G0 F7200 X1.321 Y3.018
G1 F1800 X0.57 Y2.267 E0.02649
G0 F7200 X0.856 Y1.988
G1 F1800 X1.722 Y2.853 E0.03053
G0 F7200 X2.142 Y2.708
G1 F1800 X1.068 Y1.634 E0.03789
G0 F7200 X1.266 Y1.266
G1 F1800 X2.524 Y2.524 E0.04438
G0 F7200 X2.732 Y2.167
G1 F1800 X1.464 Y0.898 E0.04475
G0 F7200 X1.661 Y0.53
G1 F1800 X2.879 Y1.748 E0.04297
G0 F7200 X2.971 Y1.273
G1 F1800 X1.8 Y0.103 E0.04129
G0 F7200 X1.814 Y-.449
G1 F1800 X3.134 Y0.871 E0.04657
G0 F7200 X3.3 Y0.472
G1 F1800 X-.461 Y-3.289 E0.13268
G0 F7200 X-1.004 Y-3.267
G1 F1800 X-0.002 Y-2.265 E0.03535
G0 F7200 X-.494 Y-2.191
G1 F1800 X-1.525 Y-3.222 E0.03637
G0 F7200 X-2.015 Y-3.146
G1 F1800 X-.853 Y-1.985 E0.04098
G0 F7200 X-1.14 Y-1.706
G1 F1800 X-2.359 Y-2.925 E0.043
G0 F7200 X-2.702 Y-2.702
G1 F1800 X-1.426 Y-1.426 E0.04501
G0 F7200 X-1.713 Y-1.147
G1 F1800 X-3.045 Y-2.479 E0.04699
G0 F7200 X-3.388 Y-2.256
G1 F1800 X-2 Y-.868 E0.04897
G0 F7200 X-2.244 Y-.547
G1 F1800 X-3.673 Y-1.976 E0.05041
G0 F7200 X-3.951 Y-1.688
G1 F1800 X-2.394 Y-.132 E0.05491
G0 F7200 X-2.255 Y0.573
G1 F1800 X-3.987 Y-1.158 E0.06108
G1 X-4.057 Y-1.228
G0 F7200 X-4.464 Y-1.242
G0 X-3.916 Y-2.842
G0 X-2.181 Y-3.546
G0 X-1.275 Y-3.671
G0 X-0.031 Y-3.727
G0 X1.103 Y-3.734
G0 X0.082 Y-3.312
G1 F1800 X3.466 Y0.072 E0.11938
G0 F7200 X3.328 Y-.631
G1 F1800 X0.626 Y-3.334 E0.09534
G1 X0.556 Y-3.404
G0 F7200 X1.079 Y-3.692
G0 X1.552 Y-2.973
G1 F1800 X2.903 Y-1.622 E0.04766
G1 X2.973 Y-1.552
G0 F7200 X3.391 Y-1.634
G0 X2.968 Y-2.786
G0 X2.557 Y-2.534
G1 F1800 X2.357 Y-2.734 E0.00706
G0 F7200 X2.457 Y-3.206
G0 X0.918 Y-3.77
G0 X-1.339 Y-3.675
G0 X-16.154 Y2.372
G0 X-16.418 Y2.457
G1 F1800 X-15.923 Y3.63 E0.03176
G1 X-15.803 Y4.03 E0.01042
G1 X-18.218 Y4.088 E0.06026
G1 X-18.798 Y2.4 E0.04452
G1 X-18.836 Y1.838 E0.01405
G1 X-19.043 Y-0.055 E0.0475
G1 X-18.948 Y-2.492 E0.06084
G1 X-18.771 Y-3.124 E0.01637
G1 X-18.473 Y-4.114 E0.02579
G1 X-15.994 Y-4.029 E0.06188
G1 X-16.501 Y-2.487 E0.04049
G1 X-16.612 Y-.612 E0.04685
G1 X-16.636 Y0.016 E0.01568
G1 X-16.6 Y0.648 E0.01579
G1 X-16.418 Y2.457 E0.04535
G0 F7200 X-16.156 Y2.371
G0 X-15.762 Y3.426
G0 X-17.623 Y3.874
G1 F1800 X-18.32 Y3.176 E0.02461
G1 X-18.39 Y3.106
G0 F7200 X-18.603 Y2.328
G1 F1800 X-17.07 Y3.861 E0.05408
G0 F7200 X-16.517 Y3.848
G1 F1800 X-18.648 Y1.717 E0.07518
G0 F7200 X-18.717 Y1.082
G1 F1800 X-16.118 Y3.681 E0.09169
G1 X-16.048 Y3.751
G0 F7200 X-15.636 Y3.628
G0 X-16.091 Y2.519
G0 X-16.53 Y2.703
G1 F1800 X-18.786 Y0.447 E0.07959
G0 F7200 X-18.838 Y-.17
G1 F1800 X-16.669 Y1.999 E0.07652
G0 F7200 X-16.729 Y1.372
G1 F1800 X-18.817 Y-.715 E0.07364
G0 F7200 X-18.796 Y-1.259
G1 F1800 X-16.791 Y0.745 E0.07071
G0 F7200 X-16.829 Y0.141
G1 F1800 X-18.774 Y-1.804 E0.06862
G0 F7200 X-18.754 Y-2.349
G1 F1800 X-16.819 Y-.414 E0.06826
G0 F7200 X-16.792 Y-.953
G1 F1800 X-18.651 Y-2.812 E0.06558
G0 F7200 X-18.525 Y-3.251
G1 F1800 X-16.763 Y-1.489 E0.06216
G0 F7200 X-16.732 Y-2.024
G1 F1800 X-18.394 Y-3.686 E0.05863
G0 F7200 X-18.041 Y-3.899
G1 F1800 X-16.691 Y-2.549 E0.04762
G0 F7200 X-16.551 Y-2.975
G1 F1800 X-17.455 Y-3.878 E0.03187
G0 F7200 X-16.869 Y-3.858
G1 F1800 X-16.411 Y-3.4 E0.01616
G0 F7200 X-15.955 Y-3.248
G0 X0.918 Y-3.77
G0 X16.579 Y-2.313
G0 X16.871 Y-2.37
G1 F1800 X16.182 Y-4.081 E0.04601
G1 X18.539 Y-4.132 E0.05881
G1 X19.083 Y-2.447 E0.04417
G1 X19.116 Y-2.089 E0.00897
G1 X19.406 Y-0.02 E0.05212
G1 X19.145 Y2.512 E0.0635
G1 X18.785 Y4.075 E0.04001
G1 X16.547 Y4.011 E0.05585
G1 X16.838 Y2.857 E0.02969
G1 X16.954 Y2.158 E0.01768
G1 X17.124 Y-0.024 E0.0546
G1 X16.871 Y-2.37 E0.05886
G0 F7200 X16.579 Y-2.313
G0 X16.179 Y-3.467
G0 X18.138 Y-3.924
G1 F1800 X18.519 Y-3.543 E0.01344
G0 F7200 X18.789 Y-2.707
G1 F1800 X17.585 Y-3.911 E0.04247
G0 F7200 X17.031 Y-3.899
G1 F1800 X18.927 Y-2.003 E0.06689
G0 F7200 X19.019 Y-1.346
G1 F1800 X16.478 Y-3.887 E0.08964
G1 X16.408 Y-3.957
G0 F7200 X15.94 Y-4.102
G0 X16.409 Y-2.768
G0 X16.852 Y-2.947
G1 F1800 X19.112 Y-.687 E0.07973
G0 F7200 X19.204 Y-0.029
G1 F1800 X17.101 Y-2.132 E0.07419
G0 F7200 X17.168 Y-1.5
G1 F1800 X19.153 Y0.486 E0.07004
G0 F7200 X19.1 Y0.998
G1 F1800 X17.234 Y-.868 E0.06583
G0 F7200 X17.3 Y-.236
G1 F1800 X19.047 Y1.511 E0.06163
G0 F7200 X18.994 Y2.024
G1 F1800 X17.297 Y0.327 E0.05987
G0 F7200 X17.256 Y0.851
G1 F1800 X18.936 Y2.531 E0.05927
G0 F7200 X18.83 Y2.991
G1 F1800 X17.215 Y1.375 E0.05699
G0 F7200 X17.174 Y1.9
G1 F1800 X18.724 Y3.451 E0.0547
G0 F7200 X18.576 Y3.868
G1 F1800 X17.114 Y2.406 E0.05158
G0 F7200 X17.033 Y2.891
G1 F1800 X17.994 Y3.852 E0.0339
G0 F7200 X17.412 Y3.835
G1 F1800 X16.921 Y3.345 E0.0173
G0 F7200 X16.167 Y3.153
;MESH:NONMESH
G0 F600 X16.167 Y3.153 Z12.05
G0 F7200 X2.953 Y2.748
G0 X2.459 Y2.459
;TIME_ELAPSED:804.861973
;LAYER:79
;TYPE:FILL
;MESH:pi 3mm_deformed_tet (6).stl
G1 F3600 X3.875 Y3.875 E0.04995
G1 X3.945 Y3.945
G0 F7200 X3.941 Y3.733
G0 X7.223 Y3.95
G0 X7.223 Y4.091
G1 F3600 X15.608 Y-4.294 E0.2958
G1 X15.678 Y-4.364
G0 F7200 X15.678 Y-4.152
G0 X7.13 Y-4.045
G0 X7.131 Y-4.183
G1 F3600 X15.521 Y4.207 E0.29598
G1 X15.591 Y4.277
G0 F7200 X15.592 Y4.07
G0 X3.944 Y-3.806
G0 X3.946 Y-3.946
G1 F3600 X2.47 Y-2.47 E0.05207
G1 X2.4 Y-2.4
G0 F7200 X2.616 Y-2.474
G0 X3.591 Y-.194
G0 X2.516 Y2.526
G0 X0.447 Y3.715
G0 X-1.711 Y3.75
G0 X-2.427 Y3.149
G0 X-3.585 Y2.313
G0 X-4.048 Y-0.004
G0 X-3.993 Y-1.498
G0 X-2.717 Y-2.759
G0 X-2.642 Y-2.642
G1 F3600 X-3.857 Y-3.857 E0.04286
G1 X-3.927 Y-3.927
G0 F7200 X-3.925 Y-3.718
G0 X-7.223 Y-3.961
G0 X-7.217 Y-4.097
G1 F3600 X-15.553 Y4.239 E0.29407
G1 X-15.623 Y4.309
G0 F7200 X-15.625 Y4.102
G0 X-7.199 Y3.977
G0 X-7.198 Y4.116
G1 F3600 X-15.551 Y-4.237 E0.29467
G1 X-15.621 Y-4.307
G0 F7200 X-15.626 Y-4.099
G0 X-3.907 Y3.76
G0 X-3.899 Y3.899
G1 F3600 X-2.79 Y2.79 E0.03912
G1 X-2.72 Y2.72
G1 F4200 E-3.5
G0 F7200 X-2.86 Y2.913
G0 X-2.036 Y3.454
G0 X-.672 Y1.406
G0 X-.277 Y1.383
;TYPE:WALL-INNER
G1 F4200 E3.5
G1 F3600 X-.554 Y1.264 E0.00752
G1 X-1.295 Y0.404 E0.02832
G1 X-1.409 Y0.205 E0.00572
G1 X-1.44 Y0.011 E0.0049
G1 X-1.381 Y-.248 E0.00663
G1 X-1.26 Y-.418 E0.00521
G1 X-.493 Y-1.163 E0.02667
G1 X-.273 Y-1.255 E0.00595
G1 X0.042 Y-1.239 E0.00787
G1 X0.255 Y-1.117 E0.00612
G1 X0.685 Y-.648 E0.01587
G1 X0.892 Y-.145 E0.01357
G1 X0.855 Y0.147 E0.00734
G1 X0.361 Y1.077 E0.02627
G1 X0.224 Y1.247 E0.00545
G1 X-0.003 Y1.369 E0.00643
G1 X-.277 Y1.383 E0.00684
G1 F4200 E-3.5
G0 F7200 X-.302 Y1.404
G0 X0.983 Y0.3
G0 X3.021 Y1.143
G0 X7.819 Y3.947
G0 X7.808 Y4.244
G1 F4200 E3.5
G1 F3600 X10.075 Y4.332 E0.05659
G1 X13.021 Y4.363 E0.07349
G1 X13.417 Y4.352 E0.00988
G1 X15.989 Y4.372 E0.06416
G1 X19.496 Y4.466 E0.08751
G1 X19.856 Y2.899 E0.04011
G1 X19.955 Y2.468 E0.01103
G1 F1500 X20.225 Y-0.011 E0.04976
G1 X19.88 Y-2.515 E0.05044
G1 F3600 X19.86 Y-2.579 E0.00167
G1 X19.237 Y-4.522 E0.0509
G1 X15.893 Y-4.452 E0.08343
G1 X13.296 Y-4.432 E0.06478
G1 X12.946 Y-4.443 E0.00874
G1 X10.062 Y-4.436 E0.07194
G1 X7.787 Y-4.336 E0.0568
G1 X7.017 Y-4.344 E0.01921
G1 X6.258 Y-4.324 E0.01894
G1 X4.03 Y-4.104 E0.05585
G1 X3.429 Y-4.115 E0.01499
G1 X1.274 Y-3.98 E0.05386
G1 X-1.384 Y-3.869 E0.06636
G1 X-3.681 Y-4.019 E0.05742
G1 X-4.095 Y-4.016 E0.01033
G1 X-6.511 Y-4.244 E0.06054
G1 X-7.051 Y-4.249 E0.01347
G1 X-9.616 Y-4.359 E0.06404
G1 X-12.929 Y-4.34 E0.08264
G1 X-15.9 Y-4.4 E0.07413
G1 X-19.172 Y-4.509 E0.08167
G1 X-19.502 Y-3.429 E0.02817
G1 X-19.759 Y-2.586 E0.02198
G1 F1500 X-19.862 Y-0.042 E0.05081
G1 X-19.609 Y2.207 E0.04516
G1 F3600 X-19.59 Y2.479 E0.0068
G1 X-19.576 Y2.52 E0.00108
G1 X-18.903 Y4.48 E0.05169
G1 X-15.896 Y4.404 E0.07503
G1 X-13.238 Y4.372 E0.06631
G1 X-12.978 Y4.38 E0.00649
G1 X-10.362 Y4.352 E0.06526
G1 X-9.951 Y4.356 E0.01025
G1 X-7.033 Y4.272 E0.07282
G1 X-4.39 Y4.073 E0.06612
G1 X-4.088 Y4.072 E0.00753
G1 X-1.376 Y3.893 E0.0678
G1 X1.264 Y3.869 E0.06586
G1 X3.43 Y4.043 E0.05421
G1 X4.02 Y4.032 E0.01472
G1 X6.249 Y4.24 E0.05584
G1 X7.092 Y4.252 E0.02103
G1 X7.808 Y4.244 E0.01786
G0 F7200 X7.792 Y4.644
;TYPE:WALL-OUTER
G1 F1800 X10.065 Y4.732 E0.05674
G1 X13.025 Y4.763 E0.07384
G1 X13.414 Y4.752 E0.00971
G1 X15.978 Y4.772 E0.06396
G1 X19.813 Y4.875 E0.0957
G1 X20.133 Y3.479 E0.03573
G1 X20.35 Y2.534 E0.02419
G1 F1500 X20.629 Y-0.03 E0.05147
G1 F1800 X20.605 Y-.149 E0.00303
G1 F1500 X20.272 Y-2.603 E0.04942
G1 F1800 X20.13 Y-3.047 E0.01163
G1 X19.527 Y-4.928 E0.04927
G1 X15.89 Y-4.852 E0.09075
G1 X13.309 Y-4.832 E0.06439
G1 X12.952 Y-4.843 E0.00891
G1 X10.053 Y-4.836 E0.07232
G1 X7.757 Y-4.736 E0.05733
G1 X7.014 Y-4.744 E0.01854
G1 X6.233 Y-4.724 E0.01949
G1 X4.013 Y-4.504 E0.05565
G1 X3.421 Y-4.515 E0.01477
G1 X1.257 Y-4.38 E0.05409
G1 X-1.358 Y-4.268 E0.06529
G1 X-3.67 Y-4.419 E0.0578
G1 X-4.087 Y-4.416 E0.0104
G1 X-6.491 Y-4.644 E0.06024
G1 X-7.034 Y-4.649 E0.01355
G1 X-9.608 Y-4.759 E0.06427
G1 X-12.921 Y-4.74 E0.08264
G1 X-15.887 Y-4.8 E0.074
G1 X-19.054 Y-4.905 E0.07904
G1 X-19.465 Y-4.919 E0.01026
G1 F1500 X-20.157 Y-2.654 E0.04726
G1 X-20.263 Y-0.028 E0.05245
G1 X-20.008 Y2.234 E0.04543
G1 F1800 X-19.986 Y2.559 E0.00813
G1 X-19.835 Y2.998 E0.01158
G1 X-19.186 Y4.888 E0.04985
G1 X-15.891 Y4.804 E0.08222
G1 X-13.25 Y4.772 E0.06588
G1 X-12.982 Y4.78 E0.00669
G1 X-10.366 Y4.752 E0.06526
G1 X-9.947 Y4.756 E0.01045
G1 X-7.014 Y4.672 E0.07319
G1 X-4.36 Y4.472 E0.06639
G1 X-4.075 Y4.472 E0.00711
G1 X-1.338 Y4.292 E0.06842
G1 X1.232 Y4.268 E0.06411
G1 X3.418 Y4.443 E0.0547
G1 X4.015 Y4.432 E0.01489
G1 X6.227 Y4.64 E0.05542
G1 X7.096 Y4.652 E0.02168
G1 X7.792 Y4.644 E0.01736
G0 F7200 X7.991 Y4.651
G1 F4200 E-3.5
G0 F7200 X8.018 Y3.955
G0 X2.68 Y1.982
G0 X0.662 Y0.899
G0 X-.113 Y0.985
G1 F4200 E3.5
G1 F1800 X-.285 Y0.955 E0.00436
G1 X-1.026 Y0.104 E0.02815
G1 X-1.016 Y-0.097 E0.00502
G1 X-.252 Y-.837 E0.02653
G1 X-0.082 Y-.859 E0.00428
G1 X0.325 Y-.475 E0.01396
G1 X0.491 Y-.12 E0.00978
G1 X0.493 Y-0.015 E0.00262
G1 X-0.015 Y0.932 E0.02681
G1 X-.113 Y0.985 E0.00278
G0 F7200 X-.285 Y0.955
G0 X-.301 Y0.937
G1 F4200 E-3.5
G0 F7200 X-.533 Y1.136
G0 X-1.43 Y0.524
G0 X-3.465 Y1.347
G0 X-3.282 Y1.31
;TYPE:SKIN
G1 F4200 E3.5
G1 F1800 X-3.83 Y0.111 E0.03289
G1 X-3.778 Y-1.408 E0.03791
G1 X-2.935 Y-2.28 E0.03025
G1 X-2.078 Y-2.84 E0.02554
G1 X-1.541 Y-2.925 E0.01356
G1 X-.293 Y-3.533 E0.03463
G1 X0.25 Y-3.553 E0.01355
G1 X1.915 Y-2.605 E0.04779
G1 X2.319 Y-2.469 E0.01063
G1 X2.462 Y-2.054 E0.01095
G1 X3.353 Y-.186 E0.05163
G1 X2.513 Y1.841 E0.05473
G1 X2.344 Y2.357 E0.01354
G1 X1.795 Y2.565 E0.01464
G1 X0.375 Y3.496 E0.04236
G1 X-1.651 Y3.514 E0.05054
G1 X-2.286 Y2.975 E0.02078
G1 X-3.358 Y2.207 E0.0329
G1 X-3.282 Y1.31 E0.02246
G1 F4200 E-3.5
G0 F7200 X-3.566 Y1.364
G0 X-1.43 Y0.524
G0 X-.306 Y1.756
G1 F4200 E3.5
G1 F1800 X0.124 Y1.724 E0.01076
G1 X0.446 Y1.552 E0.00911
G1 X0.679 Y1.284 E0.00886
G1 X1.17 Y0.373 E0.02582
G1 X1.269 Y0.044 E0.00857
G1 X1.261 Y-.218 E0.00654
G1 X1.025 Y-.811 E0.01592
G1 X0.823 Y-1.093 E0.00865
G1 X0.473 Y-1.422 E0.01198
G1 X0.106 Y-1.608 E0.01026
G1 X-.389 Y-1.613 E0.01235
G1 X-.704 Y-1.479 E0.00854
G1 X-1.524 Y-.688 E0.02842
G1 X-1.716 Y-.42 E0.00822
G1 X-1.816 Y-0.006 E0.01062
G1 X-1.758 Y0.348 E0.00895
G1 X-1.607 Y0.619 E0.00774
G1 X-.792 Y1.568 E0.0312
G1 X-.306 Y1.756 E0.013
G1 F4200 E-3.5
G0 F7200 X-.296 Y1.481
G0 X0.813 Y0.617
G0 X2.884 Y1.474
G0 X2.424 Y1.536
G1 F4200 E3.5
G1 F1800 X1.324 Y2.635 E0.03879
G1 X1.254 Y2.705
G1 F4200 E-3.5
G0 F7200 X1.506 Y3.092
G0 X0.342 Y1.384
G0 X0.53 Y1.733
G1 F4200 E3.5
G1 F1800 X-1.047 Y3.31 E0.05563
G0 F7200 X-1.599 Y3.297
G1 F1800 X-.254 Y1.951 E0.04747
G0 F7200 X-.689 Y1.82
G1 F1800 X-1.906 Y3.037 E0.04293
G0 F7200 X-2.215 Y2.78
G1 F1800 X-1.029 Y1.595 E0.04182
G0 F7200 X-1.292 Y1.292
G1 F1800 X-2.544 Y2.544 E0.04417
G0 F7200 X-2.874 Y2.308
G1 F1800 X-1.555 Y0.989 E0.04653
G0 F7200 X-1.801 Y0.67
G1 F1800 X-3.14 Y2.009 E0.04724
G0 F7200 X-3.089 Y1.392
G1 F1800 X-1.967 Y0.27 E0.03958
G0 F7200 X-1.94 Y-.323
G1 F1800 X-3.222 Y0.959 E0.04523
G0 F7200 X-3.399 Y0.571
G1 F1800 X0.406 Y-3.234 E0.13423
G0 F7200 X0.767 Y-3.03
G1 F1800 X-.465 Y-1.798 E0.04346
G0 F7200 X0.11 Y-1.807
G1 F1800 X1.128 Y-2.825 E0.03591
G0 F7200 X1.488 Y-2.62
G1 F1800 X0.499 Y-1.63 E0.03491
G0 F7200 X0.812 Y-1.378
G1 F1800 X1.85 Y-2.416 E0.03662
G0 F7200 X2.2 Y-2.2
G1 F1800 X1.079 Y-1.079 E0.03955
G0 F7200 X1.279 Y-.713
G1 F1800 X2.363 Y-1.797 E0.03824
G0 F7200 X2.546 Y-1.414
G1 F1800 X1.44 Y-.308 E0.03902
G0 F7200 X1.398 Y0.299
G1 F1800 X2.728 Y-1.031 E0.04692
G0 F7200 X2.91 Y-.648
G1 F1800 X0.635 Y1.628 E0.08027
G1 X0.565 Y1.698
G1 F4200 E-3.5
G0 F7200 X0.493 Y1.044
G0 X1.144 Y3.212
G0 X0.095 Y3.299
G1 F4200 E3.5
G1 F1800 X2.823 Y0.571 E0.09624
G1 X2.893 Y0.501
G0 F7200 X3.093 Y-.264
G1 F1800 X-.477 Y3.305 E0.12592
G1 X-.547 Y3.375
G0 F7200 X0.605 Y3.626
G0 X-1.711 Y3.75
G0 X-2.427 Y3.149
G0 X-3.585 Y2.313
G0 X-4.017 Y0.383
G0 X-3.577 Y0.182
G1 F1800 X-0.052 Y-3.342 E0.12434
G1 X0.018 Y-3.412
G0 F7200 X0.47 Y-3.697
G0 X2.489 Y-2.644
G0 X3.591 Y-.194
G0 X2.516 Y2.526
G0 X0.447 Y3.715
G0 X-1.711 Y3.75
G0 X-2.427 Y3.149
G0 X-3.585 Y2.313
G0 X-4.048 Y-0.004
G0 X-3.993 Y-1.498
G0 X-3.072 Y-2.455
G0 X-2.066 Y-3.064
G0 X-1.205 Y-3.396
G0 X-.994 Y-2.966
G1 F1800 X-3.613 Y-.346 E0.09241
G0 F7200 X-3.594 Y-.932
G1 F1800 X-1.852 Y-2.674 E0.06145
G1 X-1.782 Y-2.744
G0 F7200 X-1.845 Y-3.159
G0 X-3.072 Y-2.455
G0 X-3.993 Y-1.498
G0 X-4.053 Y0.159
G0 X-3.585 Y2.313
G0 X-2.427 Y3.149
G0 X-1.711 Y3.75
G0 X0.447 Y3.715
G0 X17.09 Y-2.457
G0 X17.355 Y-2.538
G1 F1800 X16.73 Y-4.086 E0.04164
G1 X18.959 Y-4.133 E0.05561
G1 X19.504 Y-2.431 E0.04458
G1 X19.838 Y0.003 E0.06129
G1 X19.578 Y2.398 E0.06009
G1 X19.193 Y4.075 E0.04292
G1 X17.052 Y4.018 E0.05343
G1 X17.411 Y2.593 E0.03666
G1 X17.616 Y-0.02 E0.06538
G1 X17.355 Y-2.538 E0.06315
G0 F7200 X17.09 Y-2.457
G0 X16.709 Y-3.397
G0 X17.152 Y-3.575
G1 F1800 X17.478 Y-3.902 E0.01152
G0 F7200 X18.056 Y-3.914
G1 F1800 X17.315 Y-3.173 E0.02614
G0 F7200 X17.478 Y-2.77
G1 F1800 X18.634 Y-3.926 E0.04078
G0 F7200 X18.908 Y-3.635
G1 F1800 X17.584 Y-2.311 E0.04671
G0 F7200 X17.636 Y-1.797
G1 F1800 X19.045 Y-3.206 E0.04971
G0 F7200 X19.182 Y-2.778
G1 F1800 X17.688 Y-1.283 E0.05272
G0 F7200 X17.74 Y-.769
G1 F1800 X19.314 Y-2.343 E0.05553
G0 F7200 X19.383 Y-1.846
G1 F1800 X17.792 Y-.256 E0.05611
G0 F7200 X17.791 Y0.311
G1 F1800 X19.45 Y-1.348 E0.05853
G0 F7200 X19.519 Y-.851
G1 F1800 X17.742 Y0.926 E0.06269
G0 F7200 X17.693 Y1.54
G1 F1800 X19.587 Y-.354 E0.06682
G0 F7200 X19.617 Y0.182
G1 F1800 X17.644 Y2.155 E0.0696
G0 F7200 X17.566 Y2.799
G1 F1800 X19.547 Y0.817 E0.0699
G0 F7200 X19.478 Y1.452
G1 F1800 X17.375 Y3.555 E0.07419
G0 F7200 X17.662 Y3.834
G1 F1800 X19.409 Y2.087 E0.06163
G0 F7200 X19.286 Y2.776
G1 F1800 X18.213 Y3.849 E0.03785
G0 F7200 X18.764 Y3.863
G1 F1800 X19.118 Y3.509 E0.01249
G0 F7200 X17.074 Y2.986
G0 X1.909 Y2.755
G0 X0.447 Y3.715
G0 X-1.711 Y3.75
G0 X-16.695 Y2.388
G0 X-16.958 Y2.473
G1 F1800 X-16.307 Y4.034 E0.04219
G1 X-18.634 Y4.092 E0.05807
G1 X-19.213 Y2.396 E0.0447
G1 X-19.224 Y2.227 E0.00422
G1 X-19.479 Y-0.064 E0.0575
G1 X-19.377 Y-2.522 E0.06137
G1 X-18.893 Y-4.118 E0.0416
G1 X-16.543 Y-4.04 E0.05865
G1 X-17.059 Y-2.477 E0.04106
G1 X-17.196 Y-0.012 E0.06158
G1 X-16.958 Y2.473 E0.06227
G0 F7200 X-16.695 Y2.388
G0 X-16.233 Y3.479
G0 X-16.674 Y3.664
G1 F1800 X-16.859 Y3.848 E0.00651
G0 F7200 X-17.439 Y3.862
G1 F1800 X-16.841 Y3.265 E0.02108
G0 F7200 X-17.009 Y2.867
G1 F1800 X-18.018 Y3.876 E0.0356
G0 F7200 X-18.518 Y3.811
G1 F1800 X-17.168 Y2.46 E0.04764
G0 F7200 X-17.215 Y1.942
G1 F1800 X-18.662 Y3.388 E0.05103
G0 F7200 X-18.806 Y2.967
G1 F1800 X-17.263 Y1.424 E0.05443
G0 F7200 X-17.311 Y0.906
G1 F1800 X-18.95 Y2.545 E0.05782
G0 F7200 X-19.04 Y2.07
G1 F1800 X-17.359 Y0.388 E0.05932
G0 F7200 X-17.39 Y-.146
G1 F1800 X-19.097 Y1.561 E0.06022
G0 F7200 X-19.153 Y1.051
G1 F1800 X-17.356 Y-.746 E0.06339
G0 F7200 X-17.322 Y-1.346
G1 F1800 X-19.211 Y0.543 E0.06664
G0 F7200 X-19.267 Y0.034
G1 F1800 X-17.288 Y-1.945 E0.06981
G0 F7200 X-17.25 Y-2.549
G1 F1800 X-19.259 Y-.54 E0.07087
G0 F7200 X-19.235 Y-1.13
G1 F1800 X-16.968 Y-3.397 E0.07997
G0 F7200 X-17.073 Y-3.857
G1 F1800 X-19.21 Y-1.72 E0.07539
G0 F7200 X-19.185 Y-2.311
G1 F1800 X-17.62 Y-3.876 E0.05521
G0 F7200 X-18.168 Y-3.894
G1 F1800 X-19.006 Y-3.056 E0.02956
G1 X-19.076 Y-2.986
;MESH:NONMESH
G0 F600 X-19.076 Y-2.986 Z12.2
G0 F7200 X-16.829 Y-2.444
G0 X-2.427 Y3.149
G0 X-1.711 Y3.75
G0 X0.447 Y3.715
G0 X1.909 Y2.755
G0 X2.661 Y2.291
G0 X2.105 Y2.105
;TIME_ELAPSED:830.153436
;LAYER:80
;TYPE:FILL
;MESH:pi 3mm_deformed_tet (6).stl
G1 F3600 X3.895 Y3.895 E0.06315
G1 X3.965 Y3.965
G0 F7200 X3.961 Y3.753
G0 X7.215 Y3.958
G0 X7.215 Y4.099
G1 F3600 X15.599 Y-4.285 E0.29577
G1 X15.669 Y-4.355
G0 F7200 X15.669 Y-4.147
G0 X7.122 Y-4.053
G0 X7.123 Y-4.191
G1 F3600 X15.514 Y4.2 E0.29602
G1 X15.584 Y4.27
G0 F7200 X15.585 Y4.065
G0 X3.964 Y-3.826
G0 X3.966 Y-3.966
G1 F3600 X2.16 Y-2.16 E0.06371
G1 X2.09 Y-2.09
G0 F7200 X2.306 Y-2.191
G0 X0.04 Y-3.582
G0 X-2.392 Y-2.456
G0 X-2.331 Y-2.331
G1 F3600 X-3.879 Y-3.879 E0.05461
G1 X-3.949 Y-3.949
G0 F7200 X-3.947 Y-3.738
G0 X-7.216 Y-3.968
G0 X-7.21 Y-4.104
G1 F3600 X-15.549 Y4.236 E0.2942
G1 X-15.619 Y4.306
G0 F7200 X-15.621 Y4.098
G0 X-7.193 Y3.983
G0 X-7.192 Y4.122
G1 F3600 X-15.545 Y-4.231 E0.29467
G1 X-15.615 Y-4.301
G0 F7200 X-15.618 Y-4.094
G0 X-3.927 Y3.78
G0 X-3.919 Y3.919
G1 F3600 X-2.476 Y2.476 E0.05091
G1 X-2.406 Y2.406
G1 F4200 E-3.5
G0 F7200 X-2.546 Y2.598
G0 X-1.765 Y3.135
G0 X-.67 Y0.907
G0 X-.104 Y0.847
;TYPE:WALL-INNER
G1 F4200 E3.5
G1 F3600 X-.351 Y0.849 E0.00616
G1 X-.569 Y0.757 E0.0059
G1 X-.995 Y0.262 E0.01629
G1 X-1.039 Y0.133 E0.0034
G1 X-1.041 Y-.114 E0.00616
G1 X-.957 Y-.322 E0.0056
G1 X-.641 Y-.648 E0.01133
G1 X-.355 Y-.802 E0.0081
G1 X-0.027 Y-.783 E0.0082
G1 X0.169 Y-.67 E0.00564
G1 X0.492 Y-.204 E0.01414
G1 X0.513 Y0.075 E0.00698
G1 X0.296 Y0.547 E0.01296
G1 X0.113 Y0.752 E0.00685
G1 X-.104 Y0.847 E0.00591
G1 F4200 E-3.5
G0 F7200 X0.398 Y0.577
G0 X2.435 Y1.506
G0 X7.978 Y3.954
G0 X7.967 Y4.252
G1 F4200 E3.5
G1 F3600 X10.079 Y4.332 E0.05272
G1 X13.005 Y4.364 E0.07299
G1 X13.516 Y4.348 E0.01275
G1 X14.398 Y4.354 E0.022
G1 X16.064 Y4.364
G1 X18.242 Y4.425 E0.05435
G1 X19.908 Y4.47
G1 X19.956 Y4.265
G1 F1500 X20.431 Y2.249 E0.04133
G1 X20.684 Y-0.002 E0.0452
G1 F3600 X20.573 Y-.505 E0.01285
G1 F1500 X20.296 Y-2.511 E0.04041
G1 F3600 X20.281 Y-2.559 E0.00125
G1 X19.656 Y-4.523 E0.05141
G1 X15.981 Y-4.448 E0.09169
G1 X13.395 Y-4.428 E0.06451
G1 X12.935 Y-4.443 E0.01148
G1 X10.066 Y-4.432 E0.07157
G1 X7.945 Y-4.344 E0.05295
G1 X7.036 Y-4.352 E0.02268
G1 X6.129 Y-4.332 E0.02263
G1 X4.05 Y-4.124 E0.05212
G1 X3.301 Y-4.139 E0.01869
G1 X1.288 Y-4.012 E0.05031
G1 X-1.336 Y-3.897 E0.06552
G1 X-3.564 Y-4.043 E0.0557
G1 X-4.118 Y-4.036 E0.01382
G1 X-6.387 Y-4.252 E0.05686
G1 X-7.05 Y-4.257 E0.01654
G1 X-9.319 Y-4.356 E0.05665
G1 X-10.02 Y-4.36 E0.01749
G1 X-12.911 Y-4.344 E0.07212
G1 X-15.992 Y-4.4 E0.07687
G1 X-19.591 Y-4.517 E0.08982
G1 X-20.158 Y-2.654 E0.04858
G1 X-20.195 Y-2.534 E0.00313
G1 F1500 X-20.294 Y-0.042 E0.04977
G1 X-20.011 Y2.463 E0.05031
G1 F3600 X-19.993 Y2.514 E0.00135
G1 X-19.319 Y4.481 E0.05187
G1 X-15.988 Y4.4 E0.08312
G1 X-13.341 Y4.368 E0.06603
G1 X-12.953 Y4.38 E0.00968
G1 X-10.503 Y4.356 E0.06112
G1 X-9.948 Y4.36 E0.01384
G1 X-7.581 Y4.288 E0.05907
G1 X-7.043 Y4.28 E0.01342
G1 X-4.552 Y4.092 E0.06231
G1 X-4.113 Y4.092 E0.01095
G1 X-1.556 Y3.921 E0.06393
G1 X1.173 Y3.897 E0.06808
G1 X3.301 Y4.071 E0.05326
G1 X4.042 Y4.052 E0.01849
G1 X6.121 Y4.244 E0.05208
G1 X7.1 Y4.26 E0.02442
G1 X7.967 Y4.252 E0.02163
G0 F7200 X7.952 Y4.652
;TYPE:WALL-OUTER
G1 F1800 X10.069 Y4.732 E0.05285
G1 X13.009 Y4.764 E0.07334
G1 X13.514 Y4.748 E0.0126
G1 X16.053 Y4.764 E0.06334
G1 X19.818 Y4.868 E0.09395
G1 X20.222 Y4.879 E0.01008
G1 F1500 X20.826 Y2.317 E0.05253
G1 X21.089 Y-0.024 E0.04701
G1 F1800 X20.969 Y-.56 E0.0137
G1 F1500 X20.688 Y-2.599 E0.04108
G1 F1800 X20.544 Y-3.052 E0.01186
G1 X19.946 Y-4.929 E0.04914
G1 X15.978 Y-4.848 E0.099
G1 X13.409 Y-4.828 E0.06409
G1 X12.941 Y-4.843 E0.01168
G1 X10.057 Y-4.832 E0.07194
G1 X7.918 Y-4.744 E0.0534
G1 X7.034 Y-4.752 E0.02205
G1 X6.105 Y-4.732 E0.02318
G1 X4.033 Y-4.524 E0.05195
G1 X3.293 Y-4.539 E0.01846
G1 X1.27 Y-4.412 E0.05056
G1 X-1.31 Y-4.296 E0.06442
G1 X-3.554 Y-4.443 E0.0561
G1 X-4.111 Y-4.436 E0.0139
G1 X-6.367 Y-4.652 E0.05653
G1 X-7.032 Y-4.657 E0.01659
G1 X-9.309 Y-4.756 E0.05685
G1 X-10.022 Y-4.76 E0.01779
G1 X-12.904 Y-4.744 E0.07189
G1 X-15.979 Y-4.8 E0.07672
G1 X-19.472 Y-4.914 E0.08718
G1 X-19.885 Y-4.927 E0.01031
G1 X-20.302 Y-3.551 E0.03587
G1 X-20.439 Y-3.099 E0.01178
G1 X-20.555 Y-2.715 E0.01001
G1 X-20.593 Y-2.612 E0.00274
G1 F1500 X-20.695 Y-0.028 E0.05161
G1 X-20.403 Y2.551 E0.0518
G1 F1800 X-20.251 Y2.996 E0.01173
G1 X-19.602 Y4.888 E0.0499
G1 X-15.983 Y4.8 E0.0903
G1 X-13.353 Y4.768 E0.06561
G1 X-12.957 Y4.78 E0.00988
G1 X-10.506 Y4.756 E0.06114
G1 X-9.943 Y4.76 E0.01404
G1 X-7.575 Y4.688 E0.0591
G1 X-7.025 Y4.68 E0.01372
G1 X-4.528 Y4.492 E0.06246
G1 X-4.099 Y4.492 E0.0107
G1 X-1.518 Y4.32 E0.06453
G1 X1.141 Y4.296 E0.06633
G1 X3.29 Y4.471 E0.05378
G1 X4.039 Y4.452 E0.01869
G1 X6.099 Y4.644 E0.05161
G1 X7.104 Y4.66 E0.02507
G1 X7.952 Y4.652 E0.02115
G0 F7200 X8.151 Y4.659
G1 F4200 E-3.5
G0 F7200 X8.178 Y3.962
G0 X2.446 Y1.481
G0 X0.47 Y0.598
G0 X-.272 Y0.457
G1 F4200 E3.5
G1 F1800 X-.354 Y0.42 E0.00224
G1 X-.633 Y0.09 E0.01078
G1 X-.621 Y-.105 E0.00487
G1 X-.268 Y-.412 E0.01167
G1 X-0.093 Y-.368 E0.0045
G1 X0.082 Y-.139 E0.00719
G1 X0.112 Y0.039 E0.0045
G1 X-.117 Y0.424 E0.01117
G1 X-.272 Y0.457 E0.00395
G0 F7200 X-.354 Y0.42
G0 X-.425 Y0.336
G1 F4200 E-3.5
G0 F7200 X-.657 Y0.535
G0 X-3.053 Y1.436
G0 X-2.692 Y1.736
;TYPE:SKIN
G1 F4200 E3.5
G1 F1800 X-3.43 Y0.127 E0.04416
G1 X-3.39 Y-1.064 E0.02973
G1 X-2.308 Y-2.183 E0.03883
G1 X0.029 Y-3.337 E0.06502
G1 X1.751 Y-2.354 E0.04946
G1 X2.051 Y-2.065 E0.01039
G1 X2.929 Y-.218 E0.05101
G1 X2.274 Y1.362 E0.04267
G1 X1.924 Y2.165 E0.02185
G1 X0.034 Y3.414 E0.05651
G1 X-1.156 Y3.385 E0.02969
G1 X-2.226 Y2.479 E0.03497
G1 X-2.722 Y2.127 E0.01517
G1 X-2.692 Y1.736 E0.00978
G1 F4200 E-3.5
G0 F7200 X-2.974 Y1.796
G0 X-2.319 Y2.652
G0 X-.67 Y0.907
G0 X-.439 Y1.217
G1 F4200 E3.5
G1 F1800 X0.02 Y1.204 E0.01145
G1 X0.35 Y1.046 E0.00913
G1 X0.62 Y0.743 E0.01012
G1 X0.873 Y0.181 E0.01537
G1 X0.853 Y-.31 E0.01226
G1 X0.728 Y-.573 E0.00726
G1 X0.426 Y-.944 E0.01193
G1 X0.131 Y-1.127 E0.00866
G1 X-.104 Y-1.188 E0.00606
G1 X-.401 Y-1.176 E0.00741
G1 X-.649 Y-1.1 E0.00647
G1 X-.883 Y-.934 E0.00716
G1 X-1.27 Y-.529 E0.01397
G1 X-1.42 Y-.115 E0.01098
G1 X-1.394 Y0.256 E0.00928
G1 X-1.206 Y0.629 E0.01042
G1 X-.798 Y1.057 E0.01475
G1 X-.439 Y1.217 E0.0098
G1 F4200 E-3.5
G0 F7200 X-.371 Y0.947
G0 X-3.053 Y1.436
G0 X-2.512 Y2.014
G1 F4200 E3.5
G1 F1800 X-2.454 Y2.072 E0.00205
G0 F7200 X-2.681 Y1.278
G1 F1800 X-.766 Y3.194 E0.06757
G0 F7200 X-.187 Y3.207
G1 F1800 X-3.16 Y0.234 E0.10488
G0 F7200 X-3.213 Y-.385
G1 F1800 X0.221 Y3.049 E0.12114
G0 F7200 X0.561 Y2.824
G1 F1800 X-3.195 Y-.933 E0.13252
G0 F7200 X-2.939 Y-1.242
G1 F1800 X-1.608 Y0.089 E0.04695
G0 F7200 X-1.533 Y-.402
G1 F1800 X-2.662 Y-1.53 E0.03981
G0 F7200 X-2.384 Y-1.818
G1 F1800 X-1.325 Y-.759 E0.03736
G0 F7200 X-1.051 Y-1.051
G1 F1800 X-2.075 Y-2.075 E0.03612
G0 F7200 X-1.696 Y-2.261
G1 F1800 X-.719 Y-1.285 E0.03445
G0 F7200 X-.25 Y-1.382
G1 F1800 X-1.317 Y-2.449 E0.03764
G0 F7200 X-.938 Y-2.635
G1 F1800 X2.351 Y0.654 E0.11603
G0 F7200 X2.186 Y1.054
G1 F1800 X1.075 Y-0.057 E0.03919
G0 F7200 X0.984 Y0.419
G1 F1800 X2.017 Y1.452 E0.03644
G0 F7200 X1.845 Y1.845
G1 F1800 X0.808 Y0.808 E0.03658
G0 F7200 X0.552 Y1.118
G1 F1800 X1.583 Y2.149 E0.03637
G0 F7200 X1.243 Y2.374
G1 F1800 X0.204 Y1.335 E0.03665
G0 F7200 X-.282 Y1.415
G1 F1800 X0.902 Y2.599 E0.04177
G1 X0.972 Y2.669
G0 F7200 X1.185 Y2.993
G0 X2.097 Y2.317
G0 X2.963 Y0.439
G0 X2.517 Y0.254
G1 F1800 X-.56 Y-2.823 E0.10855
G0 F7200 X-.181 Y-3.009
G1 F1800 X2.683 Y-.146 E0.10102
G1 X2.753 Y-0.076
G0 F7200 X3.114 Y0.074
G0 X2.72 Y-1.317
G0 X2.283 Y-1.111
G1 F1800 X0.631 Y-2.763 E0.05828
G1 X0.561 Y-2.833
G0 F7200 X0.788 Y-3.228
G0 X0.04 Y-3.582
G0 X-17.214 Y2.455
G0 X-17.486 Y2.519
G1 F1800 X-16.846 Y4.039 E0.04114
G1 X-19.046 Y4.092 E0.0549
G1 X-19.635 Y2.375 E0.04528
G1 X-19.911 Y-0.064 E0.06123
G1 X-19.817 Y-2.466 E0.05996
G1 X-19.309 Y-4.126 E0.0433
G1 X-17.094 Y-4.052 E0.05528
G1 X-17.43 Y-3.037 E0.02667
G1 X-17.571 Y-2.509 E0.01363
G1 X-17.672 Y-0.021 E0.06211
G1 X-17.649 Y0.201 E0.00557
G1 X-17.486 Y2.519 E0.05797
G0 F7200 X-17.214 Y2.455
G0 X-16.856 Y3.426
G0 X-18.743 Y3.885
G1 F1800 X-18.993 Y3.635 E0.00882
G0 F7200 X-18.19 Y3.871
G1 F1800 X-19.288 Y2.774 E0.03872
G0 F7200 X-19.474 Y2.022
G1 F1800 X-17.638 Y3.858 E0.06477
G0 F7200 X-17.186 Y3.745
G1 F1800 X-19.546 Y1.385 E0.08326
G0 F7200 X-19.618 Y0.747
G1 F1800 X-17.598 Y2.767 E0.07126
G0 F7200 X-17.719 Y2.08
G1 F1800 X-19.69 Y0.109 E0.06953
G0 F7200 X-19.695 Y-.462
G1 F1800 X-17.763 Y1.47 E0.06816
G0 F7200 X-17.807 Y0.861
G1 F1800 X-19.674 Y-1.006 E0.06586
G0 F7200 X-19.653 Y-1.551
G1 F1800 X-17.852 Y0.25 E0.06354
G0 F7200 X-17.859 Y-.323
G1 F1800 X-19.631 Y-2.095 E0.06251
G0 F7200 X-19.568 Y-2.597
G1 F1800 X-17.837 Y-.867 E0.06105
G0 F7200 X-17.815 Y-1.41
G1 F1800 X-19.436 Y-3.031 E0.05719
G0 F7200 X-19.303 Y-3.464
G1 F1800 X-17.792 Y-1.953 E0.0533
G0 F7200 X-17.77 Y-2.497
G1 F1800 X-19.171 Y-3.898 E0.04942
G0 F7200 X-18.61 Y-3.902
G1 F1800 X-17.659 Y-2.951 E0.03355
G0 F7200 X-17.526 Y-3.384
G1 F1800 X-18.025 Y-3.883 E0.0176
G0 F7200 X-16.919 Y-3.858
G0 X0.04 Y-3.582
G0 X17.566 Y2.437
G0 X17.836 Y2.494
G1 F1800 X17.999 Y0.436 E0.0515
G1 X18.048 Y-0.016 E0.01134
G1 X17.991 Y-.457 E0.01109
G1 X17.779 Y-2.503 E0.05131
G1 X17.27 Y-4.089 E0.04155
G1 X19.378 Y-4.132 E0.0526
G1 X19.92 Y-2.427 E0.04463
G1 X20.193 Y-.456 E0.04964
G1 X20.297 Y0.011 E0.01193
G1 X20.054 Y2.177 E0.05437
G1 X19.606 Y4.079 E0.04874
G1 X17.514 Y4.022 E0.0522
G1 X17.836 Y2.494 E0.03895
G0 F7200 X17.566 Y2.437
G0 X17.33 Y3.555
G0 X17.796 Y3.654
G1 F1800 X17.977 Y3.835 E0.00639
G0 F7200 X18.559 Y3.851
G1 F1800 X17.894 Y3.186 E0.02346
G0 F7200 X17.992 Y2.719
G1 F1800 X19.14 Y3.866 E0.04048
G0 F7200 X19.5 Y3.661
G1 F1800 X18.057 Y2.217 E0.05092
G0 F7200 X18.099 Y1.694
G1 F1800 X19.607 Y3.202 E0.0532
G0 F7200 X19.716 Y2.745
G1 F1800 X18.141 Y1.17 E0.05556
G0 F7200 X18.183 Y0.646
G1 F1800 X19.823 Y2.287 E0.05787
G0 F7200 X19.896 Y1.794
G1 F1800 X18.23 Y0.128 E0.05877
G0 F7200 X18.191 Y-.477
G1 F1800 X19.953 Y1.286 E0.06218
G0 F7200 X20.01 Y0.777
G1 F1800 X18.125 Y-1.108 E0.0665
G0 F7200 X18.06 Y-1.739
G1 F1800 X20.068 Y0.269 E0.07084
G0 F7200 X20.01 Y-.354
G1 F1800 X17.994 Y-2.371 E0.07114
G1 X17.924 Y-2.441
G0 F7200 X17.779 Y-3.151
G1 F1800 X19.914 Y-1.016 E0.07532
G0 F7200 X19.823 Y-1.673
G1 F1800 X17.601 Y-3.895 E0.07839
G0 F7200 X18.156 Y-3.906
G1 F1800 X19.732 Y-2.33 E0.0556
G1 X19.802 Y-2.26
G0 F7200 X19.482 Y-3.145
G1 F1800 X18.71 Y-3.917 E0.02723
G1 X18.64 Y-3.987
;MESH:NONMESH
G0 F600 X18.64 Y-3.987 Z12.35
G0 F7200 X17.134 Y-3.767
G0 X2.298 Y2.013
G0 X1.787 Y1.787
;TIME_ELAPSED:852.343273
;LAYER:81
;TYPE:FILL
;MESH:pi 3mm_deformed_tet (6).stl
G1 F3600 X3.915 Y3.915 E0.07507
G1 X3.985 Y3.985
G0 F7200 X3.981 Y3.774
G0 X7.206 Y3.966
G0 X7.206 Y4.108
G1 F3600 X15.595 Y-4.281 E0.29594
G1 X15.665 Y-4.351
G0 F7200 X15.665 Y-4.142
G0 X15.511 Y4.059
G0 X15.51 Y4.196
G1 F3600 X7.114 Y-4.2 E0.29619
G1 X7.044 Y-4.27
G0 F7200 X7.048 Y-4.06
G0 X3.984 Y-3.846
G0 X3.986 Y-3.986
G1 F3600 X1.889 Y-1.889 E0.07398
G1 X1.819 Y-1.819
G0 F7200 X2.032 Y-1.918
G0 X1.405 Y-2.465
G0 X0.052 Y-3.233
G0 X-1.552 Y-2.446
G0 X-1.982 Y-1.982
G1 F3600 X-3.899 Y-3.899 E0.06763
G1 X-3.969 Y-3.969
G0 F7200 X-3.967 Y-3.76
G0 X-7.208 Y-3.975
G0 X-7.202 Y-4.112
G1 F3600 X-15.549 Y4.235 E0.29446
G1 X-15.619 Y4.305
G0 F7200 X-15.621 Y4.094
G0 X-7.186 Y3.989
G0 X-7.185 Y4.129
G1 F3600 X-15.541 Y-4.228 E0.2948
G1 X-15.611 Y-4.298
G0 F7200 X-15.614 Y-4.092
G0 X-3.946 Y3.799
G0 X-3.938 Y3.938
G1 F3600 X-2.136 Y2.136 E0.06357
G1 X-2.066 Y2.066
G0 F7200 X-2.257 Y2.206
G0 X-16.058 Y4.099
G0 X-16.055 Y4.4
;TYPE:WALL-INNER
G1 F3600 X-13.445 Y4.368 E0.06511
G1 X-12.934 Y4.384 E0.01275
G1 X-10.645 Y4.356 E0.0571
G1 X-9.938 Y4.363 E0.01764
G1 X-7.743 Y4.296 E0.05478
G1 X-7.055 Y4.288 E0.01716
G1 X-4.755 Y4.109 E0.05755
G1 X-4.134 Y4.111 E0.01549
G1 X-1.744 Y3.953 E0.05975
G1 X1.142 Y3.93 E0.07199
G1 X3.177 Y4.095 E0.05093
G1 X4.067 Y4.072 E0.02221
G1 X5.989 Y4.252 E0.04815
G1 X7.125 Y4.268 E0.02834
G1 X8.133 Y4.256 E0.02515
G1 X10.084 Y4.336 E0.04871
G1 X12.993 Y4.364 E0.07257
G1 X13.62 Y4.344 E0.01565
G1 X16.156 Y4.36 E0.06326
G1 X20.322 Y4.467 E0.10396
G1 X20.333 Y4.467 E0.00027
G1 F1500 X20.815 Y2.448 E0.04142
G1 F3600 X20.989 Y1.406 E0.02635
G1 X21.14 Y-0.001 E0.0353
G1 X20.937 Y-.918 E0.02343
G1 X20.72 Y-2.503 E0.03991
G1 X20.696 Y-2.577 E0.00194
G1 X20.079 Y-4.519 E0.05083
G1 X16.069 Y-4.444 E0.10005
G1 X13.499 Y-4.424 E0.06411
G1 X12.923 Y-4.443 E0.01438
G1 X10.07 Y-4.432 E0.07117
G1 X8.106 Y-4.348 E0.04904
G1 X7.055 Y-4.36 E0.02622
G1 X5.997 Y-4.336 E0.0264
G1 X4.071 Y-4.144 E0.04828
G1 X3.182 Y-4.159 E0.02218
G1 X1.289 Y-4.04 E0.04731
G1 X-1.374 Y-3.932 E0.06648
G1 X-3.443 Y-4.067 E0.05172
G1 X-4.138 Y-4.056 E0.01734
G1 X-6.263 Y-4.26 E0.05325
G1 X-7.061 Y-4.265 E0.01991
G1 X-9.177 Y-4.356 E0.05283
G1 X-10.003 Y-4.363 E0.02061
G1 X-12.898 Y-4.348 E0.07222
G1 X-16.052 Y-4.396 E0.07869
G1 X-20.008 Y-4.525 E0.09874
G1 X-20.046 Y-4.403 E0.00319
G1 X-20.49 Y-2.914 E0.03876
G1 X-20.525 Y-2.816 E0.0026
G1 X-20.628 Y-2.528 E0.00763
G1 F1500 X-20.73 Y-0.046 E0.04957
G1 X-20.49 Y2.08 E0.0427
G1 F3600 X-20.457 Y2.465 E0.00964
G1 X-20.124 Y3.377 E0.02422
G1 X-19.96 Y3.828 E0.01197
G1 X-19.735 Y4.482 E0.01725
G1 X-16.055 Y4.4 E0.09182
G0 F7200 X-16.05 Y4.8
;TYPE:WALL-OUTER
G1 F1800 X-13.457 Y4.768 E0.06469
G1 X-12.938 Y4.784 E0.01295
G1 X-10.649 Y4.756 E0.0571
G1 X-9.934 Y4.763 E0.01784
G1 X-7.739 Y4.696 E0.05478
G1 X-7.037 Y4.688 E0.01751
G1 X-4.724 Y4.508 E0.05787
G1 X-4.122 Y4.511 E0.01502
G1 X-1.706 Y4.352 E0.0604
G1 X1.11 Y4.328 E0.07025
G1 X3.166 Y4.495 E0.05146
G1 X4.063 Y4.472 E0.02238
G1 X5.967 Y4.652 E0.04771
G1 X7.13 Y4.668 E0.02901
G1 X8.117 Y4.656 E0.02462
G1 X10.074 Y4.736 E0.04886
G1 X12.997 Y4.764 E0.07292
G1 X13.618 Y4.744 E0.0155
G1 X16.146 Y4.76 E0.06306
G1 X20.229 Y4.864 E0.10188
G1 X20.647 Y4.875 E0.01043
G1 F1500 X21.207 Y2.528 E0.04815
G1 F1800 X21.385 Y1.46 E0.02701
G1 X21.545 Y-0.024 E0.03723
G1 X21.333 Y-.972 E0.02423
G1 X21.112 Y-2.591 E0.04076
G1 F1500 X20.37 Y-4.925 E0.04887
G1 F1800 X19.952 Y-4.917 E0.01043
G1 X16.066 Y-4.844 E0.09695
G1 X13.513 Y-4.824 E0.06369
G1 X12.929 Y-4.843 E0.01458
G1 X10.061 Y-4.832 E0.07154
G1 X8.077 Y-4.748 E0.04954
G1 X7.053 Y-4.76 E0.02555
G1 X5.973 Y-4.736 E0.02695
G1 X4.056 Y-4.544 E0.04806
G1 X3.173 Y-4.559 E0.02203
G1 X1.272 Y-4.44 E0.04751
G1 X-1.394 Y-4.332 E0.06656
G1 X-3.433 Y-4.467 E0.05097
G1 X-4.14 Y-4.456 E0.01764
G1 X-6.243 Y-4.66 E0.05271
G1 X-7.044 Y-4.665 E0.01998
G1 X-9.166 Y-4.756 E0.05298
G1 X-10.005 Y-4.763 E0.02093
G1 X-12.892 Y-4.748 E0.07202
G1 X-16.039 Y-4.796 E0.07851
G1 X-19.888 Y-4.921 E0.09606
G1 X-20.304 Y-4.935 E0.01038
G1 X-20.594 Y-3.965 E0.02525
G1 X-20.773 Y-3.365 E0.01562
G1 X-20.867 Y-3.048 E0.00825
G1 X-21.025 Y-2.605 E0.01173
G1 F1500 X-21.131 Y-0.032 E0.05139
G1 X-20.888 Y2.114 E0.0431
G1 F1800 X-20.851 Y2.552 E0.01096
G1 X-20.34 Y3.951 E0.03715
G1 X-20.338 Y3.958 E0.00018
G1 X-20.018 Y4.888 E0.02453
G1 X-16.05 Y4.8 E0.09901
G0 F7200 X-15.85 Y4.798
G0 X-15.858 Y4.097
G0 X-17.63 Y2.44
G0 X-17.902 Y2.497
;TYPE:SKIN
G1 F1800 X-17.374 Y4.046 E0.04082
G1 X-19.464 Y4.093 E0.05215
G1 X-20.082 Y2.381 E0.0454
G1 X-20.104 Y2.096 E0.00713
G1 X-20.347 Y-0.068 E0.05432
G1 X-20.249 Y-2.457 E0.05964
G1 X-20.131 Y-2.788 E0.00877
G1 X-19.724 Y-4.135 E0.0351
G1 X-17.581 Y-4.064 E0.05349
G1 X-18.007 Y-2.516 E0.04005
G1 X-18.104 Y-0.028 E0.06211
G1 X-18.037 Y0.585 E0.01538
G1 X-17.902 Y2.497 E0.04781
G0 F7200 X-17.63 Y2.44
G0 X-17.286 Y3.442
G0 X-17.738 Y3.596
G1 F1800 X-18.003 Y3.861 E0.00935
G0 F7200 X-18.581 Y3.874
G1 F1800 X-17.882 Y3.174 E0.02468
G0 F7200 X-18.026 Y2.753
G1 F1800 X-19.16 Y3.886 E0.03999
G0 F7200 X-19.431 Y3.592
G1 F1800 X-18.119 Y2.28 E0.04628
G0 F7200 X-18.156 Y1.751
G1 F1800 X-19.582 Y3.177 E0.05031
G0 F7200 X-19.732 Y2.761
G1 F1800 X-18.193 Y1.223 E0.05427
G0 F7200 X-18.231 Y0.694
G1 F1800 X-19.882 Y2.346 E0.05826
G0 F7200 X-19.932 Y1.83
G1 F1800 X-18.282 Y0.18 E0.05821
G0 F7200 X-18.291 Y-.377
G1 F1800 X-19.989 Y1.322 E0.05992
G0 F7200 X-20.046 Y0.812
G1 F1800 X-18.268 Y-.965 E0.06271
G0 F7200 X-18.245 Y-1.554
G1 F1800 X-20.103 Y0.304 E0.06555
G0 F7200 X-20.139 Y-.226
G1 F1800 X-18.222 Y-2.143 E0.06763
G0 F7200 X-18.137 Y-2.793
G1 F1800 X-20.115 Y-.815 E0.06978
G0 F7200 X-20.091 Y-1.405
G1 F1800 X-17.924 Y-3.572 E0.07645
G0 F7200 X-18.178 Y-3.883
G1 F1800 X-20.067 Y-1.995 E0.06662
G0 F7200 X-19.961 Y-2.666
G1 F1800 X-18.726 Y-3.902 E0.04359
G0 F7200 X-19.273 Y-3.92
G1 F1800 X-19.712 Y-3.481 E0.01549
G0 F7200 X-20.174 Y-3.618
G0 X-17.317 Y-4.261
G0 X-2.084 Y2.425
G0 X-1.901 Y2.21
G1 F1800 X-2.371 Y1.581 E0.01959
G1 X-3.034 Y0.139 E0.03959
G1 X-3.002 Y-.72 E0.02144
G1 X-1.6 Y-2.176 E0.05042
G1 X0.041 Y-2.989 E0.04568
G1 X1.275 Y-2.286 E0.03543
G1 X1.774 Y-1.805 E0.01729
G1 X2.52 Y-.221 E0.04368
G1 X1.472 Y2.157 E0.06482
G1 X0.062 Y3.086 E0.04212
G1 X-.892 Y3.061 E0.02381
G1 X-1.901 Y2.21 E0.03293
G0 F7200 X-2.083 Y2.426
G0 X-.972 Y3.278
G0 X0.127 Y3.306
G0 X1.644 Y2.305
G0 X2.149 Y1.31
G0 X1.711 Y1.117
G1 F1800 X-0.054 Y2.882 E0.06227
G0 F7200 X-.606 Y2.869
G1 F1800 X2.157 Y0.106 E0.09747
G0 F7200 X2.176 Y-.479
G1 F1800 X-1.006 Y2.703 E0.11225
G0 F7200 X-1.313 Y2.444
G1 F1800 X1.995 Y-.864 E0.1167
G0 F7200 X1.814 Y-1.249
G1 F1800 X-1.62 Y2.186 E0.12116
G0 F7200 X-1.889 Y1.889
G1 F1800 X1.634 Y-1.634 E0.12428
G0 F7200 X1.361 Y-1.927
G1 F1800 X-2.131 Y1.566 E0.12321
G0 F7200 X-2.327 Y1.196
G1 F1800 X1.052 Y-2.184 E0.11922
G0 F7200 X0.692 Y-2.389
G1 F1800 X-2.505 Y0.808 E0.11278
G0 F7200 X-2.684 Y0.421
G1 F1800 X0.332 Y-2.594 E0.10638
G0 F7200 X-.163 Y-2.666
G1 F1800 X-2.828 Y0.00 E0.09403
G0 F7200 X-2.807 Y-.588
G1 F1800 X-1.286 Y-2.109 E0.05366
G1 X-1.216 Y-2.179
G0 F7200 X-1.414 Y-2.582
G0 X0.052 Y-3.233
G0 X18.2 Y-0.033
G0 X18.476 Y-0.014
G1 F1800 X18.369 Y-.851 E0.02105
G1 X18.195 Y-2.503 E0.04144
G1 X17.685 Y-4.093 E0.04165
G1 X19.802 Y-4.133 E0.05282
G1 X20.344 Y-2.419 E0.04484
G1 X20.565 Y-.824 E0.04017
G1 X20.753 Y0.016 E0.02147
G1 X20.617 Y1.304 E0.03231
G1 X20.439 Y2.368 E0.02691
G1 X20.034 Y4.075 E0.04376
G1 X17.938 Y4.022 E0.0523
G1 X18.26 Y2.472 E0.03949
G1 X18.387 Y0.844 E0.04073
G1 X18.476 Y-0.014 E0.02152
G0 F7200 X18.2 Y-0.033
G0 X17.523 Y-3.691
G0 X17.978 Y-3.836
G1 F1800 X18.043 Y-3.9 E0.00228
G0 F7200 X18.115 Y-3.407
G1 F1800 X18.619 Y-3.911 E0.01778
G0 F7200 X19.195 Y-3.922
G1 F1800 X18.251 Y-2.978 E0.0333
G0 F7200 X18.388 Y-2.548
G1 F1800 X19.683 Y-3.844 E0.0457
G0 F7200 X19.819 Y-3.414
G1 F1800 X18.445 Y-2.04 E0.04847
G0 F7200 X18.499 Y-1.529
G1 F1800 X19.955 Y-2.984 E0.05135
G0 F7200 X20.09 Y-2.554
G1 F1800 X18.553 Y-1.017 E0.05422
G0 F7200 X18.615 Y-.513
G1 F1800 X20.187 Y-2.085 E0.05546
G0 F7200 X20.256 Y-1.589
G1 F1800 X18.672 Y-0.004 E0.0559
G0 F7200 X18.61 Y0.624
G1 F1800 X20.326 Y-1.092 E0.06054
G0 F7200 X20.409 Y-.61
G1 F1800 X18.556 Y1.243 E0.06537
G0 F7200 X18.506 Y1.858
G1 F1800 X20.512 Y-.147 E0.07075
G0 F7200 X20.509 Y0.421
G1 F1800 X18.458 Y2.473 E0.07237
G0 F7200 X18.319 Y3.177
G1 F1800 X20.442 Y1.054 E0.07489
G0 F7200 X20.345 Y1.717
G1 F1800 X18.233 Y3.829 E0.07451
G0 F7200 X18.784 Y3.843
G1 F1800 X20.225 Y2.403 E0.05082
G0 F7200 X20.049 Y3.145
G1 F1800 X19.336 Y3.857 E0.02514
G1 X19.266 Y3.927
;MESH:NONMESH
G0 F600 X19.266 Y3.927 Z12.5
G0 F7200 X17.735 Y3.877
G0 X1.98 Y1.694
G0 X1.467 Y1.467
;TIME_ELAPSED:871.140049
;LAYER:82
;TYPE:FILL
;MESH:pi 3mm_deformed_tet (6).stl
G1 F3600 X3.936 Y3.936 E0.0871
G1 X4.006 Y4.006
G0 F7200 X4.002 Y3.795
G0 X7.197 Y3.975
G0 X7.198 Y4.116
G1 F3600 X15.59 Y-4.276 E0.29605
G1 X15.66 Y-4.346
G0 F7200 X15.66 Y-4.137
G0 X15.507 Y4.054
G0 X15.506 Y4.192
G1 F3600 X7.106 Y-4.207 E0.29632
G1 X7.036 Y-4.277
G0 F7200 X7.04 Y-4.068
G0 X4.004 Y-3.866
G0 X4.006 Y-4.006
G1 F3600 X1.616 Y-1.616 E0.08431
G1 X1.546 Y-1.546
G0 F7200 X1.756 Y-1.644
G0 X0.924 Y-2.398
G0 X0.061 Y-2.882
G0 X-.908 Y-2.41
G0 X-1.717 Y-1.714
G0 X-1.616 Y-1.616
G1 F3600 X-3.923 Y-3.923 E0.08139
G1 X-3.993 Y-3.993
G0 F7200 X-3.991 Y-3.781
G0 X-7.202 Y-3.982
G0 X-7.196 Y-4.118
G1 F3600 X-15.543 Y4.229 E0.29446
G1 X-15.613 Y4.299
G0 F7200 X-15.615 Y4.09
G0 X-7.182 Y3.996
G0 X-7.181 Y4.133
G1 F3600 X-15.539 Y-4.225 E0.29485
G1 X-15.609 Y-4.295
G0 F7200 X-15.612 Y-4.089
G0 X-3.961 Y3.818
G0 X-3.953 Y3.953
G1 F3600 X-1.77 Y1.77 E0.07701
G1 X-1.7 Y1.7
G0 F7200 X-1.891 Y1.841
G0 X-16.482 Y4.102
G0 X-16.476 Y4.4
;TYPE:WALL-INNER
G1 F3600 X-13.549 Y4.364 E0.07302
G1 X-12.91 Y4.384 E0.01595
G1 X-10.786 Y4.36 E0.05299
G1 X-9.935 Y4.367 E0.02123
G1 X-7.905 Y4.304 E0.05066
G1 X-7.068 Y4.292 E0.02088
G1 X-4.934 Y4.129 E0.05339
G1 X-4.164 Y4.128 E0.01921
G1 X-1.936 Y3.981 E0.0557
G1 X-1.333 Y3.988 E0.01504
G1 X0.616 Y3.964 E0.04862
G1 X1.293 Y3.977 E0.01689
G1 X3.049 Y4.119 E0.04395
G1 X4.091 Y4.092 E0.026
G1 X5.861 Y4.256 E0.04434
G1 X7.145 Y4.276 E0.03203
G1 X8.292 Y4.264 E0.02861
G1 X10.088 Y4.336 E0.04484
G1 X12.977 Y4.368 E0.07207
G1 X13.719 Y4.344 E0.01852
G1 X16.244 Y4.356 E0.06299
G1 X20.746 Y4.471 E0.11234
G1 X20.776 Y4.472 E0.00075
G1 X20.884 Y3.952 E0.01325
G1 X21.243 Y2.445 E0.03864
G1 X21.505 Y0.867 E0.0399
G1 X21.596 Y0.003 E0.02167
G1 X21.301 Y-1.329 E0.03403
G1 X21.14 Y-2.494 E0.02934
G1 X21.12 Y-2.558 E0.00167
G1 X20.494 Y-4.519 E0.05135
G1 X16.161 Y-4.44 E0.10811
G1 X13.603 Y-4.42 E0.06381
G1 X12.911 Y-4.443 E0.01727
G1 X10.074 Y-4.432 E0.07077
G1 X8.266 Y-4.356 E0.04514
G1 X7.076 Y-4.368 E0.02969
G1 X5.873 Y-4.34 E0.03002
G1 X4.094 Y-4.164 E0.04459
G1 X3.054 Y-4.183 E0.02595
G1 X1.303 Y-4.072 E0.04377
G1 X-.686 Y-3.984 E0.04966
G1 X-1.406 Y-3.964 E0.01797
G1 X-3.324 Y-4.091 E0.04795
G1 X-4.164 Y-4.08 E0.02096
G1 X-6.139 Y-4.264 E0.04948
G1 X-7.078 Y-4.273 E0.02342
G1 X-9.032 Y-4.356 E0.04879
G1 X-10.005 Y-4.363 E0.02427
G1 X-12.877 Y-4.348 E0.07164
G1 X-16.046 Y-4.392 E0.07906
G1 X-20.42 Y-4.522 E0.10916
G1 X-20.802 Y-3.246 E0.03323
G1 X-20.853 Y-3.103 E0.00379
G1 X-21.059 Y-2.524 E0.01533
G1 F1500 X-21.162 Y-0.046 E0.04949
G1 F3600 X-20.982 Y1.545 E0.03994
G1 X-20.904 Y2.464 E0.02301
G1 X-20.684 Y3.087 E0.01648
G1 X-20.169 Y4.482 E0.03709
G1 X-20.158 Y4.482 E0.00027
G1 X-16.476 Y4.4 E0.09187
G0 F7200 X-16.471 Y4.8
;TYPE:WALL-OUTER
G1 F1800 X-13.561 Y4.764 E0.0726
G1 X-12.914 Y4.784 E0.01615
G1 X-10.79 Y4.76 E0.05299
G1 X-9.931 Y4.767 E0.02143
G1 X-7.899 Y4.704 E0.05071
G1 X-7.05 Y4.692 E0.02118
G1 X-4.904 Y4.528 E0.05369
G1 X-4.151 Y4.528 E0.01878
G1 X-1.91 Y4.38 E0.05602
G1 X-1.328 Y4.388 E0.01452
G1 X0.608 Y4.364 E0.0483
G1 X1.261 Y4.376 E0.01629
G1 X3.038 Y4.519 E0.04447
G1 X4.087 Y4.492 E0.02618
G1 X5.839 Y4.656 E0.04389
G1 X7.149 Y4.676 E0.03268
G1 X8.276 Y4.664 E0.02811
G1 X10.078 Y4.736 E0.04499
G1 X12.981 Y4.768 E0.07242
G1 X13.717 Y4.744 E0.01837
G1 X16.234 Y4.756 E0.06279
G1 X20.652 Y4.87 E0.11024
G1 X21.099 Y4.882 E0.01115
G1 X21.273 Y4.045 E0.02133
G1 X21.635 Y2.524 E0.039
G1 X21.901 Y0.921 E0.04053
G1 X22.001 Y-0.02 E0.02361
G1 X21.697 Y-1.384 E0.03486
G1 X21.532 Y-2.583 E0.03019
G1 X21.382 Y-3.052 E0.01228
G1 X21.061 Y-4.056 E0.02629
G1 X20.991 Y-4.276 E0.00576
G1 X20.802 Y-4.925 E0.01686
G1 X20.374 Y-4.917 E0.01068
G1 X16.158 Y-4.84 E0.10519
G1 X13.617 Y-4.82 E0.06339
G1 X12.917 Y-4.843 E0.01747
G1 X10.065 Y-4.832 E0.07114
G1 X8.237 Y-4.756 E0.04564
G1 X7.074 Y-4.768 E0.02901
G1 X5.849 Y-4.74 E0.03057
G1 X4.08 Y-4.564 E0.04435
G1 X3.045 Y-4.583 E0.02582
G1 X1.285 Y-4.472 E0.04399
G1 X-.698 Y-4.384 E0.04951
G1 X-1.41 Y-4.364 E0.01777
G1 X-3.314 Y-4.491 E0.0476
G1 X-4.163 Y-4.48 E0.02118
G1 X-6.119 Y-4.664 E0.04901
G1 X-7.061 Y-4.673 E0.0235
G1 X-9.022 Y-4.756 E0.04896
G1 X-10.007 Y-4.763 E0.02457
G1 X-12.871 Y-4.748 E0.07144
G1 X-16.034 Y-4.792 E0.07891
G1 X-20.716 Y-4.931 E0.11684
G1 X-21.091 Y-3.676 E0.03267
G1 X-21.179 Y-3.38 E0.0077
G1 X-21.457 Y-2.601 E0.02063
G1 F1500 X-21.563 Y-0.032 E0.05131
G1 F1800 X-21.38 Y1.579 E0.04045
G1 X-21.298 Y2.549 E0.02428
G1 X-21.059 Y3.225 E0.01789
G1 X-20.445 Y4.888 E0.04422
G1 X-20.022 Y4.879 E0.01055
G1 X-16.471 Y4.8 E0.0886
G0 F7200 X-16.271 Y4.798
G0 X-16.279 Y4.098
G0 X-18.047 Y2.436
G0 X-18.322 Y2.491
;TYPE:SKIN
G1 F1800 X-17.787 Y4.046 E0.04102
G1 X-19.905 Y4.092 E0.05285
G1 X-20.527 Y2.384 E0.04534
G1 X-20.596 Y1.559 E0.02065
G1 X-20.779 Y-0.068 E0.04084
G1 X-20.681 Y-2.452 E0.05952
G1 X-20.44 Y-3.119 E0.01769
G1 X-20.139 Y-4.131 E0.02634
G1 X-18.017 Y-4.067 E0.05296
G1 X-18.436 Y-2.54 E0.0395
G1 X-18.54 Y-0.033 E0.06259
G1 X-18.43 Y0.969 E0.02515
G1 X-18.322 Y2.491 E0.03806
G1 F4200 E-3.5
G1 F600 Z13
G0 F7200 X-17.75 Y2.376 Z13
G0 X-19.314 Y3.879
G1 F600 Z12.5
G1 F4200 E3.5
G1 F1800 X-20.032 Y3.161 E0.02533
G1 X-20.102 Y3.091
G0 F7200 X-20.334 Y2.293
G1 F1800 X-18.76 Y3.867 E0.05553
G0 F7200 X-18.207 Y3.855
G1 F1800 X-20.386 Y1.676 E0.07687
G0 F7200 X-20.453 Y1.043
G1 F1800 X-18.286 Y3.21 E0.07645
G1 X-18.216 Y3.28
G0 F7200 X-18.53 Y2.401
G1 F1800 X-20.524 Y0.406 E0.07036
G0 F7200 X-20.573 Y-.209
G1 F1800 X-18.572 Y1.793 E0.07061
G0 F7200 X-18.615 Y1.184
G1 F1800 X-20.551 Y-.752 E0.0683
G0 F7200 X-20.529 Y-1.295
G1 F1800 X-18.675 Y0.559 E0.0654
G0 F7200 X-18.738 Y-0.071
G1 F1800 X-20.507 Y-1.839 E0.06239
G0 F7200 X-20.484 Y-2.382
G1 F1800 X-18.715 Y-.613 E0.06241
G0 F7200 X-18.692 Y-1.155
G1 F1800 X-20.341 Y-2.805 E0.05819
G0 F7200 X-20.2 Y-3.229
G1 F1800 X-18.669 Y-1.698 E0.05401
G0 F7200 X-18.646 Y-2.241
G1 F1800 X-20.07 Y-3.665 E0.05024
G0 F7200 X-19.758 Y-3.919
G1 F1800 X-18.586 Y-2.747 E0.04135
G0 F7200 X-18.465 Y-3.191
G1 F1800 X-19.175 Y-3.901 E0.02505
G0 F7200 X-18.592 Y-3.884
G1 F1800 X-18.342 Y-3.635 E0.0088
G0 F7200 X-17.883 Y-3.509
G0 X-.705 Y2.955
G0 X0.155 Y2.978
G0 X1.192 Y2.29
G0 X1.953 Y0.716
G0 X1.703 Y0.581
G1 F1800 X1.016 Y2.142 E0.04254
G1 X0.093 Y2.758 E0.02768
G1 X-.624 Y2.738 E0.01789
G1 X-1.285 Y2.181 E0.02156
G1 X-2.367 Y0.724 E0.04527
G1 X-2.634 Y0.154 E0.0157
G1 X-2.614 Y-.372 E0.01313
G1 X-.884 Y-2.176 E0.06235
G1 X0.053 Y-2.637 E0.02605
G1 X0.791 Y-2.218 E0.02117
G1 X1.494 Y-1.541 E0.02435
G1 X2.124 Y-.199 E0.03698
G1 X1.703 Y0.581 E0.02211
G0 F7200 X1.953 Y0.716
G0 X2.366 Y-.193
G0 X1.761 Y-.501
G1 F1800 X-0.083 Y-2.346 E0.06507
G0 F7200 X-.462 Y-2.16
G1 F1800 X1.758 Y0.061 E0.07833
G0 F7200 X1.559 Y0.428
G1 F1800 X-.822 Y-1.953 E0.084
G0 F7200 X-1.098 Y-1.664
G1 F1800 X1.381 Y0.815 E0.08745
G0 F7200 X1.208 Y1.208
G1 F1800 X-1.375 Y-1.375 E0.09112
G0 F7200 X-1.653 Y-1.087
G1 F1800 X1.035 Y1.601 E0.09483
G0 F7200 X0.863 Y1.994
G1 F1800 X-1.929 Y-.798 E0.0985
G0 F7200 X-2.206 Y-.509
G1 F1800 X0.529 Y2.226 E0.09648
G0 F7200 X0.19 Y2.452
G1 F1800 X-2.423 Y-.16 E0.09216
G1 X-2.493 Y-.23
G0 F7200 X-2.157 Y0.672
G1 F1800 X-.281 Y2.547 E0.06616
G1 X-.211 Y2.617
G0 F7200 X-.222 Y3.03
G0 X18.63 Y-0.028
G0 X18.908 Y-0.014
G1 F1800 X18.736 Y-1.284 E0.03197
G1 X18.611 Y-2.503 E0.03057
G1 X18.105 Y-4.092 E0.0416
G1 X20.222 Y-4.129 E0.05282
G1 X20.764 Y-2.411 E0.04494
G1 X20.921 Y-1.28 E0.02848
G1 X21.209 Y0.02 E0.03321
G1 X21.133 Y0.765 E0.01868
G1 X20.867 Y2.364 E0.04044
G1 X20.458 Y4.083 E0.04408
G1 X18.35 Y4.026 E0.0526
G1 X18.676 Y2.502 E0.03888
G1 X18.771 Y1.265 E0.03095
G1 X18.908 Y-0.014 E0.03209
G0 F7200 X18.63 Y-0.028
G0 X18.222 Y3.315
G0 X18.686 Y3.412
G1 F1800 X19.121 Y3.847 E0.01535
G0 F7200 X19.702 Y3.863
G1 F1800 X18.786 Y2.947 E0.03231
G0 F7200 X18.878 Y2.473
G1 F1800 X20.283 Y3.878 E0.04957
G0 F7200 X20.406 Y3.436
G1 F1800 X18.918 Y1.947 E0.05251
G0 F7200 X18.958 Y1.422
G1 F1800 X20.515 Y2.979 E0.05493
G0 F7200 X20.624 Y2.522
G1 F1800 X19.008 Y0.907 E0.05699
G0 F7200 X19.061 Y0.394
G1 F1800 X20.717 Y2.049 E0.0584
G0 F7200 X20.797 Y1.564
G1 F1800 X19.095 Y-.138 E0.06004
G0 F7200 X19.005 Y-.794
G1 F1800 X20.878 Y1.079 E0.06608
G0 F7200 X20.951 Y0.586
G1 F1800 X18.921 Y-1.443 E0.0716
G0 F7200 X18.856 Y-2.075
G1 F1800 X21.004 Y0.074 E0.07579
G0 F7200 X20.858 Y-.638
G1 F1800 X18.736 Y-2.76 E0.07486
G1 X18.666 Y-2.83
G0 F7200 X18.475 Y-3.587
G1 F1800 X20.709 Y-1.353 E0.07881
G0 F7200 X20.618 Y-2.01
G1 F1800 X18.725 Y-3.903 E0.06678
G0 F7200 X19.281 Y-3.912
G1 F1800 X20.449 Y-2.744 E0.0412
G1 X20.519 Y-2.674
G0 F7200 X20.189 Y-3.569
G1 F1800 X19.836 Y-3.922 E0.01245
;MESH:NONMESH
G0 F600 X19.836 Y-3.922 Z12.65
G0 F7200 X17.999 Y-3.671
G0 X1.654 Y1.393
G0 X1.187 Y1.187
;TIME_ELAPSED:889.262684
;LAYER:83
;TYPE:FILL
;MESH:pi 3mm_deformed_tet (6).stl
G1 F3600 X3.956 Y3.956 E0.09768
G1 X4.026 Y4.026
G0 F7200 X4.022 Y3.816
G0 X7.19 Y3.984
G0 X7.19 Y4.124
G1 F3600 X15.582 Y-4.268 E0.29605
G1 X15.652 Y-4.338
G0 F7200 X15.652 Y-4.13
G0 X15.502 Y4.049
G0 X15.501 Y4.187
G1 F3600 X7.098 Y-4.216 E0.29644
G1 X7.028 Y-4.286
G0 F7200 X7.032 Y-4.075
G0 X4.024 Y-3.885
G0 X4.026 Y-4.026
G1 F3600 X1.343 Y-1.343 E0.09465
G1 X1.273 Y-1.273
G0 F7200 X1.483 Y-1.371
G0 X0.019 Y-2.72
G0 X-1.416 Y-1.42
G0 X-1.32 Y-1.32
G1 F3600 X-3.944 Y-3.944 E0.09257
G1 X-4.014 Y-4.014
G0 F7200 X-4.012 Y-3.803
G0 X-7.195 Y-3.988
G0 X-7.189 Y-4.125
G1 F3600 X-15.534 Y4.22 E0.29439
G1 X-15.604 Y4.29
G0 F7200 X-15.606 Y4.082
G0 X-7.175 Y4.003
G0 X-7.174 Y4.14
G1 F3600 X-15.546 Y-4.233 E0.29536
G1 X-15.616 Y-4.303
G0 F7200 X-15.614 Y-4.096
G0 X-3.981 Y3.837
G0 X-3.973 Y3.973
G1 F3600 X-1.421 Y1.421 E0.09003
G1 X-1.351 Y1.351
G0 F7200 X-1.531 Y1.506
G0 X-.585 Y2.63
G0 X18.388 Y4.106
G0 X18.385 Y4.243
G1 F3600 X18.627 Y4 E0.00855
G0 F7200 X18.492 Y3.969
G0 X8.463 Y3.974
G0 X8.452 Y4.272
;TYPE:WALL-INNER
G1 F3600 X10.091 Y4.336 E0.04092
G1 X12.965 Y4.368 E0.0717
G1 X13.823 Y4.34 E0.02141
G1 X16.327 Y4.352 E0.06246
G1 X21.188 Y4.468 E0.12129
G1 X21.221 Y4.469 E0.00082
G1 X21.448 Y3.376 E0.02785
G1 X21.671 Y2.445 E0.02388
G1 F1500 X22.065 Y0.062 E0.0482
G1 F3600 X21.665 Y-1.736 E0.04595
G1 X21.56 Y-2.486 E0.01889
G1 X21.541 Y-2.547 E0.00159
G1 X21.22 Y-3.563 E0.02658
G1 X21.192 Y-3.658 E0.00247
G1 X20.941 Y-4.515 E0.02228
G1 X20.924 Y-4.515 E0.00042
G1 X16.248 Y-4.432 E0.11666
G1 X13.703 Y-4.416 E0.06349
G1 X12.902 Y-4.443 E0.01999
G1 X10.074 Y-4.432 E0.07055
G1 X8.425 Y-4.364 E0.04117
G1 X7.096 Y-4.376 E0.03315
G1 X5.741 Y-4.344 E0.03381
G1 X4.116 Y-4.184 E0.04073
G1 X2.93 Y-4.203 E0.02959
G1 X1.316 Y-4.104 E0.04034
G1 X-.53 Y-4.02 E0.0461
G1 X-1.452 Y-4.001 E0.023
G1 X-3.207 Y-4.115 E0.04387
G1 X-4.192 Y-4.1 E0.02457
G1 X-6.015 Y-4.272 E0.04568
G1 X-7.09 Y-4.28 E0.02682
G1 X-8.888 Y-4.356 E0.04489
G1 X-10.001 Y-4.368 E0.02777
G1 X-12.862 Y-4.352 E0.07137
G1 X-15.66 Y-4.395 E0.0698
G1 X-16.007 Y-4.388 E0.00866
G1 X-17.23 Y-4.418 E0.03052
G1 X-20.13 Y-4.512 E0.07238
G1 X-20.834 Y-4.524 E0.01756
G1 X-21.104 Y-3.613 E0.0237
G1 X-21.162 Y-3.451 E0.00429
G1 X-21.492 Y-2.52 E0.02464
G1 F1500 X-21.598 Y-0.05 E0.04934
G1 F3600 X-21.478 Y1.004 E0.02646
G1 X-21.353 Y2.46 E0.03645
G1 X-21.016 Y3.412 E0.02519
G1 X-20.621 Y4.479 E0.02838
G1 X-20.6 Y4.479 E0.00052
G1 X-16.064 Y4.385 E0.11318
G1 X-13.653 Y4.36 E0.06015
G1 X-12.886 Y4.384 E0.01914
G1 X-10.924 Y4.36 E0.04895
G1 X-9.935 Y4.372 E0.02467
G1 X-8.068 Y4.312 E0.0466
G1 X-7.079 Y4.3 E0.02467
G1 X-5.118 Y4.149 E0.04906
G1 X-4.188 Y4.148 E0.0232
G1 X-2.08 Y4.012 E0.05269
G1 X-1.32 Y4.016 E0.01896
G1 X0.46 Y3.996 E0.04441
G1 X1.3 Y4.014 E0.02096
G1 X2.92 Y4.143 E0.04054
G1 X4.116 Y4.112 E0.02984
G1 X5.733 Y4.264 E0.04051
G1 X7.164 Y4.284 E0.0357
G1 X8.452 Y4.272 E0.03213
G0 F7200 X8.463 Y3.974
G0 X0.455 Y3.759
G0 X-16.067 Y4.087
G0 X-16.06 Y4.785
;TYPE:WALL-OUTER
G1 F1800 X-13.665 Y4.76 E0.05975
G1 X-12.89 Y4.784 E0.01934
G1 X-10.929 Y4.76 E0.04892
G1 X-9.931 Y4.772 E0.0249
G1 X-8.063 Y4.712 E0.04662
G1 X-7.061 Y4.7 E0.025
G1 X-5.088 Y4.548 E0.04936
G1 X-4.175 Y4.548 E0.02277
G1 X-2.098 Y4.412 E0.05192
G1 X-1.316 Y4.416 E0.01951
G1 X0.452 Y4.396 E0.04411
G1 X1.268 Y4.412 E0.02036
G1 X2.91 Y4.543 E0.04109
G1 X4.111 Y4.512 E0.02997
G1 X5.711 Y4.664 E0.04009
G1 X7.168 Y4.684 E0.03635
G1 X8.436 Y4.672 E0.03163
G1 X10.081 Y4.736 E0.04107
G1 X12.969 Y4.768 E0.07205
G1 X13.821 Y4.74 E0.02126
G1 X16.317 Y4.752 E0.06226
G1 X20.825 Y4.864 E0.11249
G1 X21.104 Y4.867 E0.00696
G1 X21.545 Y4.873 E0.011
G1 X21.837 Y3.469 E0.03577
G1 X22.063 Y2.524 E0.02424
G1 F1500 X22.472 Y0.05 E0.05004
G1 F1800 X22.061 Y-1.792 E0.04708
G1 X21.952 Y-2.575 E0.01972
G1 X21.804 Y-3.044 E0.01227
G1 X21.697 Y-3.381 E0.00882
G1 X21.604 Y-3.675 E0.00769
G1 X21.239 Y-4.921 E0.03239
G1 X20.808 Y-4.913 E0.01075
G1 X16.246 Y-4.832 E0.11382
G1 X13.717 Y-4.816 E0.06309
G1 X12.908 Y-4.843 E0.02019
G1 X10.065 Y-4.832 E0.07092
G1 X8.398 Y-4.764 E0.04162
G1 X7.094 Y-4.776 E0.03253
G1 X5.717 Y-4.744 E0.03436
G1 X4.1 Y-4.584 E0.04053
G1 X2.921 Y-4.603 E0.02941
G1 X1.298 Y-4.504 E0.04056
G1 X-.539 Y-4.42 E0.04587
G1 X-1.426 Y-4.4 E0.02213
G1 X-3.197 Y-4.515 E0.04427
G1 X-4.191 Y-4.5 E0.0248
G1 X-5.995 Y-4.672 E0.04521
G1 X-7.073 Y-4.68 E0.02689
G1 X-8.878 Y-4.756 E0.04507
G1 X-10.003 Y-4.768 E0.02806
G1 X-12.856 Y-4.752 E0.07117
G1 X-15.668 Y-4.795 E0.07015
G1 X-15.997 Y-4.788 E0.00821
G1 X-17.217 Y-4.818 E0.03044
G1 X-20.123 Y-4.912 E0.07253
G1 X-21.131 Y-4.929 E0.02515
G1 X-21.409 Y-3.992 E0.02438
G1 X-21.491 Y-3.717 E0.00716
G1 X-21.889 Y-2.597 E0.02965
G1 F1500 X-21.999 Y-0.036 E0.05115
G1 F1800 X-21.876 Y1.038 E0.02697
G1 X-21.747 Y2.545 E0.03773
G1 X-21.383 Y3.572 E0.02718
G1 X-20.897 Y4.885 E0.03492
G1 X-20.453 Y4.876 E0.01108
G1 X-16.06 Y4.785 E0.10961
G0 F7200 X-15.86 Y4.783
G0 X-15.867 Y4.085
G0 X-18.464 Y2.432
G0 X-18.738 Y2.489
;TYPE:SKIN
G1 F1800 X-18.206 Y4.045 E0.04102
G1 X-20.358 Y4.089 E0.05369
G1 X-20.648 Y3.309 E0.02076
G1 X-20.975 Y2.377 E0.02464
G1 X-21.092 Y1.018 E0.03403
G1 X-21.215 Y-0.071 E0.02734
G1 X-21.113 Y-2.449 E0.05937
G1 X-20.739 Y-3.496 E0.02773
G1 X-20.55 Y-4.137 E0.01667
G1 X-18.452 Y-4.076 E0.05236
G1 X-18.874 Y-2.538 E0.03978
G1 X-18.971 Y-0.013 E0.06303
G1 X-18.817 Y1.356 E0.03437
G1 X-18.738 Y2.489 E0.02833
G0 F7200 X-18.464 Y2.432
G0 X-18.049 Y3.641
G0 X-18.504 Y3.796
G1 F1800 X-18.561 Y3.853 E0.00201
G0 F7200 X-18.647 Y3.374
G1 F1800 X-19.138 Y3.864 E0.0173
G0 F7200 X-19.716 Y3.876
G1 F1800 X-18.791 Y2.952 E0.03261
G0 F7200 X-18.936 Y2.531
G1 F1800 X-20.24 Y3.835 E0.046
G0 F7200 X-20.392 Y3.422
G1 F1800 X-18.973 Y2.003 E0.05006
G0 F7200 X-19.01 Y1.474
G1 F1800 X-20.542 Y3.006 E0.05405
G0 F7200 X-20.689 Y2.587
G1 F1800 X-19.064 Y0.962 E0.05733
G0 F7200 X-19.121 Y0.453
G1 F1800 X-20.795 Y2.128 E0.05907
G0 F7200 X-20.84 Y1.607
G1 F1800 X-19.167 Y-0.066 E0.05902
G0 F7200 X-19.145 Y-.654
G1 F1800 X-20.885 Y1.086 E0.06138
G0 F7200 X-20.94 Y0.576
G1 F1800 X-19.122 Y-1.242 E0.06413
G0 F7200 X-19.1 Y-1.831
G1 F1800 X-20.997 Y0.066 E0.06692
G0 F7200 X-20.995 Y-.501
G1 F1800 X-19.078 Y-2.418 E0.06763
G0 F7200 X-18.914 Y-3.148
G1 F1800 X-20.971 Y-1.091 E0.07257
G0 F7200 X-20.945 Y-1.682
G1 F1800 X-18.742 Y-3.886 E0.07773
G0 F7200 X-19.291 Y-3.902
G1 F1800 X-20.92 Y-2.273 E0.05747
G1 X-20.99 Y-2.203
G0 F7200 X-20.673 Y-3.086
G1 F1800 X-19.84 Y-3.919 E0.02939
G1 X-19.77 Y-3.989
G0 F7200 X-18.296 Y-3.784
G0 X-1.336 Y1.731
G0 X-1.115 Y1.556
G1 F1800 X-2.465 Y-0.004 E0.05146
G1 X0.018 Y-2.429 E0.08658
G1 X1.214 Y-1.281 E0.04135
G1 X1.744 Y-.147 E0.03122
G1 X0.767 Y1.669 E0.05144
G1 X0.564 Y2.133 E0.01263
G1 X0.118 Y2.426 E0.01331
G1 X-.474 Y2.414 E0.01477
G1 X-1.115 Y1.556 E0.02672
G0 F7200 X-1.336 Y1.731
G0 X-.585 Y2.63
G0 X0.682 Y2.319
G0 X0.515 Y1.748
G1 F1800 X0.037 Y2.225 E0.01685
G0 F7200 X-.434 Y2.131
G1 F1800 X1.136 Y0.561 E0.05539
G1 X1.206 Y0.491
G0 F7200 X1.445 Y-.313
G1 F1800 X-.676 Y1.807 E0.07481
G0 F7200 X-.918 Y1.484
G1 F1800 X1.265 Y-.699 E0.07701
G0 F7200 X1.085 Y-1.085
G1 F1800 X-1.177 Y1.177 E0.0798
G0 F7200 X-1.44 Y0.874
G1 F1800 X0.819 Y-1.385 E0.07969
G0 F7200 X0.53 Y-1.661
G1 F1800 X-1.702 Y0.571 E0.07874
G0 F7200 X-1.964 Y0.267
G1 F1800 X0.241 Y-1.938 E0.07779
G1 X0.311 Y-2.008
G0 F7200 X0.576 Y-2.283
G0 X19.061 Y-0.024
G0 X19.34 Y-0.037
G1 F1800 X19.121 Y-1.642 E0.04041
G1 X19.027 Y-2.507 E0.0217
G1 X18.525 Y-4.092 E0.04147
G1 X20.655 Y-4.129 E0.05314
G1 X20.864 Y-3.423 E0.01837
G1 X21.184 Y-2.403 E0.02667
G1 X21.288 Y-1.672 E0.01842
G1 X21.676 Y0.074 E0.04462
G1 X21.287 Y2.399 E0.0588
G1 X21.081 Y3.253 E0.02191
G1 X20.913 Y4.08 E0.02105
G1 X18.763 Y4.029 E0.05365
G1 X18.891 Y3.478 E0.01411
G1 X19.092 Y2.505 E0.02478
G1 X19.159 Y1.674 E0.0208
G1 X19.34 Y-0.037 E0.04292
G0 F7200 X19.061 Y-0.024
G0 X18.433 Y-3.471
G0 X18.888 Y-3.614
G1 F1800 X19.177 Y-3.904 E0.01021
G0 F7200 X19.752 Y-3.913
G1 F1800 X19.024 Y-3.185 E0.02568
G0 F7200 X19.16 Y-2.756
G1 F1800 X20.328 Y-3.923 E0.04119
G0 F7200 X20.597 Y-3.627
G1 F1800 X19.252 Y-2.282 E0.04745
G0 F7200 X19.308 Y-1.772
G1 F1800 X20.731 Y-3.195 E0.0502
G0 F7200 X20.864 Y-2.762
G1 F1800 X19.373 Y-1.271 E0.0526
G0 F7200 X19.441 Y-.774
G1 F1800 X20.993 Y-2.325 E0.05473
G0 F7200 X21.064 Y-1.831
G1 F1800 X19.508 Y-.275 E0.05489
G0 F7200 X19.504 Y0.295
G1 F1800 X21.154 Y-1.355 E0.05821
G0 F7200 X21.256 Y-.892
G1 F1800 X19.438 Y0.927 E0.06415
G0 F7200 X19.372 Y1.558
G1 F1800 X21.359 Y-.429 E0.0701
G0 F7200 X21.461 Y0.035
G1 F1800 X19.318 Y2.178 E0.0756
G0 F7200 X19.226 Y2.835
G1 F1800 X21.369 Y0.692 E0.0756
G0 F7200 X21.256 Y1.371
G1 F1800 X19.074 Y3.553 E0.07698
G0 F7200 X19.349 Y3.844
G1 F1800 X21.142 Y2.051 E0.06325
G0 F7200 X20.993 Y2.766
G1 F1800 X19.902 Y3.857 E0.03849
G0 F7200 X20.454 Y3.87
G1 F1800 X20.826 Y3.498 E0.01312
G1 F4200 E-3.5
G1 F600 Z13.15
;MESH:NONMESH
G0 F7200 X0.957 Y0.957 Z13.15
;TIME_ELAPSED:907.571529
;LAYER:84
;MESH:pi 3mm_deformed_tet (6).stl
G0 X0.957 Y0.957 Z13.3
;TYPE:FILL
G1 F600 Z12.8
G1 F4200 E3.5
G1 F3600 X3.975 Y3.975 E0.10647
G1 X4.045 Y4.045
G0 F7200 X4.041 Y3.836
G0 X7.181 Y3.992
G0 X7.181 Y4.132
G1 F3600 X15.578 Y-4.264 E0.29621
G1 X15.648 Y-4.334
G0 F7200 X15.648 Y-4.124
G0 X18.329 Y-4.164
G0 X18.328 Y-4.3
G1 F3600 X18.914 Y-3.714 E0.02067
G1 X18.984 Y-3.644
G0 F7200 X18.807 Y-3.589
G0 X19.021 Y3.44
G0 X19.156 Y3.471
G1 F3600 X18.394 Y4.233 E0.02688
G1 X18.324 Y4.303
G0 F7200 X18.329 Y4.096
G0 X15.498 Y4.044
G0 X15.497 Y4.183
G1 F3600 X7.091 Y-4.223 E0.29654
G1 X7.021 Y-4.293
G0 F7200 X7.025 Y-4.081
G0 X4.04 Y-3.905
G0 X4.042 Y-4.042
G1 F3600 X1.071 Y-1.071 E0.10481
G1 X1.001 Y-1.001
G0 F7200 X1.21 Y-1.098
G0 X-0.064 Y-2.269
G0 X-1.23 Y-1.233
G0 X-1.133 Y-1.133
G1 F3600 X-3.964 Y-3.964 E0.09987
G1 X-4.034 Y-4.034
G0 F7200 X-4.032 Y-3.824
G0 X-7.187 Y-3.995
G0 X-7.181 Y-4.133
G1 F3600 X-15.529 Y4.215 E0.2945
G1 X-15.599 Y4.285
G0 F7200 X-15.601 Y4.076
G0 X-7.166 Y4.008
G0 X-7.165 Y4.149
G1 F3600 X-15.546 Y-4.232 E0.29566
G1 X-15.616 Y-4.302
G0 F7200 X-15.614 Y-4.092
G0 X-18.344 Y-4.145
G0 X-18.34 Y-4.288
G1 F3600 X-18.793 Y-3.835 E0.01598
G0 F7200 X-18.661 Y-3.794
G0 X-4.002 Y3.856
G0 X-3.994 Y3.994
G1 F3600 X-1.209 Y1.209 E0.09825
G1 X-1.139 Y1.139
G0 F7200 X-1.319 Y1.293
G0 X0.056 Y2.769
G0 X8.628 Y3.981
G0 X8.617 Y4.276
;TYPE:WALL-INNER
G1 F3600 X10.1 Y4.336 E0.03702
G1 X12.949 Y4.368 E0.07107
G1 X13.923 Y4.336 E0.02431
G1 X16.415 Y4.348 E0.06216
G1 X20.944 Y4.456 E0.11301
G1 X21.634 Y4.465 E0.01721
G1 X21.669 Y4.465 E0.00087
G1 X22.017 Y2.793 E0.0426
G1 X22.103 Y2.44 E0.00906
G1 F1500 X22.501 Y-0.002 E0.04938
G1 X22.03 Y-2.145 E0.04379
G1 F3600 X21.981 Y-2.48 E0.00845
G1 X21.962 Y-2.54 E0.00157
G1 X21.828 Y-2.963 E0.01107
G1 X21.782 Y-3.121 E0.0041
G1 X21.376 Y-4.512 E0.03615
G1 X21.36 Y-4.512 E0.0004
G1 X16.336 Y-4.428 E0.12534
G1 X13.807 Y-4.412 E0.06309
G1 X12.89 Y-4.443 E0.02289
G1 X10.079 Y-4.432 E0.07012
G1 X8.586 Y-4.368 E0.03728
G1 X7.116 Y-4.384 E0.03667
G1 X5.614 Y-4.348 E0.03748
G1 X4.138 Y-4.2 E0.037
G1 X2.802 Y-4.227 E0.03333
G1 X1.322 Y-4.132 E0.03699
G1 X-.367 Y-4.06 E0.04217
G1 X-1.468 Y-4.033 E0.02747
G1 X-3.087 Y-4.139 E0.04047
G1 X-4.215 Y-4.12 E0.02814
G1 X-5.895 Y-4.28 E0.0421
G1 X-7.092 Y-4.288 E0.02986
G1 X-8.743 Y-4.36 E0.04122
G1 X-9.993 Y-4.368 E0.03118
G1 X-12.85 Y-4.356 E0.07127
G1 X-15.416 Y-4.395 E0.06402
G1 X-15.971 Y-4.384 E0.01385
G1 X-21.244 Y-4.524 E0.13158
G1 X-21.426 Y-3.914 E0.01588
G1 X-21.484 Y-3.75 E0.00434
G1 X-21.924 Y-2.515 E0.0327
G1 F1500 X-22.03 Y-0.051 E0.04922
G1 F3600 X-21.97 Y0.47 E0.01308
G1 X-21.804 Y2.452 E0.04961
G1 F1500 X-21.075 Y4.479 E0.04299
G1 F3600 X-21.051 Y4.479 E0.0006
G1 X-16.335 Y4.384 E0.11766
G1 X-13.757 Y4.356 E0.06431
G1 X-12.865 Y4.384 E0.02226
G1 X-11.065 Y4.364 E0.0449
G1 X-9.927 Y4.376 E0.02839
G1 X-8.227 Y4.32 E0.04243
G1 X-7.091 Y4.308 E0.02834
G1 X-5.299 Y4.169 E0.04484
G1 X-4.212 Y4.168 E0.02712
G1 X-2.269 Y4.044 E0.04857
G1 X-1.347 Y4.048 E0.023
G1 X0.306 Y4.032 E0.04124
G1 X1.312 Y4.049 E0.0251
G1 X2.792 Y4.167 E0.03704
G1 X4.138 Y4.132 E0.03359
G1 X5.601 Y4.268 E0.03665
G1 X7.189 Y4.292 E0.03962
G1 X8.617 Y4.276 E0.03562
G0 F7200 X8.601 Y4.676
;TYPE:WALL-OUTER
G1 F1800 X10.09 Y4.736 E0.03717
G1 X12.953 Y4.768 E0.07142
G1 X13.921 Y4.736 E0.02416
G1 X16.405 Y4.748 E0.06196
G1 X20.938 Y4.856 E0.11311
G1 X21.55 Y4.864 E0.01527
G1 X21.993 Y4.869 E0.01105
G1 F1500 X22.405 Y2.888 E0.04038
G1 F1800 X22.495 Y2.52 E0.00945
G1 F1500 X22.908 Y-0.014 E0.05124
G1 X22.428 Y-2.188 E0.04443
G1 F1800 X22.372 Y-2.57 E0.00963
G1 X22.212 Y-3.075 E0.01321
G1 X21.674 Y-4.917 E0.04787
G1 X21.243 Y-4.91 E0.01075
G1 X16.334 Y-4.828 E0.12247
G1 X13.821 Y-4.812 E0.06269
G1 X12.896 Y-4.843 E0.02309
G1 X10.069 Y-4.832 E0.07052
G1 X8.557 Y-4.768 E0.03775
G1 X7.114 Y-4.784 E0.036
G1 X5.589 Y-4.748 E0.03805
G1 X4.134 Y-4.6 E0.03648
G1 X2.793 Y-4.627 E0.03346
G1 X1.305 Y-4.532 E0.03719
G1 X-.378 Y-4.46 E0.04202
G1 X-1.442 Y-4.432 E0.02655
G1 X-3.077 Y-4.539 E0.04087
G1 X-4.216 Y-4.52 E0.02842
G1 X-5.875 Y-4.68 E0.04158
G1 X-7.075 Y-4.688 E0.02993
G1 X-8.733 Y-4.76 E0.0414
G1 X-9.995 Y-4.768 E0.03148
G1 X-12.844 Y-4.756 E0.07107
G1 X-15.424 Y-4.795 E0.06437
G1 X-15.961 Y-4.784 E0.0134
G1 X-20.851 Y-4.919 E0.12203
G1 X-21.542 Y-4.929 E0.01724
G1 X-21.72 Y-4.326 E0.01568
G1 X-21.803 Y-4.048 E0.00724
G1 X-22.321 Y-2.593 E0.03853
G1 F1500 X-22.431 Y-0.036 E0.05107
G1 F1800 X-22.368 Y0.503 E0.01354
G1 F1500 X-22.198 Y2.537 E0.04073
G1 F1800 X-21.715 Y3.9 E0.03607
G1 X-21.353 Y4.882 E0.02611
G1 X-20.904 Y4.878 E0.0112
G1 X-20.72 Y4.876 E0.00459
G1 X-16.331 Y4.784 E0.10951
G1 X-13.769 Y4.756 E0.06391
G1 X-12.869 Y4.784 E0.02246
G1 X-11.069 Y4.764 E0.0449
G1 X-9.923 Y4.776 E0.02859
G1 X-8.223 Y4.72 E0.04243
G1 X-7.073 Y4.708 E0.02869
G1 X-5.268 Y4.568 E0.04516
G1 X-4.199 Y4.568 E0.02667
G1 X-2.271 Y4.444 E0.04819
G1 X-1.343 Y4.448 E0.02315
G1 X0.3 Y4.432 E0.04099
G1 X1.28 Y4.448 E0.02445
G1 X2.782 Y4.567 E0.03758
G1 X4.135 Y4.532 E0.03376
G1 X5.579 Y4.668 E0.03618
G1 X7.193 Y4.692 E0.04027
G1 X8.601 Y4.676 E0.03512
G0 F7200 X8.8 Y4.684
G0 X8.827 Y3.989
G0 X1.131 Y-1.221
G0 X0.934 Y-1.017
;TYPE:SKIN
G1 F1800 X1.364 Y-0.099 E0.02529
G1 X0.013 Y2.413 E0.07115
G1 X-2.081 Y-0.012 E0.07992
G1 X-0.063 Y-1.977 E0.07026
G1 X0.934 Y-1.017 E0.03453
G0 F7200 X1.131 Y-1.221
G0 X1.607 Y-0.096
G0 X1.101 Y-0.03
G1 F1800 X-.317 Y-1.449 E0.05004
G0 F7200 X-.604 Y-1.17
G1 F1800 X0.903 Y0.337 E0.05316
G0 F7200 X0.705 Y0.705
G1 F1800 X-.891 Y-.891 E0.0563
G0 F7200 X-1.177 Y-.612
G1 F1800 X0.507 Y1.073 E0.05943
G0 F7200 X0.309 Y1.44
G1 F1800 X-1.464 Y-.332 E0.06253
G0 F7200 X-1.75 Y-0.053
G1 F1800 X0.112 Y1.809 E0.06569
G1 X0.182 Y1.879
G0 F7200 X0.523 Y2.062
G0 X19.492 Y-0.029
G0 X19.772 Y-0.014
G1 F1800 X19.499 Y-1.995 E0.04988
G1 X19.444 Y-2.498 E0.01262
G1 X18.941 Y-4.088 E0.0416
G1 X21.09 Y-4.125 E0.05361
G1 X21.608 Y-2.383 E0.04533
G1 X21.662 Y-2.033 E0.00883
G1 X22.112 Y0.01 E0.05218
G1 X21.719 Y2.396 E0.06032
G1 X21.645 Y2.705 E0.00793
G1 X21.358 Y4.076 E0.03494
G1 X19.171 Y4.025 E0.05457
G1 X19.509 Y2.565 E0.03738
G1 X19.544 Y2.074 E0.01228
G1 X19.772 Y-0.014 E0.05239
G0 F7200 X19.492 Y-0.029
G0 X19.002 Y3.522
G0 X19.468 Y3.629
G1 F1800 X19.676 Y3.837 E0.00734
G0 F7200 X20.255 Y3.85
G1 F1800 X19.574 Y3.169 E0.02402
G0 F7200 X19.68 Y2.71
G1 F1800 X20.834 Y3.864 E0.04071
G0 F7200 X21.233 Y3.697
G1 F1800 X19.735 Y2.199 E0.05285
G0 F7200 X19.788 Y1.686
G1 F1800 X21.331 Y3.229 E0.05443
G0 F7200 X21.429 Y2.761
G1 F1800 X19.844 Y1.176 E0.05592
G0 F7200 X19.899 Y0.665
G1 F1800 X21.533 Y2.3 E0.05766
G0 F7200 X21.613 Y1.814
G1 F1800 X19.954 Y0.155 E0.05853
G0 F7200 X19.917 Y-.448
G1 F1800 X21.693 Y1.328 E0.06265
G0 F7200 X21.773 Y0.842
G1 F1800 X19.825 Y-1.105 E0.0687
G0 F7200 X19.733 Y-1.763
G1 F1800 X21.852 Y0.356 E0.07475
G0 F7200 X21.861 Y-.201
G1 F1800 X19.655 Y-2.407 E0.07782
G1 X19.585 Y-2.477
G0 F7200 X19.436 Y-3.192
G1 F1800 X21.702 Y-.926 E0.07994
G0 F7200 X21.542 Y-1.651
G1 F1800 X19.299 Y-3.894 E0.07913
G0 F7200 X19.856 Y-3.903
G1 F1800 X21.409 Y-2.35 E0.05479
G1 X21.479 Y-2.28
G0 F7200 X21.169 Y-3.155
G1 F1800 X20.411 Y-3.913 E0.02674
G1 X20.341 Y-3.983
G1 F4200 E-3.5
G1 F600 Z13.3
G0 F7200 X-19.146 Y2.509 Z13.3
G1 F600 Z12.8
G1 F4200 E3.5
G1 F1800 X-18.618 Y4.049 E0.04061
G1 X-20.808 Y4.093 E0.05464
G1 X-21.427 Y2.373 E0.0456
G1 X-21.58 Y0.483 E0.0473
G1 X-21.647 Y-0.072 E0.01395
G1 X-21.545 Y-2.445 E0.05925
G1 X-20.939 Y-4.134 E0.04476
G1 X-18.864 Y-4.079 E0.05178
G1 X-19.092 Y-3.326 E0.01963
G1 X-19.306 Y-2.546 E0.02018
G1 X-19.407 Y-0.017 E0.06314
G1 X-19.209 Y1.743 E0.04418
G1 X-19.146 Y2.509 E0.01917
G0 F7200 X-18.882 Y2.428
G0 X-18.54 Y3.573
G0 X-20.44 Y3.885
G1 F1800 X-20.8 Y3.525 E0.0127
G0 F7200 X-21.118 Y2.641
G1 F1800 X-19.885 Y3.874 E0.0435
G0 F7200 X-19.33 Y3.863
G1 F1800 X-21.262 Y1.931 E0.06816
G0 F7200 X-21.312 Y1.315
G1 F1800 X-18.96 Y3.668 E0.08299
G1 X-18.89 Y3.738
G0 F7200 X-19.255 Y2.807
G1 F1800 X-21.362 Y0.699 E0.07435
G0 F7200 X-21.429 Y0.067
G1 F1800 X-19.383 Y2.114 E0.0722
G0 F7200 X-19.439 Y1.491
G1 F1800 X-21.428 Y-.498 E0.07017
G0 F7200 X-21.405 Y-1.04
G1 F1800 X-19.51 Y0.854 E0.06683
G0 F7200 X-19.582 Y0.217
G1 F1800 X-21.381 Y-1.583 E0.06348
G0 F7200 X-21.359 Y-2.126
G1 F1800 X-19.591 Y-.358 E0.06237
G0 F7200 X-19.569 Y-.902
G1 F1800 X-21.275 Y-2.607 E0.06017
G0 F7200 X-21.125 Y-3.023
G1 F1800 X-19.547 Y-1.445 E0.05567
G0 F7200 X-19.526 Y-1.99
G1 F1800 X-20.976 Y-3.439 E0.05114
G0 F7200 X-20.826 Y-3.856
G1 F1800 X-19.504 Y-2.534 E0.04664
G0 F7200 X-19.391 Y-2.986
G1 F1800 X-20.323 Y-3.918 E0.03288
G0 F7200 X-19.741 Y-3.902
G1 F1800 X-19.269 Y-3.429 E0.01667
G0 F7200 X-18.528 Y-3.203
;MESH:NONMESH
G0 F600 X-18.528 Y-3.203 Z12.95
G0 F7200 X0.056 Y2.769
G0 X1.124 Y0.941
G0 X0.728 Y0.728
;TIME_ELAPSED:926.077772
;LAYER:85
;TYPE:FILL
;MESH:pi 3mm_deformed_tet (6).stl
G1 F3600 X4 Y4 E0.11543
G1 X4.07 Y4.07
G0 F7200 X4.066 Y3.858
G0 X7.174 Y4
G0 X7.174 Y4.14
G1 F3600 X15.573 Y-4.26 E0.29632
G1 X15.643 Y-4.33
G0 F7200 X15.643 Y-4.119
G0 X18.333 Y-4.158
G0 X18.332 Y-4.295
G1 F3600 X19.525 Y-3.102 E0.04209
G1 X19.595 Y-3.032
G0 F7200 X19.419 Y-2.977
G0 X19.549 Y2.911
G0 X19.685 Y2.942
G1 F3600 X18.402 Y4.226 E0.04528
G1 X18.332 Y4.296
G0 F7200 X18.337 Y4.088
G0 X15.491 Y4.045
G0 X15.49 Y4.176
G1 F3600 X7.084 Y-4.23 E0.29654
G1 X7.014 Y-4.3
G0 F7200 X7.018 Y-4.089
G0 X4.06 Y-3.925
G0 X4.062 Y-4.062
G1 F3600 X0.796 Y-.796 E0.11522
G1 X0.726 Y-.726
G0 F7200 X0.936 Y-.824
G0 X-.148 Y-1.82
G0 X-1.043 Y-1.046
G0 X-.946 Y-.946
G1 F3600 X-3.987 Y-3.987 E0.10728
G1 X-4.057 Y-4.057
G0 F7200 X-4.055 Y-3.846
G0 X-7.18 Y-4.002
G0 X-7.174 Y-4.139
G1 F3600 X-15.525 Y4.211 E0.29459
G1 X-15.595 Y4.281
G0 F7200 X-15.597 Y4.071
G0 X-18.373 Y4.12
G0 X-18.371 Y4.257
G1 F3600 X-19.049 Y3.578 E0.02394
G1 X-19.119 Y3.508
G0 F7200 X-18.945 Y3.449
G0 X-19.266 Y-3.188
G0 X-19.399 Y-3.229
G1 F3600 X-18.353 Y-4.274 E0.03688
G1 X-18.283 Y-4.344
G0 F7200 X-18.289 Y-4.137
G0 X-15.54 Y-4.089
G0 X-15.541 Y-4.227
G1 F3600 X-7.161 Y4.153 E0.29563
G1 X-7.091 Y4.223
G0 F7200 X-7.106 Y4.014
G0 X-4.021 Y3.876
G0 X-4.013 Y4.013
G1 F3600 X-.998 Y0.998 E0.10636
G1 X-.928 Y0.928
G0 F7200 X-1.108 Y1.082
G0 X-13.847 Y4.054
G0 X-13.857 Y4.352
;TYPE:WALL-INNER
G1 F3600 X-12.841 Y4.383 E0.02536
G1 X-11.204 Y4.364 E0.04084
G1 X-9.926 Y4.379 E0.03188
G1 X-8.394 Y4.332 E0.03823
G1 X-7.104 Y4.312 E0.03218
G1 X-5.478 Y4.189 E0.04068
G1 X-4.236 Y4.188 E0.03098
G1 X-2.459 Y4.072 E0.04442
G1 X-1.356 Y4.08 E0.02752
G1 X0.151 Y4.064 E0.03759
G1 X1.321 Y4.085 E0.02919
G1 X2.669 Y4.195 E0.03374
G1 X4.162 Y4.156 E0.03726
G1 X5.472 Y4.276 E0.03281
G1 X7.209 Y4.3 E0.04333
G1 X8.776 Y4.284 E0.03909
G1 X10.104 Y4.336 E0.03315
G1 X12.937 Y4.368 E0.07067
G1 X14.028 Y4.332 E0.02723
G1 X16.503 Y4.34 E0.06174
G1 X21.053 Y4.448 E0.11353
G1 X22.08 Y4.461 E0.02562
G1 X22.117 Y4.461 E0.00092
G1 F1500 X22.531 Y2.466 E0.04066
G1 X22.925 Y-0.009 E0.05001
G1 X22.401 Y-2.493 E0.05066
G1 X21.809 Y-4.512 E0.04199
G1 F3600 X21.794 Y-4.512 E0.00037
G1 X16.425 Y-4.424 E0.13395
G1 X13.913 Y-4.408 E0.06266
G1 X12.879 Y-4.439 E0.0258
G1 X10.082 Y-4.432 E0.06977
G1 X8.745 Y-4.376 E0.03338
G1 X7.137 Y-4.392 E0.04011
G1 X5.486 Y-4.352 E0.0412
G1 X4.159 Y-4.22 E0.03327
G1 X2.677 Y-4.247 E0.03697
G1 X1.331 Y-4.164 E0.03364
G1 X-.204 Y-4.096 E0.03833
G1 X-1.483 Y-4.065 E0.03191
G1 X-2.968 Y-4.159 E0.03712
G1 X-4.243 Y-4.144 E0.03181
G1 X-5.771 Y-4.288 E0.03829
G1 X-7.116 Y-4.296 E0.03355
G1 X-8.604 Y-4.36 E0.03715
G1 X-9.96 Y-4.372 E0.03383
G1 X-12.834 Y-4.356 E0.07169
G1 X-15.153 Y-4.391 E0.05785
G1 X-15.932 Y-4.384 E0.01943
G1 X-18.033 Y-4.425 E0.05242
G1 X-20.976 Y-4.512 E0.07345
G1 X-21.642 Y-4.521 E0.01661
G1 X-21.788 Y-4.11 E0.01088
G1 X-22.356 Y-2.511 E0.04233
G1 F1500 X-22.466 Y-0.041 E0.04934
G1 X-22.252 Y2.448 E0.04985
G1 X-21.528 Y4.475 E0.04295
G1 F3600 X-21.505 Y4.475 E0.00057
G1 X-16.423 Y4.38 E0.12679
G1 X-13.857 Y4.352 E0.06401
G0 F7200 X-13.869 Y4.752
;TYPE:WALL-OUTER
G1 F1800 X-12.845 Y4.783 E0.02556
G1 X-11.209 Y4.764 E0.04081
G1 X-9.922 Y4.779 E0.03211
G1 X-8.388 Y4.732 E0.03828
G1 X-7.086 Y4.712 E0.03248
G1 X-5.448 Y4.588 E0.04098
G1 X-4.223 Y4.588 E0.03056
G1 X-2.478 Y4.472 E0.04363
G1 X-1.352 Y4.48 E0.02809
G1 X0.144 Y4.464 E0.03732
G1 X1.289 Y4.484 E0.02857
G1 X2.658 Y4.595 E0.03426
G1 X4.159 Y4.556 E0.03746
G1 X5.451 Y4.676 E0.03237
G1 X7.213 Y4.7 E0.04396
G1 X8.76 Y4.684 E0.03859
G1 X10.094 Y4.736 E0.0333
G1 X12.941 Y4.768 E0.07102
G1 X14.026 Y4.732 E0.02708
G1 X16.493 Y4.74 E0.06154
G1 X21.048 Y4.848 E0.11366
G1 X21.996 Y4.86 E0.02365
G1 X22.441 Y4.865 E0.0111
G1 F1500 X22.926 Y2.531 E0.04757
G1 X23.332 Y-0.019 E0.05153
G1 X22.789 Y-2.591 E0.05246
G1 X22.107 Y-4.917 E0.04837
G1 F1800 X21.677 Y-4.91 E0.01073
G1 X16.422 Y-4.824 E0.1311
G1 X13.925 Y-4.808 E0.06229
G1 X12.885 Y-4.839 E0.02595
G1 X10.073 Y-4.832 E0.07015
G1 X8.717 Y-4.776 E0.03385
G1 X7.134 Y-4.792 E0.03949
G1 X5.461 Y-4.752 E0.04175
G1 X4.144 Y-4.62 E0.03302
G1 X2.669 Y-4.647 E0.0368
G1 X1.313 Y-4.564 E0.03389
G1 X-.214 Y-4.496 E0.03813
G1 X-1.457 Y-4.464 E0.03102
G1 X-2.958 Y-4.559 E0.03752
G1 X-4.243 Y-4.544 E0.03206
G1 X-5.751 Y-4.688 E0.03779
G1 X-7.099 Y-4.696 E0.03363
G1 X-8.594 Y-4.76 E0.03733
G1 X-9.962 Y-4.772 E0.03413
G1 X-12.828 Y-4.756 E0.07149
G1 X-15.157 Y-4.791 E0.0581
G1 X-15.924 Y-4.784 E0.01913
G1 X-18.021 Y-4.825 E0.05232
G1 X-20.97 Y-4.912 E0.0736
G1 X-21.955 Y-4.925 E0.02457
G1 X-22.033 Y-4.662 E0.00684
G1 X-22.115 Y-4.385 E0.00721
G1 X-22.753 Y-2.589 E0.04754
G1 F1500 X-22.867 Y-0.033 E0.05106
G1 X-22.646 Y2.533 E0.0514
G1 F1800 X-22.034 Y4.261 E0.04573
G1 X-21.805 Y4.878 E0.01642
G1 X-21.357 Y4.873 E0.01118
G1 X-20.839 Y4.868 E0.01292
G1 X-16.419 Y4.78 E0.11028
G1 X-13.869 Y4.752 E0.06361
G0 F7200 X-13.669 Y4.758
G0 X-13.647 Y4.06
G0 X-19.298 Y2.423
G0 X-19.562 Y2.501
;TYPE:SKIN
G1 F1800 X-19.034 Y4.049 E0.0408
G1 X-21.263 Y4.089 E0.05561
G1 X-21.874 Y2.369 E0.04553
G1 X-22.083 Y-0.053 E0.06064
G1 X-21.977 Y-2.437 E0.05953
G1 X-21.375 Y-4.136 E0.04496
G1 X-19.284 Y-4.082 E0.05218
G1 X-19.738 Y-2.586 E0.039
G1 X-19.84 Y-0.026 E0.06391
G1 X-19.597 Y2.12 E0.05387
G1 X-19.562 Y2.501 E0.00954
G0 F7200 X-19.298 Y2.423
G0 X-18.957 Y3.416
G0 X-19.409 Y3.57
G1 F1800 X-19.701 Y3.862 E0.0103
G0 F7200 X-20.276 Y3.871
G1 F1800 X-19.554 Y3.149 E0.02547
G0 F7200 X-19.697 Y2.727
G1 F1800 X-20.853 Y3.882 E0.04076
G0 F7200 X-21.201 Y3.665
G1 F1800 X-19.787 Y2.251 E0.04988
G0 F7200 X-19.844 Y1.742
G1 F1800 X-21.349 Y3.247 E0.05309
G0 F7200 X-21.497 Y2.83
G1 F1800 X-19.901 Y1.233 E0.05632
G0 F7200 X-19.957 Y0.724
G1 F1800 X-21.645 Y2.412 E0.05955
G0 F7200 X-21.712 Y1.913
G1 F1800 X-20.014 Y0.215 E0.0599
G0 F7200 X-20.026 Y-.339
G1 F1800 X-21.757 Y1.392 E0.06107
G0 F7200 X-21.802 Y0.872
G1 F1800 X-20.003 Y-.928 E0.06348
G0 F7200 X-19.979 Y-1.517
G1 F1800 X-21.847 Y0.351 E0.0659
G0 F7200 X-21.877 Y-.185
G1 F1800 X-19.956 Y-2.106 E0.06777
G0 F7200 X-19.904 Y-2.723
G1 F1800 X-21.851 Y-.776 E0.06869
G0 F7200 X-21.824 Y-1.369
G1 F1800 X-19.66 Y-3.533 E0.07634
G0 F7200 X-19.861 Y-3.898
G1 F1800 X-21.797 Y-1.962 E0.0683
G0 F7200 X-21.696 Y-2.628
G1 F1800 X-20.413 Y-3.912 E0.04528
G0 F7200 X-20.964 Y-3.926
G1 F1800 X-21.386 Y-3.504 E0.01489
G1 F4200 E-3.5
G1 F600 Z13.45
G0 F7200 X0.654 Y-.757 Z13.45
G1 F600 Z12.95
G1 F4200 E3.5
G1 F1800 X0.988 Y-0.05 E0.01951
G1 X-0.051 Y1.881 E0.0547
G1 X-1.689 Y-0.02 E0.0626
G1 X-.146 Y-1.529 E0.05384
G1 X0.654 Y-.757 E0.02773
G0 F7200 X0.85 Y-.96
G0 X-.148 Y-1.82
G0 X-1.978 Y-0.036
G0 X-1.281 Y0.149
G1 F1800 X-0.011 Y-1.121 E0.0448
G0 F7200 X0.277 Y-.843
G1 F1800 X-1.018 Y0.453 E0.0457
G0 F7200 X-.757 Y0.757
G1 F1800 X0.537 Y-.537 E0.04565
G0 F7200 X0.718 Y-.153
G1 F1800 X-.494 Y1.06 E0.04277
G0 F7200 X-.232 Y1.363
G1 F1800 X0.272 Y0.86 E0.01776
G0 F7200 X0.695 Y1.087
G0 X19.927 Y0.014
G0 X20.204 Y0.016
G1 F1800 X19.863 Y-2.488 E0.06304
G1 X19.356 Y-4.092 E0.04196
G1 X21.526 Y-4.125 E0.05414
G1 X22.039 Y-2.362 E0.0458
G1 X22.54 Y0.006 E0.06038
G1 X22.155 Y2.395 E0.06036
G1 X21.809 Y4.076 E0.04281
G1 X19.578 Y4.032 E0.05566
G1 X19.936 Y2.469 E0.04
G1 X20.204 Y0.016 E0.06155
G0 F7200 X19.927 Y0.014
G0 X19.197 Y-3.67
G0 X19.654 Y-3.815
G1 F1800 X19.737 Y-3.898 E0.00293
G0 F7200 X19.789 Y-3.384
G1 F1800 X20.312 Y-3.907 E0.01845
G0 F7200 X20.887 Y-3.916
G1 F1800 X19.924 Y-2.954 E0.03395
G0 F7200 X20.059 Y-2.523
G1 F1800 X21.396 Y-3.859 E0.04715
G0 F7200 X21.524 Y-3.422
G1 F1800 X20.129 Y-2.027 E0.04921
G0 F7200 X20.196 Y-1.529
G1 F1800 X21.652 Y-2.984 E0.05135
G0 F7200 X21.78 Y-2.546
G1 F1800 X20.264 Y-1.031 E0.05346
G0 F7200 X20.332 Y-.533
G1 F1800 X21.889 Y-2.09 E0.05493
G0 F7200 X21.988 Y-1.624
G1 F1800 X20.4 Y-0.035 E0.05604
G0 F7200 X20.339 Y0.591
G1 F1800 X22.087 Y-1.157 E0.06167
G0 F7200 X22.186 Y-.69
G1 F1800 X20.271 Y1.225 E0.06756
G0 F7200 X20.203 Y1.859
G1 F1800 X22.286 Y-.224 E0.07348
G0 F7200 X22.282 Y0.346
G1 F1800 X20.134 Y2.493 E0.07576
G0 F7200 X19.969 Y3.224
G1 F1800 X22.173 Y1.02 E0.07775
G0 F7200 X22.065 Y1.694
G1 F1800 X19.919 Y3.84 E0.07571
G0 F7200 X20.474 Y3.85
G1 F1800 X21.954 Y2.37 E0.05221
G0 F7200 X21.809 Y3.082
G1 F1800 X21.029 Y3.862 E0.02752
G0 F7200 X21.584 Y3.872
G1 F1800 X21.664 Y3.792 E0.00282
;MESH:NONMESH
G0 F600 X21.664 Y3.792 Z13.1
G0 F7200 X19.513 Y3.294
G0 X0.896 Y0.713
G0 X0.499 Y0.499
;TIME_ELAPSED:944.198814
;LAYER:86
;TYPE:FILL
;MESH:pi 3mm_deformed_tet (6).stl
G1 F3600 X4.021 Y4.021 E0.12425
G1 X4.091 Y4.091
G0 F7200 X4.087 Y3.879
G0 X7.168 Y4.01
G0 X7.166 Y4.148
G1 F3600 X15.566 Y-4.252 E0.29633
G1 X15.636 Y-4.322
G0 F7200 X15.636 Y-4.113
G0 X18.343 Y-4.15
G0 X18.342 Y-4.286
G1 F3600 X20.141 Y-2.486 E0.06348
G1 X20.211 Y-2.416
G0 F7200 X20.015 Y-2.39
G0 X20.103 Y2.357
G0 X20.239 Y2.389
G1 F3600 X18.41 Y4.218 E0.06452
G1 X18.34 Y4.288
G0 F7200 X18.345 Y4.079
G0 X15.492 Y4.041
G0 X15.491 Y4.177
G1 F3600 X7.076 Y-4.238 E0.29686
G1 X7.006 Y-4.308
G0 F7200 X7.01 Y-4.096
G0 X4.08 Y-3.944
G0 X4.082 Y-4.082
G1 F3600 X0.505 Y-.505 E0.12619
G1 X0.435 Y-.435
G0 F7200 X0.626 Y-.575
G0 X-.124 Y-1.467
G0 X-.856 Y-.86
G0 X-.76 Y-.76
G1 F3600 X-4.007 Y-4.007 E0.11455
G1 X-4.077 Y-4.077
G0 F7200 X-4.075 Y-3.867
G0 X-7.174 Y-4.009
G0 X-7.168 Y-4.146
G1 F3600 X-15.517 Y4.203 E0.29453
G1 X-15.587 Y4.273
G0 F7200 X-15.588 Y4.065
G0 X-18.381 Y4.112
G0 X-18.38 Y4.248
G1 F3600 X-19.683 Y2.944 E0.04598
G1 X-19.753 Y2.874
G0 F7200 X-19.579 Y2.815
G0 X-19.864 Y-2.59
G0 X-19.997 Y-2.63
G1 F3600 X-18.357 Y-4.27 E0.05786
G1 X-18.287 Y-4.34
G0 F7200 X-18.292 Y-4.132
G0 X-15.536 Y-4.084
G0 X-15.537 Y-4.224
G1 F3600 X-7.154 Y4.16 E0.29575
G1 X-7.084 Y4.23
G0 F7200 X-7.099 Y4.02
G0 X-4.041 Y3.894
G0 X-4.033 Y4.033
G1 F3600 X-.786 Y0.786 E0.11455
G1 X-.716 Y0.716
G0 F7200 X-.896 Y0.87
G0 X-13.952 Y4.052
G0 X-13.961 Y4.348
;TYPE:WALL-INNER
G1 F3600 X-12.821 Y4.384 E0.02845
G1 X-11.345 Y4.368 E0.03682
G1 X-9.919 Y4.384 E0.03557
G1 X-8.514 Y4.339 E0.03507
G1 X-7.115 Y4.32 E0.0349
G1 X-5.647 Y4.208 E0.03673
G1 X-4.26 Y4.208 E0.0346
G1 X-2.647 Y4.104 E0.04032
G1 X-1.421 Y4.112 E0.03058
G1 X0.00 Y4.096 E0.03545
G1 X1.333 Y4.121 E0.03326
G1 X2.541 Y4.219 E0.03023
G1 X4.187 Y4.176 E0.04107
G1 X5.341 Y4.284 E0.02891
G1 X7.228 Y4.308 E0.04708
G1 X8.935 Y4.292 E0.04258
G1 X10.107 Y4.336 E0.02926
G1 X12.921 Y4.368 E0.0702
G1 X14.129 Y4.328 E0.03015
G1 X15.867 Y4.34 E0.04336
G1 X16.59 Y4.336 E0.01804
G1 X21.168 Y4.44 E0.11423
G1 X22.526 Y4.457 E0.03388
G1 X22.561 Y4.457 E0.00087
G1 F1500 X22.978 Y2.469 E0.04054
G1 F3600 X23.059 Y1.742 E0.01825
G1 X23.349 Y-0.014 E0.0444
G1 X22.952 Y-1.885 E0.04771
G1 X22.823 Y-2.635 E0.01898
G1 X22.246 Y-4.51 E0.04894
G1 X22.23 Y-4.51 E0.0004
G1 X21.018 Y-4.496 E0.03024
G1 X16.511 Y-4.416 E0.11245
G1 X14.017 Y-4.404 E0.06221
G1 X12.867 Y-4.439 E0.0287
G1 X10.085 Y-4.432 E0.0694
G1 X8.905 Y-4.384 E0.02946
G1 X7.157 Y-4.4 E0.04361
G1 X5.358 Y-4.356 E0.04489
G1 X4.183 Y-4.24 E0.02945
G1 X2.549 Y-4.271 E0.04077
G1 X1.344 Y-4.196 E0.03012
G1 X-0.044 Y-4.132 E0.03466
G1 X-1.503 Y-4.097 E0.03641
G1 X-2.852 Y-4.183 E0.03372
G1 X-4.267 Y-4.164 E0.0353
G1 X-5.647 Y-4.292 E0.03457
G1 X-7.129 Y-4.304 E0.03697
G1 X-8.46 Y-4.36 E0.03323
G1 X-9.987 Y-4.376 E0.03809
G1 X-12.818 Y-4.36 E0.07062
G1 X-14.912 Y-4.391 E0.05224
G1 X-15.897 Y-4.38 E0.02457
G1 X-18.449 Y-4.432 E0.06367
G1 X-21.09 Y-4.504 E0.0659
G1 X-22.07 Y-4.517 E0.02445
G1 X-22.43 Y-3.513 E0.02661
G1 X-22.735 Y-2.751 E0.02047
G1 X-22.846 Y-2.106 E0.01633
G1 F1500 X-22.945 Y-0.062 E0.04084
G1 F3600 X-22.868 Y0.343 E0.01028
G1 F1500 X-22.688 Y2.451 E0.04222
G1 F3600 X-22.413 Y3.253 E0.02115
G1 X-21.975 Y4.471 E0.03229
G1 X-21.955 Y4.471 E0.0005
G1 X-20.965 Y4.46 E0.0247
G1 X-16.51 Y4.372 E0.11115
G1 X-13.961 Y4.348 E0.06359
G0 F7200 X-13.973 Y4.748
;TYPE:WALL-OUTER
G1 F1800 X-12.825 Y4.784 E0.02865
G1 X-11.349 Y4.768 E0.03682
G1 X-9.915 Y4.784 E0.03577
G1 X-8.508 Y4.739 E0.03512
G1 X-7.097 Y4.72 E0.0352
G1 X-5.616 Y4.608 E0.03705
G1 X-4.247 Y4.608 E0.03415
G1 X-2.65 Y4.504 E0.03992
G1 X-1.417 Y4.512 E0.03076
G1 X-0.008 Y4.496 E0.03515
G1 X1.301 Y4.52 E0.03266
G1 X2.53 Y4.619 E0.03076
G1 X4.183 Y4.576 E0.04125
G1 X5.319 Y4.684 E0.02847
G1 X7.232 Y4.708 E0.04772
G1 X8.92 Y4.692 E0.04211
G1 X10.097 Y4.736 E0.02938
G1 X12.925 Y4.768 E0.07055
G1 X14.126 Y4.728 E0.02998
G1 X15.869 Y4.74 E0.04348
G1 X16.581 Y4.736 E0.01776
G1 X21.163 Y4.84 E0.11433
G1 X22.443 Y4.856 E0.03193
G1 X22.885 Y4.861 E0.01103
G1 F1500 X23.374 Y2.532 E0.04749
G1 F1800 X23.454 Y1.807 E0.01819
G1 X23.756 Y-0.023 E0.04627
G1 X23.346 Y-1.953 E0.04922
G1 X23.213 Y-2.729 E0.01964
G1 F1500 X22.543 Y-4.914 E0.04561
G1 F1800 X22.113 Y-4.909 E0.01073
G1 X21.011 Y-4.896 E0.02749
G1 X16.509 Y-4.816 E0.11232
G1 X14.029 Y-4.804 E0.06186
G1 X12.873 Y-4.839 E0.02885
G1 X10.077 Y-4.832 E0.06975
G1 X8.878 Y-4.784 E0.02993
G1 X7.154 Y-4.8 E0.04301
G1 X5.333 Y-4.756 E0.04544
G1 X4.168 Y-4.64 E0.0292
G1 X2.541 Y-4.671 E0.04059
G1 X1.326 Y-4.596 E0.03037
G1 X-0.054 Y-4.532 E0.03446
G1 X-1.477 Y-4.496 E0.03551
G1 X-2.842 Y-4.583 E0.03412
G1 X-4.267 Y-4.564 E0.03555
G1 X-5.627 Y-4.692 E0.03408
G1 X-7.113 Y-4.704 E0.03707
G1 X-8.45 Y-4.76 E0.03338
G1 X-9.989 Y-4.776 E0.03839
G1 X-12.812 Y-4.76 E0.07042
G1 X-14.916 Y-4.791 E0.05249
G1 X-15.889 Y-4.78 E0.02427
G1 X-18.438 Y-4.832 E0.0636
G1 X-21.084 Y-4.904 E0.06603
G1 X-22.011 Y-4.916 E0.02313
G1 X-22.355 Y-4.921 E0.00858
G1 X-22.802 Y-3.661 E0.03335
G1 X-23.122 Y-2.861 E0.02149
G1 X-23.244 Y-2.15 E0.018
G1 F1500 X-23.347 Y-0.034 E0.04228
G1 F1800 X-23.262 Y0.41 E0.01128
G1 F1500 X-23.082 Y2.534 E0.04254
G1 F1800 X-22.789 Y3.388 E0.02252
G1 X-22.255 Y4.874 E0.03939
G1 X-21.81 Y4.869 E0.0111
G1 X-20.957 Y4.86 E0.02128
G1 X-16.506 Y4.772 E0.11105
G1 X-13.973 Y4.748 E0.06319
G0 F7200 X-13.774 Y4.754
G0 X-13.752 Y4.058
G0 X-19.722 Y2.404
G0 X-19.993 Y2.471
;TYPE:SKIN
G1 F1800 X-19.451 Y4.045 E0.04153
G1 X-21.708 Y4.085 E0.05631
G1 X-22.052 Y3.134 E0.02523
G1 X-22.31 Y2.374 E0.02002
G1 X-22.48 Y0.355 E0.05054
G1 X-22.562 Y-0.086 E0.01119
G1 X-22.464 Y-2.069 E0.04953
G1 X-22.366 Y-2.637 E0.01438
G1 X-22.074 Y-3.369 E0.01966
G1 X-21.803 Y-4.133 E0.02022
G1 X-19.7 Y-4.086 E0.05247
G1 X-20.168 Y-2.547 E0.04013
G1 X-20.276 Y-0.049 E0.06237
G1 X-19.993 Y2.471 E0.06326
G0 F7200 X-19.722 Y2.404
G0 X-19.348 Y3.639
G0 X-21.017 Y3.873
G1 F1800 X-21.885 Y3.005 E0.03062
G1 X-21.955 Y2.935
G0 F7200 X-22.125 Y2.2
G1 F1800 X-20.462 Y3.863 E0.05867
G0 F7200 X-19.906 Y3.853
G1 F1800 X-22.178 Y1.581 E0.08015
G0 F7200 X-22.23 Y0.963
G1 F1800 X-19.933 Y3.26 E0.08103
G1 X-19.863 Y3.33
G0 F7200 X-20.195 Y2.432
G1 F1800 X-22.283 Y0.344 E0.07366
G0 F7200 X-22.352 Y-.29
G1 F1800 X-20.267 Y1.795 E0.07355
G0 F7200 X-20.339 Y1.158
G1 F1800 X-22.325 Y-.829 E0.07008
G0 F7200 X-22.299 Y-1.368
G1 F1800 X-20.411 Y0.52 E0.0666
G0 F7200 X-20.473 Y-.108
G1 F1800 X-22.272 Y-1.907 E0.06346
G0 F7200 X-22.203 Y-2.404
G1 F1800 X-20.45 Y-.651 E0.06184
G0 F7200 X-20.427 Y-1.194
G1 F1800 X-22.071 Y-2.838 E0.058
G0 F7200 X-21.91 Y-3.242
G1 F1800 X-20.404 Y-1.736 E0.05313
G0 F7200 X-20.38 Y-2.278
G1 F1800 X-21.76 Y-3.658 E0.04868
G0 F7200 X-21.462 Y-3.926
G1 F1800 X-20.307 Y-2.771 E0.04075
G0 F7200 X-20.176 Y-3.205
G1 F1800 X-20.884 Y-3.913 E0.02498
G0 F7200 X-20.305 Y-3.9
G1 F1800 X-20.044 Y-3.639 E0.00921
G0 F7200 X-19.588 Y-3.501
G0 X-.124 Y-1.467
G0 X0.9 Y-0.091
G0 X0.647 Y-0.071
G1 F1800 X-.118 Y1.345 E0.04015
G1 X-1.305 Y-0.031 E0.04533
G1 X-.15 Y-1.152 E0.04015
G1 X0.647 Y-0.071 E0.0335
G0 F7200 X0.893 Y0.062
G0 X-.124 Y-1.467
G0 X-.23 Y-.795
G1 F1800 X0.13 Y-.436 E0.01268
G0 F7200 X-.517 Y-.517
G1 F1800 X0.248 Y0.248 E0.02699
G0 F7200 X0.049 Y0.615
G1 F1800 X-.804 Y-.238 E0.03009
G1 X-.874 Y-.308
G0 F7200 X-1.14 Y-.584
G0 X-.637 Y1.172
G0 X-.272 Y0.859
G1 F1800 X-.148 Y0.983 E0.00437
G0 F7200 X0.274 Y1.211
G0 X20.384 Y0.003
G0 X20.663 Y0.035
G1 F1800 X20.557 Y-.48 E0.01312
G1 X20.276 Y-2.516 E0.05127
G1 X19.773 Y-4.088 E0.04117
G1 X21.965 Y-4.121 E0.05469
G1 X22.453 Y-2.541 E0.04125
G1 X22.574 Y-1.822 E0.01819
G1 X22.96 Y0.001 E0.04648
G1 X22.686 Y1.643 E0.04153
G1 X22.602 Y2.412 E0.0193
G1 X22.254 Y4.073 E0.04233
G1 X19.996 Y4.032 E0.05634
G1 X20.411 Y2.258 E0.04545
G1 X20.663 Y0.035 E0.05581
G0 F7200 X20.384 Y0.003
G0 X19.888 Y3.273
G0 X20.353 Y3.382
G1 F1800 X20.817 Y3.846 E0.01637
G0 F7200 X21.393 Y3.857
G1 F1800 X20.46 Y2.924 E0.03291
G0 F7200 X20.568 Y2.466
G1 F1800 X21.969 Y3.867 E0.04942
G0 F7200 X22.17 Y3.502
G1 F1800 X20.643 Y1.976 E0.05385
G0 F7200 X20.701 Y1.468
G1 F1800 X22.267 Y3.034 E0.05524
G0 F7200 X22.366 Y2.567
G1 F1800 X20.759 Y0.96 E0.05669
G0 F7200 X20.817 Y0.453
G1 F1800 X22.439 Y2.074 E0.0572
G0 F7200 X22.497 Y1.567
G1 F1800 X20.833 Y-0.098 E0.05872
G0 F7200 X20.717 Y-.779
G1 F1800 X22.577 Y1.081 E0.06562
G0 F7200 X22.658 Y0.596
G1 F1800 X20.625 Y-1.437 E0.07172
G0 F7200 X20.534 Y-2.094
G1 F1800 X22.738 Y0.111 E0.07777
G0 F7200 X22.637 Y-.556
G1 F1800 X20.396 Y-2.797 E0.07906
G1 X20.326 Y-2.867
G0 F7200 X20.129 Y-3.63
G1 F1800 X22.486 Y-1.273 E0.08315
G0 F7200 X22.345 Y-1.98
G1 F1800 X20.427 Y-3.898 E0.06766
G0 F7200 X20.984 Y-3.906
G1 F1800 X22.197 Y-2.693 E0.04279
G1 X22.267 Y-2.623
G0 F7200 X21.944 Y-3.512
G1 F1800 X21.541 Y-3.915 E0.01422
;MESH:NONMESH
G0 F600 X21.541 Y-3.915 Z13.25
G0 F7200 X19.671 Y-3.657
G0 X-4.027 Y-3.868
G0 X-4.028 Y-4.028
;TIME_ELAPSED:961.954830
;LAYER:87
;TYPE:FILL
;MESH:pi 3mm_deformed_tet (6).stl
G1 F3600 X4.04 Y4.04 E0.28462
G1 X4.11 Y4.11
G0 F7200 X4.105 Y3.9
G0 X7.16 Y4.018
G0 X7.158 Y4.156
G1 F3600 X15.561 Y-4.247 E0.29644
G1 X15.631 Y-4.317
G0 F7200 X15.631 Y-4.108
G0 X18.349 Y-4.142
G0 X18.348 Y-4.279
G1 F3600 X20.632 Y-1.995 E0.08057
G1 X20.702 Y-1.925
G0 F7200 X20.503 Y-1.899
G0 X20.612 Y1.856
G0 X20.748 Y1.879
G1 F3600 X18.417 Y4.21 E0.08223
G1 X18.347 Y4.28
G0 F7200 X18.352 Y4.071
G0 X15.487 Y4.036
G0 X15.486 Y4.173
G1 F3600 X7.068 Y-4.245 E0.29697
G1 X6.998 Y-4.315
G0 F7200 X7.002 Y-4.103
G0 X4.1 Y-3.964
G0 X4.102 Y-4.102
G1 F3600 X-4.052 Y4.052 E0.28765
G1 X-4.122 Y4.122
G0 F7200 X-4.134 Y3.918
G0 X-7.147 Y4.028
G0 X-7.146 Y4.168
G1 F3600 X-15.534 Y-4.22 E0.29591
G1 X-15.604 Y-4.29
G0 F7200 X-15.602 Y-4.079
G0 X-18.358 Y-4.13
G0 X-18.355 Y-4.272
G1 F3600 X-20.484 Y-2.143 E0.07511
G1 X-20.554 Y-2.073
G0 F7200 X-20.35 Y-2.064
G0 X-20.172 Y2.305
G0 X-20.312 Y2.316
G1 F3600 X-18.387 Y4.241 E0.06791
G1 X-18.317 Y4.311
G0 F7200 X-18.32 Y4.102
G0 X-15.512 Y4.059
G0 X-15.512 Y4.198
G1 F3600 X-7.161 Y-4.153 E0.2946
G1 X-7.091 Y-4.223
G0 F7200 X-7.092 Y-4.012
G0 X-14.056 Y4.048
G0 X-14.065 Y4.344
;TYPE:WALL-INNER
G1 F3600 X-12.798 Y4.383 E0.03162
G1 X-11.485 Y4.368 E0.03276
G1 X-9.915 Y4.384 E0.03917
G1 X-8.716 Y4.348 E0.02992
G1 X-7.127 Y4.328 E0.03964
G1 X-5.842 Y4.229 E0.03215
G1 X-4.285 Y4.228 E0.03884
G1 X-2.834 Y4.131 E0.03628
G1 X-1.435 Y4.144 E0.0349
G1 X-.152 Y4.128 E0.03201
G1 X1.34 Y4.157 E0.03723
G1 X2.412 Y4.243 E0.02683
G1 X4.211 Y4.196 E0.04489
G1 X5.212 Y4.288 E0.02508
G1 X7.25 Y4.316 E0.05084
G1 X9.102 Y4.296 E0.0462
G1 X10.112 Y4.34 E0.02522
G1 X12.908 Y4.368 E0.06975
G1 X14.229 Y4.324 E0.03297
G1 X15.831 Y4.336 E0.03996
G1 X16.678 Y4.332 E0.02113
G1 X21.279 Y4.432 E0.1148
G1 X22.975 Y4.455 E0.04231
G1 X23.016 Y4.456 E0.00102
G1 F1500 X23.426 Y2.465 E0.04057
G1 F3600 X23.571 Y1.186 E0.03211
G1 X23.769 Y-0.014 E0.03034
G1 X23.496 Y-1.305 E0.03292
G1 X23.292 Y-2.479 E0.02972
G1 X23.102 Y-3.233 E0.0194
G1 X22.707 Y-4.509 E0.03332
G1 X22.664 Y-4.508 E0.00107
G1 X16.599 Y-4.412 E0.15131
G1 X14.121 Y-4.4 E0.06181
G1 X12.855 Y-4.439 E0.0316
G1 X10.09 Y-4.432 E0.06897
G1 X9.066 Y-4.388 E0.02557
G1 X7.176 Y-4.408 E0.04715
G1 X5.226 Y-4.36 E0.04866
G1 X4.207 Y-4.26 E0.02554
G1 X2.426 Y-4.291 E0.04443
G1 X1.35 Y-4.224 E0.02689
G1 X0.117 Y-4.172 E0.03078
G1 X-1.519 Y-4.129 E0.04082
G1 X-2.731 Y-4.207 E0.0303
G1 X-4.295 Y-4.184 E0.03902
G1 X-5.523 Y-4.3 E0.03077
G1 X-7.145 Y-4.312 E0.04046
G1 X-8.316 Y-4.36 E0.02924
G1 X-9.975 Y-4.376 E0.04139
G1 X-12.802 Y-4.364 E0.07052
G1 X-14.67 Y-4.391 E0.0466
G1 X-15.861 Y-4.376 E0.02971
G1 X-21.204 Y-4.496 E0.13332
G1 X-22.503 Y-4.517 E0.03241
G1 X-22.524 Y-4.517 E0.00052
G1 X-23.084 Y-3.115 E0.03766
G1 X-23.216 Y-2.509 E0.01547
G1 X-23.353 Y-1.544 E0.02431
G1 X-23.421 Y-0.062 E0.03701
G1 X-23.265 Y0.776 E0.02126
G1 X-23.124 Y2.435 E0.04153
G1 F1500 X-22.422 Y4.467 E0.0429
G1 F3600 X-22.403 Y4.467 E0.00047
G1 X-21.084 Y4.452 E0.0329
G1 X-16.598 Y4.368 E0.11192
G1 X-14.065 Y4.344 E0.06319
G0 F7200 X-14.056 Y4.048
G0 X-11.481 Y4.071
G0 X-11.489 Y4.768
;TYPE:WALL-OUTER
G1 F1800 X-9.911 Y4.784 E0.03937
G1 X-8.711 Y4.748 E0.02995
G1 X-7.109 Y4.728 E0.03997
G1 X-5.812 Y4.628 E0.03245
G1 X-4.271 Y4.628 E0.03844
G1 X-2.838 Y4.531 E0.03583
G1 X-1.43 Y4.544 E0.03512
G1 X-.16 Y4.528 E0.03168
G1 X1.308 Y4.556 E0.03663
G1 X2.402 Y4.643 E0.02738
G1 X4.207 Y4.596 E0.04504
G1 X5.191 Y4.688 E0.02465
G1 X7.254 Y4.716 E0.05147
G1 X9.085 Y4.696 E0.04568
G1 X10.102 Y4.74 E0.02539
G1 X12.913 Y4.768 E0.07012
G1 X14.226 Y4.724 E0.03277
G1 X15.833 Y4.736 E0.04009
G1 X16.669 Y4.732 E0.02085
G1 X21.273 Y4.832 E0.11487
G1 X22.891 Y4.855 E0.04037
G1 X23.341 Y4.861 E0.01123
G1 F1500 X23.822 Y2.528 E0.04754
G1 F1800 X23.966 Y1.251 E0.03206
G1 X24.176 Y-0.023 E0.03221
G1 X23.89 Y-1.373 E0.03442
G1 X23.684 Y-2.562 E0.0301
G1 X23.487 Y-3.341 E0.02004
G1 X23.001 Y-4.913 E0.04104
G1 X22.548 Y-4.906 E0.0113
G1 X16.597 Y-4.812 E0.14847
G1 X14.133 Y-4.8 E0.06147
G1 X12.861 Y-4.839 E0.03175
G1 X10.081 Y-4.832 E0.06935
G1 X9.037 Y-4.788 E0.02607
G1 X7.174 Y-4.808 E0.04648
G1 X5.201 Y-4.76 E0.04923
G1 X4.192 Y-4.66 E0.02529
G1 X2.417 Y-4.691 E0.04428
G1 X1.333 Y-4.624 E0.02709
G1 X0.106 Y-4.572 E0.03064
G1 X-1.493 Y-4.528 E0.0399
G1 X-2.721 Y-4.607 E0.0307
G1 X-4.295 Y-4.584 E0.03927
G1 X-5.503 Y-4.7 E0.03027
G1 X-7.129 Y-4.712 E0.04056
G1 X-8.306 Y-4.76 E0.02938
G1 X-9.977 Y-4.776 E0.04169
G1 X-12.796 Y-4.764 E0.07032
G1 X-14.675 Y-4.791 E0.04688
G1 X-15.853 Y-4.776 E0.02939
G1 X-21.198 Y-4.896 E0.13337
G1 X-22.362 Y-4.914 E0.02904
G1 X-22.793 Y-4.921 E0.01075
G1 X-23.468 Y-3.233 E0.04535
G1 X-23.61 Y-2.58 E0.01667
G1 X-23.752 Y-1.581 E0.02517
G1 X-23.823 Y-0.034 E0.03863
G1 X-23.656 Y0.867 E0.02286
G1 X-23.518 Y2.518 E0.04133
G1 F1500 X-22.706 Y4.87 E0.04966
G1 F1800 X-22.26 Y4.865 E0.01113
G1 X-21.077 Y4.852 E0.02951
G1 X-16.594 Y4.768 E0.11185
G1 X-14.077 Y4.744 E0.06279
G1 X-12.802 Y4.783 E0.03182
G1 X-11.489 Y4.768 E0.03276
G0 F7200 X-11.289 Y4.77
G0 X-11.281 Y4.073
G0 X-20.165 Y2.401
G0 X-20.43 Y2.486
;TYPE:SKIN
G1 F1800 X-19.857 Y4.044 E0.04141
G1 X-22.15 Y4.081 E0.05721
G1 X-22.75 Y2.35 E0.0457
G1 X-22.876 Y0.803 E0.03872
G1 X-23.038 Y-0.086 E0.02254
G1 X-22.972 Y-1.501 E0.03534
G1 X-22.842 Y-2.436 E0.02355
G1 X-22.72 Y-2.992 E0.0142
G1 X-22.265 Y-4.129 E0.03055
G1 X-20.116 Y-4.088 E0.05362
G1 X-20.463 Y-2.935 E0.03004
G1 X-20.608 Y-2.522 E0.01092
G1 X-20.712 Y-0.045 E0.06184
G1 X-20.479 Y1.981 E0.05087
G1 X-20.43 Y2.486 E0.01266
G0 F7200 X-20.165 Y2.401
G0 X-19.724 Y3.604
G0 X-20.172 Y3.767
G1 F1800 X-20.256 Y3.851 E0.00296
G0 F7200 X-20.324 Y3.354
G1 F1800 X-20.831 Y3.86 E0.01787
G0 F7200 X-21.406 Y3.87
G1 F1800 X-20.476 Y2.94 E0.03281
G0 F7200 X-20.623 Y2.521
G1 F1800 X-21.981 Y3.879 E0.04791
G0 F7200 X-22.147 Y3.479
G1 F1800 X-20.681 Y2.013 E0.05172
G0 F7200 X-20.739 Y1.505
G1 F1800 X-22.292 Y3.058 E0.05479
G0 F7200 X-22.437 Y2.638
G1 F1800 X-20.797 Y0.998 E0.05786
G0 F7200 X-20.855 Y0.491
G1 F1800 X-22.562 Y2.197 E0.0602
G0 F7200 X-22.605 Y1.674
G1 F1800 X-20.908 Y-0.022 E0.05985
G0 F7200 X-20.884 Y-.612
G1 F1800 X-22.648 Y1.152 E0.06223
G0 F7200 X-22.701 Y0.639
G1 F1800 X-20.86 Y-1.201 E0.06493
G0 F7200 X-20.836 Y-1.792
G1 F1800 X-22.789 Y0.161 E0.0689
G0 F7200 X-22.824 Y-.369
G1 F1800 X-20.812 Y-2.382 E0.071
G0 F7200 X-20.607 Y-3.152
G1 F1800 X-22.796 Y-.962 E0.07724
G0 F7200 X-22.762 Y-1.563
G1 F1800 X-20.43 Y-3.895 E0.08227
G0 F7200 X-20.986 Y-3.905
G1 F1800 X-22.67 Y-2.22 E0.05943
G0 F7200 X-22.53 Y-2.926
G1 F1800 X-21.541 Y-3.915 E0.03489
G0 F7200 X-22.096 Y-3.926
G1 F1800 X-22.154 Y-3.867 E0.00206
G0 F7200 X-22.603 Y-4.047
G0 X-20.103 Y-4.295
G0 X20.838 Y0.016
G0 X21.121 Y0.008
G1 F1800 X20.921 Y-.888 E0.0229
G1 X20.702 Y-2.502 E0.04063
G1 X20.197 Y-4.088 E0.04152
G1 X22.428 Y-4.121 E0.05566
G1 X22.731 Y-3.129 E0.02587
G1 X22.92 Y-2.394 E0.01893
G1 X23.118 Y-1.242 E0.02916
G1 X23.384 Y0.001 E0.03171
G1 X23.19 Y1.126 E0.02848
G1 X23.05 Y2.408 E0.03217
G1 X22.705 Y4.069 E0.04232
G1 X20.417 Y4.031 E0.05708
G1 X20.795 Y2.451 E0.04053
G1 X20.954 Y1.501 E0.02403
G1 X21.121 Y0.008 E0.03748
G0 F7200 X20.84 Y0.017
G0 X20.108 Y-3.449
G0 X20.565 Y-3.594
G1 F1800 X20.869 Y-3.898 E0.01072
G0 F7200 X21.443 Y-3.907
G1 F1800 X20.701 Y-3.165 E0.02618
G0 F7200 X20.838 Y-2.736
G1 F1800 X22.017 Y-3.915 E0.04159
G0 F7200 X22.352 Y-3.684
G1 F1800 X20.935 Y-2.267 E0.04999
G0 F7200 X21.002 Y-1.769
G1 F1800 X22.484 Y-3.251 E0.05228
G0 F7200 X22.606 Y-2.807
G1 F1800 X21.07 Y-1.271 E0.05419
G0 F7200 X21.149 Y-.784
G1 F1800 X22.721 Y-2.357 E0.05547
G0 F7200 X22.806 Y-1.875
G1 F1800 X21.251 Y-.32 E0.05486
G0 F7200 X21.299 Y0.197
G1 F1800 X22.888 Y-1.392 E0.05606
G0 F7200 X22.982 Y-.92
G1 F1800 X21.229 Y0.833 E0.06184
G0 F7200 X21.159 Y1.469
G1 F1800 X23.081 Y-.454 E0.06782
G0 F7200 X23.178 Y0.016
G1 F1800 X21.05 Y2.143 E0.07505
G0 F7200 X20.904 Y2.855
G1 F1800 X23.06 Y0.699 E0.07606
G0 F7200 X22.963 Y1.361
G1 F1800 X20.725 Y3.599 E0.07895
G0 F7200 X21.048 Y3.842
G1 F1800 X22.894 Y1.996 E0.06512
G0 F7200 X22.793 Y2.663
G1 F1800 X21.605 Y3.851 E0.04191
G0 F7200 X22.161 Y3.86
G1 F1800 X22.644 Y3.377 E0.01704
;MESH:NONMESH
G0 F600 X22.644 Y3.377 Z13.4
G0 F7200 X23.115 Y3.474
G0 X22.878 Y4.285
G0 X20.161 Y4.232
G0 X-4.05 Y-3.889
G0 X-4.052 Y-4.052
;TIME_ELAPSED:978.788745
;LAYER:88
;TYPE:FILL
;MESH:pi 3mm_deformed_tet (6).stl
G1 F3600 X4.061 Y4.061 E0.28621
G1 X4.131 Y4.131
G0 F7200 X4.126 Y3.921
G0 X7.154 Y4.026
G0 X7.152 Y4.162
G1 F3600 X15.554 Y-4.241 E0.29642
G1 X15.624 Y-4.311
G0 F7200 X15.624 Y-4.102
G0 X18.359 Y-4.133
G0 X18.358 Y-4.27
G1 F3600 X21.117 Y-1.51 E0.09735
G1 X21.187 Y-1.44
G0 F7200 X20.989 Y-1.414
G0 X21.125 Y1.343
G0 X21.261 Y1.366
G1 F3600 X18.426 Y4.202 E0.10003
G1 X18.356 Y4.272
G0 F7200 X18.361 Y4.063
G0 X15.485 Y4.033
G0 X15.484 Y4.17
G1 F3600 X7.061 Y-4.253 E0.29714
G1 X6.991 Y-4.323
G0 F7200 X6.995 Y-4.112
G0 X4.12 Y-3.983
G0 X4.122 Y-4.122
G1 F3600 X-4.072 Y4.072 E0.28907
G1 X-4.142 Y4.142
G0 F7200 X-4.154 Y3.938
G0 X-7.151 Y4.035
G0 X-7.142 Y4.171
G1 F3600 X-15.527 Y-4.213 E0.29579
G1 X-15.597 Y-4.283
G0 F7200 X-15.595 Y-4.074
G0 X-18.367 Y-4.128
G0 X-18.364 Y-4.264
G1 F3600 X-20.936 Y-1.691 E0.09075
G1 X-21.006 Y-1.621
G0 F7200 X-20.801 Y-1.612
G0 X-20.663 Y1.815
G0 X-20.802 Y1.826
G1 F3600 X-18.393 Y4.234 E0.08497
G1 X-18.323 Y4.304
G0 F7200 X-18.325 Y4.094
G0 X-15.507 Y4.054
G0 X-15.507 Y4.193
G1 F3600 X-7.152 Y-4.161 E0.29473
G1 X-7.082 Y-4.231
G0 F7200 X-7.083 Y-4.02
G0 X-14.161 Y4.045
G0 X-14.169 Y4.34
;TYPE:WALL-INNER
G1 F3600 X-12.773 Y4.383 E0.03484
G1 X-11.626 Y4.372 E0.02861
G1 X-9.911 Y4.387 E0.04278
G1 X-8.877 Y4.356 E0.0258
G1 X-7.143 Y4.332 E0.04326
G1 X-6.021 Y4.249 E0.02806
G1 X-4.308 Y4.248 E0.04273
G1 X-3.073 Y4.165 E0.03088
G1 X-1.406 Y4.176 E0.04158
G1 X-.309 Y4.164 E0.02737
G1 X1.352 Y4.193 E0.04144
G1 X2.284 Y4.267 E0.02332
G1 X4.231 Y4.216 E0.04858
G1 X5.085 Y4.296 E0.0214
G1 X7.271 Y4.324 E0.05453
G1 X9.261 Y4.304 E0.04964
G1 X10.116 Y4.34 E0.02135
G1 X12.893 Y4.367 E0.06928
G1 X14.332 Y4.324 E0.03591
G1 X15.793 Y4.332 E0.03645
G1 X16.766 Y4.324 E0.02427
G1 X21.389 Y4.428 E0.11535
G1 X23.424 Y4.456 E0.05077
G1 X23.469 Y4.457 E0.00112
G1 X23.64 Y3.592 E0.022
G1 X23.878 Y2.464 E0.02876
G1 X24.083 Y0.626 E0.04613
G1 X24.189 Y-0.016 E0.01623
G1 X24.036 Y-.725 E0.01809
G1 X23.732 Y-2.479 E0.04441
G1 X23.45 Y-3.61 E0.02908
G1 X23.172 Y-4.505 E0.02338
G1 X23.129 Y-4.504 E0.00107
G1 X16.686 Y-4.404 E0.16074
G1 X14.221 Y-4.396 E0.06149
G1 X12.843 Y-4.44 E0.03439
G1 X10.094 Y-4.432 E0.06857
G1 X9.225 Y-4.396 E0.0217
G1 X7.197 Y-4.416 E0.05059
G1 X5.097 Y-4.364 E0.0524
G1 X4.228 Y-4.28 E0.02178
G1 X2.302 Y-4.315 E0.04805
G1 X1.359 Y-4.256 E0.02357
G1 X0.277 Y-4.208 E0.02702
G1 X-1.536 Y-4.161 E0.04524
G1 X-2.612 Y-4.231 E0.0269
G1 X-4.319 Y-4.208 E0.04259
G1 X-5.403 Y-4.308 E0.02716
G1 X-7.146 Y-4.32 E0.04348
G1 X-8.172 Y-4.364 E0.02562
G1 X-9.959 Y-4.38 E0.04458
G1 X-12.787 Y-4.364 E0.07055
G1 X-14.435 Y-4.391 E0.04112
G1 X-15.826 Y-4.368 E0.0347
G1 X-21.32 Y-4.488 E0.13708
G1 X-22.958 Y-4.512 E0.04086
G1 X-23.016 Y-4.513 E0.00145
G1 X-23.428 Y-3.486 E0.0276
G1 X-23.644 Y-2.501 E0.02515
G1 X-23.857 Y-.98 E0.03831
G1 X-23.901 Y-0.066 E0.02283
G1 X-23.662 Y1.209 E0.03236
G1 X-23.56 Y2.427 E0.03049
G1 F1500 X-22.853 Y4.462 E0.04299
G1 F3600 X-21.01 Y4.441 E0.04598
G1 X-16.682 Y4.364 E0.10798
G1 X-14.169 Y4.34 E0.06269
G0 F7200 X-14.181 Y4.74
;TYPE:WALL-OUTER
G1 F1800 X-12.777 Y4.783 E0.03504
G1 X-11.63 Y4.772 E0.02861
G1 X-9.907 Y4.787 E0.04298
G1 X-8.871 Y4.756 E0.02585
G1 X-7.125 Y4.732 E0.04356
G1 X-5.991 Y4.648 E0.02837
G1 X-4.295 Y4.648 E0.04231
G1 X-3.03 Y4.564 E0.03163
G1 X-1.402 Y4.576 E0.04061
G1 X-.316 Y4.564 E0.02709
G1 X1.32 Y4.592 E0.04082
G1 X2.274 Y4.667 E0.02387
G1 X4.227 Y4.616 E0.04873
G1 X5.063 Y4.696 E0.02095
G1 X7.275 Y4.724 E0.05518
G1 X9.245 Y4.704 E0.04914
G1 X10.106 Y4.74 E0.0215
G1 X12.897 Y4.767 E0.06963
G1 X14.33 Y4.724 E0.03576
G1 X15.796 Y4.732 E0.03657
G1 X16.757 Y4.724 E0.02397
G1 X21.383 Y4.828 E0.11543
G1 X23.345 Y4.855 E0.04895
G1 X23.796 Y4.861 E0.01125
G1 X24.032 Y3.674 E0.03019
G1 X24.274 Y2.528 E0.02922
G1 X24.478 Y0.691 E0.04611
G1 X24.596 Y-0.026 E0.01813
G1 X24.43 Y-.793 E0.01958
G1 X24.124 Y-2.562 E0.04478
G1 X23.835 Y-3.718 E0.02972
G1 X23.465 Y-4.909 E0.03111
G1 X23.006 Y-4.902 E0.01145
G1 X16.685 Y-4.804 E0.1577
G1 X14.233 Y-4.796 E0.06117
G1 X12.849 Y-4.84 E0.03454
G1 X10.085 Y-4.832 E0.06895
G1 X9.198 Y-4.796 E0.02214
G1 X7.194 Y-4.816 E0.04999
G1 X5.073 Y-4.764 E0.05292
G1 X4.212 Y-4.68 E0.02158
G1 X2.293 Y-4.715 E0.04788
G1 X1.341 Y-4.656 E0.02379
G1 X0.266 Y-4.608 E0.02684
G1 X-1.51 Y-4.56 E0.04432
G1 X-2.602 Y-4.631 E0.0273
G1 X-4.319 Y-4.608 E0.04283
G1 X-5.383 Y-4.708 E0.02666
G1 X-7.129 Y-4.72 E0.04356
G1 X-8.162 Y-4.764 E0.02579
G1 X-9.961 Y-4.78 E0.04488
G1 X-12.78 Y-4.764 E0.07032
G1 X-14.441 Y-4.791 E0.04144
G1 X-15.817 Y-4.768 E0.03433
G1 X-21.314 Y-4.888 E0.13716
G1 X-22.798 Y-4.91 E0.03702
G1 X-23.285 Y-4.917 E0.01215
G1 X-23.812 Y-3.604 E0.03529
G1 X-24.038 Y-2.572 E0.02635
G1 X-24.256 Y-1.017 E0.03917
G1 X-24.303 Y-0.038 E0.02445
G1 X-24.052 Y1.303 E0.03403
G1 X-23.954 Y2.51 E0.03021
G1 F1500 X-23.295 Y4.408 E0.04009
G1 F1800 X-23.162 Y4.866 E0.0119
G1 X-22.71 Y4.861 E0.01128
G1 X-21.003 Y4.841 E0.04258
G1 X-16.678 Y4.764 E0.1079
G1 X-14.181 Y4.74 E0.06229
G0 F7200 X-13.982 Y4.746
G0 X-13.962 Y4.051
G0 X-20.614 Y2.401
G0 X-20.888 Y2.434
;TYPE:SKIN
G1 F1800 X-20.312 Y4.047 E0.04272
G1 X-22.582 Y4.078 E0.05663
G1 X-23.182 Y2.342 E0.04582
G1 X-23.284 Y1.151 E0.02982
G1 X-23.518 Y-0.09 E0.0315
G1 X-23.476 Y-.937 E0.02115
G1 X-23.27 Y-2.428 E0.03755
G1 X-23.064 Y-3.364 E0.02391
G1 X-22.757 Y-4.129 E0.02056
G1 X-20.531 Y-4.088 E0.05554
G1 X-20.77 Y-3.283 E0.02095
G1 X-21.04 Y-2.52 E0.02019
G1 X-21.144 Y-0.053 E0.06159
G1 X-20.972 Y1.467 E0.03816
G1 X-20.888 Y2.434 E0.02421
G0 F7200 X-20.614 Y2.401
G0 X-20.372 Y3.217
G0 X-22.15 Y3.871
G1 F1800 X-22.596 Y3.426 E0.01572
G0 F7200 X-22.895 Y2.561
G1 F1800 X-21.592 Y3.864 E0.04597
G0 F7200 X-21.034 Y3.857
G1 F1800 X-23.023 Y1.867 E0.07018
G0 F7200 X-23.076 Y1.249
G1 F1800 X-20.664 Y3.661 E0.08509
G1 X-20.594 Y3.731
G0 F7200 X-20.186 Y3.582
G0 X-20.536 Y2.617
G0 X-20.984 Y2.775
G1 F1800 X-23.191 Y0.568 E0.07786
G0 F7200 X-23.316 Y-.123
G1 F1800 X-21.121 Y2.073 E0.07745
G0 F7200 X-21.176 Y1.452
G1 F1800 X-23.289 Y-.662 E0.07456
G0 F7200 X-23.241 Y-1.179
G1 F1800 X-21.246 Y0.815 E0.07036
G0 F7200 X-21.317 Y0.179
G1 F1800 X-23.172 Y-1.676 E0.06544
G0 F7200 X-23.103 Y-2.173
G1 F1800 X-21.329 Y-.399 E0.06258
G0 F7200 X-21.305 Y-.94
G1 F1800 X-23.016 Y-2.652 E0.06038
G0 F7200 X-22.915 Y-3.116
G1 F1800 X-21.282 Y-1.483 E0.05761
G0 F7200 X-21.258 Y-2.025
G1 F1800 X-22.777 Y-3.543 E0.05357
G0 F7200 X-22.593 Y-3.925
G1 F1800 X-21.234 Y-2.566 E0.04794
G0 F7200 X-21.087 Y-2.985
G1 F1800 X-22.016 Y-3.915 E0.03279
G0 F7200 X-21.44 Y-3.904
G1 F1800 X-20.942 Y-3.406 E0.01757
G0 F7200 X-20.485 Y-3.27
G0 X21.297 Y0.018
G0 X21.577 Y0.007
G1 F1800 X21.285 Y-1.304 E0.0335
G1 X21.122 Y-2.493 E0.02994
G1 X20.617 Y-4.083 E0.04162
G1 X22.892 Y-4.117 E0.05676
G1 X23.079 Y-3.506 E0.01594
G1 X23.36 Y-2.394 E0.02861
G1 X23.658 Y-.658 E0.04394
G1 X23.8 Y-0.003 E0.01672
G1 X23.71 Y0.526 E0.01339
G1 X23.498 Y2.404 E0.04714
G1 X23.157 Y4.069 E0.0424
G1 X20.845 Y4.035 E0.05768
G1 X21.223 Y2.443 E0.04082
G1 X21.474 Y0.958 E0.03757
G1 X21.577 Y0.007 E0.02386
G0 F7200 X21.297 Y0.018
G0 X20.687 Y3.503
G0 X21.15 Y3.614
G1 F1800 X21.379 Y3.842 E0.00806
G0 F7200 X21.954 Y3.852
G1 F1800 X21.259 Y3.157 E0.02452
G0 F7200 X21.367 Y2.7
G1 F1800 X22.528 Y3.86 E0.04094
G0 F7200 X23.013 Y3.779
G1 F1800 X21.462 Y2.229 E0.0547
G0 F7200 X21.543 Y1.744
G1 F1800 X23.109 Y3.31 E0.05524
G0 F7200 X23.205 Y2.84
G1 F1800 X21.625 Y1.261 E0.05572
G0 F7200 X21.696 Y0.766
G1 F1800 X23.301 Y2.37 E0.0566
G0 F7200 X23.359 Y1.863
G1 F1800 X21.75 Y0.254 E0.05676
G0 F7200 X21.696 Y-.366
G1 F1800 X23.417 Y1.355 E0.06071
G0 F7200 X23.474 Y0.846
G1 F1800 X21.536 Y-1.091 E0.06835
G0 F7200 X21.422 Y-1.771
G1 F1800 X23.538 Y0.345 E0.07465
G0 F7200 X23.551 Y-.208
G1 F1800 X21.331 Y-2.427 E0.0783
G1 X21.261 Y-2.497
G0 F7200 X21.098 Y-3.227
G1 F1800 X23.412 Y-.913 E0.08163
G0 F7200 X23.294 Y-1.596
G1 F1800 X21.002 Y-3.888 E0.08086
G0 F7200 X21.559 Y-3.897
G1 F1800 X23.178 Y-2.278 E0.05711
G0 F7200 X22.994 Y-3.027
G1 F1800 X22.116 Y-3.905 E0.03097
G0 F7200 X22.674 Y-3.913
G1 F1800 X22.805 Y-3.782 E0.00462
;MESH:NONMESH
G0 F600 X22.805 Y-3.782 Z13.55
G0 F7200 X23.249 Y-3.919
G0 X-4.071 Y-3.911
G0 X-4.072 Y-4.072
;TIME_ELAPSED:995.433085
;LAYER:89
;TYPE:FILL
;MESH:pi 3mm_deformed_tet (6).stl
G1 F3600 X4.081 Y4.081 E0.28762
G1 X4.151 Y4.151
G0 F7200 X4.147 Y3.942
G0 X7.145 Y4.034
G0 X7.143 Y4.171
G1 F3600 X15.55 Y-4.236 E0.29658
G1 X15.62 Y-4.306
G0 F7200 X15.62 Y-4.097
G0 X18.366 Y-4.125
G0 X18.365 Y-4.262
G1 F3600 X21.678 Y-.949 E0.11688
G1 X21.748 Y-.879
G0 F7200 X21.559 Y-.838
G0 X21.639 Y0.828
G0 X21.776 Y0.851
G1 F3600 X18.433 Y4.195 E0.11795
G1 X18.363 Y4.265
G0 F7200 X18.368 Y4.055
G0 X15.48 Y4.029
G0 X15.479 Y4.166
G1 F3600 X7.054 Y-4.26 E0.29723
G1 X6.984 Y-4.33
G0 F7200 X6.988 Y-4.119
G0 X4.14 Y-4.003
G0 X4.142 Y-4.142
G1 F3600 X-4.088 Y4.088 E0.29034
G1 X-4.158 Y4.158
G0 F7200 X-4.17 Y3.956
G0 X-7.145 Y4.04
G0 X-7.136 Y4.178
G1 F3600 X-15.521 Y-4.207 E0.2958
G1 X-15.591 Y-4.277
G0 F7200 X-15.589 Y-4.069
G0 X-18.373 Y-4.122
G0 X-18.37 Y-4.257
G1 F3600 X-21.388 Y-1.24 E0.10645
G1 X-21.458 Y-1.17
G0 F7200 X-21.253 Y-1.161
G0 X-21.153 Y1.324
G0 X-21.292 Y1.335
G1 F3600 X-18.403 Y4.224 E0.10192
G1 X-18.333 Y4.294
G0 F7200 X-18.335 Y4.087
G0 X-15.508 Y4.053
G0 X-15.507 Y4.193
G1 F3600 X-7.146 Y-4.168 E0.29496
G1 X-7.076 Y-4.238
G0 F7200 X-7.077 Y-4.028
G0 X-11.761 Y4.075
G0 X-11.765 Y4.372
;TYPE:WALL-INNER
G1 F3600 X-9.907 Y4.392 E0.04635
G1 X-9.04 Y4.364 E0.02164
G1 X-7.156 Y4.34 E0.047
G1 X-6.208 Y4.265 E0.02372
G1 X-4.332 Y4.264 E0.0468
G1 X-3.23 Y4.192 E0.02755
G1 X-1.465 Y4.208 E0.04403
G1 X-.461 Y4.196 E0.02505
G1 X1.359 Y4.229 E0.04541
G1 X2.16 Y4.291 E0.02004
G1 X4.255 Y4.236 E0.05228
G1 X4.952 Y4.3 E0.01746
G1 X7.29 Y4.332 E0.05833
G1 X9.42 Y4.312 E0.05314
G1 X10.119 Y4.34 E0.01745
G1 X12.881 Y4.367 E0.0689
G1 X14.432 Y4.32 E0.03871
G1 X15.755 Y4.328 E0.033
G1 X16.853 Y4.32 E0.02739
G1 X21.502 Y4.42 E0.116
G1 X23.88 Y4.452 E0.05932
G1 X23.926 Y4.453 E0.00115
G1 F1500 X24.326 Y2.463 E0.04051
G1 X24.606 Y-0.027 E0.05
G1 X24.176 Y-2.479 E0.04968
G1 F3600 X23.798 Y-3.99 E0.03885
G1 X23.64 Y-4.501 E0.01334
G1 X23.597 Y-4.5 E0.00107
G1 X16.774 Y-4.4 E0.17022
G1 X14.324 Y-4.392 E0.06112
G1 X12.831 Y-4.44 E0.03726
G1 X10.093 Y-4.432 E0.0683
G1 X9.354 Y-4.404 E0.01845
G1 X7.217 Y-4.424 E0.05331
G1 X4.969 Y-4.368 E0.05609
G1 X4.251 Y-4.3 E0.01799
G1 X2.174 Y-4.335 E0.05182
G1 X0.435 Y-4.244 E0.04344
G1 X-1.518 Y-4.196 E0.04873
G1 X-2.495 Y-4.255 E0.02442
G1 X-4.346 Y-4.228 E0.04618
G1 X-5.279 Y-4.316 E0.02338
G1 X-7.174 Y-4.328 E0.04727
G1 X-8.027 Y-4.364 E0.0213
G1 X-9.972 Y-4.38 E0.04852
G1 X-12.769 Y-4.368 E0.06977
G1 X-14.179 Y-4.387 E0.03518
G1 X-15.789 Y-4.364 E0.04017
G1 X-21.43 Y-4.48 E0.14075
G1 X-23.453 Y-4.509 E0.05047
G1 X-23.512 Y-4.51 E0.00147
G1 X-23.772 Y-3.859 E0.01749
G1 X-24.068 Y-2.502 E0.03465
G1 F1500 X-24.361 Y-.42 E0.04196
G1 F3600 X-24.377 Y-0.07 E0.00874
G1 X-24.058 Y1.65 E0.04364
G1 X-23.992 Y2.423 E0.01935
G1 X-23.584 Y3.599 E0.03105
G1 X-23.332 Y4.458 E0.02233
G1 X-23.285 Y4.457 E0.00117
G1 X-21.326 Y4.436 E0.04887
G1 X-16.768 Y4.356 E0.11372
G1 X-15.736 Y4.356 E0.02574
G1 X-14.255 Y4.336 E0.03695
G1 X-12.754 Y4.383 E0.03746
G1 X-11.765 Y4.372 E0.02467
G0 F7200 X-11.769 Y4.772
;TYPE:WALL-OUTER
G1 F1800 X-9.903 Y4.792 E0.04655
G1 X-9.035 Y4.764 E0.02166
G1 X-7.138 Y4.74 E0.04732
G1 X-6.176 Y4.664 E0.02407
G1 X-4.319 Y4.664 E0.04632
G1 X-3.218 Y4.592 E0.02752
G1 X-1.461 Y4.608 E0.04383
G1 X-.468 Y4.596 E0.02477
G1 X1.328 Y4.628 E0.04481
G1 X2.15 Y4.691 E0.02057
G1 X4.251 Y4.636 E0.05243
G1 X4.931 Y4.7 E0.01704
G1 X7.294 Y4.732 E0.05895
G1 X9.404 Y4.712 E0.05264
G1 X10.109 Y4.74 E0.0176
G1 X12.885 Y4.767 E0.06925
G1 X14.43 Y4.72 E0.03856
G1 X15.758 Y4.728 E0.03313
G1 X16.845 Y4.72 E0.02712
G1 X21.496 Y4.82 E0.11605
G1 X23.801 Y4.851 E0.0575
G1 X24.252 Y4.857 E0.01125
G1 F1500 X24.722 Y2.525 E0.04747
G1 X24.989 Y0.097 E0.04875
G1 F1800 X25.015 Y-0.03 E0.00323
G1 X24.974 Y-.213 E0.00468
G1 F1500 X24.568 Y-2.562 E0.04757
G1 F1800 X24.183 Y-4.098 E0.0395
G1 X23.933 Y-4.905 E0.02107
G1 X23.473 Y-4.898 E0.01148
G1 X16.773 Y-4.8 E0.16715
G1 X14.337 Y-4.792 E0.06077
G1 X12.837 Y-4.84 E0.03744
G1 X10.085 Y-4.832 E0.06865
G1 X9.358 Y-4.804 E0.01815
G1 X7.214 Y-4.824 E0.05348
G1 X4.945 Y-4.768 E0.05662
G1 X4.236 Y-4.7 E0.01777
G1 X2.165 Y-4.735 E0.05167
G1 X0.425 Y-4.644 E0.04346
G1 X-1.525 Y-4.596 E0.04866
G1 X-2.485 Y-4.655 E0.02399
G1 X-4.348 Y-4.628 E0.04648
G1 X-5.259 Y-4.716 E0.02283
G1 X-7.158 Y-4.728 E0.04737
G1 X-8.017 Y-4.764 E0.02145
G1 X-9.974 Y-4.78 E0.04882
G1 X-12.763 Y-4.768 E0.06957
G1 X-14.185 Y-4.787 E0.03548
G1 X-15.781 Y-4.764 E0.03982
G1 X-21.424 Y-4.88 E0.14079
G1 X-23.293 Y-4.907 E0.04663
G1 X-23.781 Y-4.914 E0.01217
G1 X-24.156 Y-3.977 E0.02518
G1 X-24.462 Y-2.572 E0.03587
G1 F1500 X-24.76 Y-.457 E0.04262
G1 F1800 X-24.779 Y-0.042 E0.01036
G1 X-24.448 Y1.743 E0.04529
G1 X-24.386 Y2.506 E0.0191
G1 X-23.968 Y3.711 E0.03182
G1 X-23.63 Y4.862 E0.02992
G1 X-23.167 Y4.857 E0.01155
G1 X-21.319 Y4.836 E0.0461
G1 X-16.768 Y4.756 E0.11354
G1 X-15.73 Y4.756 E0.02589
G1 X-14.267 Y4.736 E0.0365
G1 X-12.758 Y4.783 E0.03766
G1 X-11.769 Y4.772 E0.02467
G0 F7200 X-11.569 Y4.774
G0 X-11.561 Y4.077
G0 X-21.063 Y2.394
G0 X-21.336 Y2.426
;TYPE:SKIN
G1 F1800 X-20.76 Y4.043 E0.04282
G1 X-23.046 Y4.074 E0.05703
G1 X-23.228 Y3.455 E0.01609
G1 X-23.614 Y2.346 E0.02929
G1 X-23.668 Y1.683 E0.01659
G1 X-24.009 Y-.172 E0.04705
G1 X-23.694 Y-2.428 E0.05682
G1 X-23.407 Y-3.737 E0.03343
G1 X-23.253 Y-4.125 E0.01041
G1 X-20.915 Y-4.088 E0.05833
G1 X-21.472 Y-2.515 E0.04163
G1 X-21.576 Y-0.057 E0.06137
G1 X-21.465 Y0.93 E0.02478
G1 X-21.336 Y2.426 E0.03746
G0 F7200 X-21.063 Y2.394
G0 X-20.691 Y3.435
G0 X-21.133 Y3.597
G1 F1800 X-21.389 Y3.852 E0.00901
G0 F7200 X-21.962 Y3.86
G1 F1800 X-21.283 Y3.181 E0.02395
G0 F7200 X-21.434 Y2.766
G1 F1800 X-22.535 Y3.868 E0.03886
G0 F7200 X-22.932 Y3.699
G1 F1800 X-21.546 Y2.313 E0.04889
G0 F7200 X-21.592 Y1.793
G1 F1800 X-23.078 Y3.279 E0.05242
G0 F7200 X-23.224 Y2.859
G1 F1800 X-21.637 Y1.272 E0.05599
G0 F7200 X-21.686 Y0.756
G1 F1800 X-23.369 Y2.439 E0.05937
G0 F7200 X-23.446 Y1.95
G1 F1800 X-21.742 Y0.246 E0.06011
G0 F7200 X-21.766 Y-.296
G1 F1800 X-23.507 Y1.445 E0.06142
G0 F7200 X-23.595 Y0.968
G1 F1800 X-21.741 Y-.887 E0.06542
G0 F7200 X-21.715 Y-1.479
G1 F1800 X-23.683 Y0.49 E0.06944
G0 F7200 X-23.772 Y0.013
G1 F1800 X-21.689 Y-2.07 E0.07348
G0 F7200 X-21.613 Y-2.711
G1 F1800 X-23.751 Y-.573 E0.07542
G0 F7200 X-23.659 Y-1.231
G1 F1800 X-21.305 Y-3.585 E0.08304
G0 F7200 X-21.557 Y-3.899
G1 F1800 X-23.567 Y-1.889 E0.07091
G0 F7200 X-23.46 Y-2.562
G1 F1800 X-22.113 Y-3.908 E0.0475
G0 F7200 X-22.671 Y-3.917
G1 F1800 X-23.301 Y-3.287 E0.02222
G1 X-23.371 Y-3.217
G0 F7200 X-21.246 Y-2.47
G0 X21.765 Y0.069
G0 X22.044 Y0.062
G1 F1800 X21.65 Y-1.704 E0.04514
G1 X21.539 Y-2.497 E0.01997
G1 X21.192 Y-3.584 E0.02846
G1 X21.046 Y-4.08 E0.0129
G1 X23.372 Y-4.113 E0.05803
G1 X23.796 Y-2.434 E0.0432
G1 X24.217 Y-0.021 E0.0611
G1 X23.946 Y2.405 E0.06089
G1 X23.612 Y4.065 E0.04224
G1 X21.294 Y4.035 E0.05783
G1 X21.422 Y3.419 E0.01569
G1 X21.655 Y2.443 E0.02503
G1 X22.044 Y0.062 E0.06018
G0 F7200 X21.765 Y0.069
G0 X20.877 Y-3.667
G0 X21.338 Y-3.801
G1 F1800 X21.422 Y-3.886 E0.00298
G0 F7200 X21.473 Y-3.371
G1 F1800 X21.996 Y-3.894 E0.01845
G0 F7200 X22.57 Y-3.903
G1 F1800 X21.608 Y-2.941 E0.03394
G0 F7200 X21.74 Y-2.507
G1 F1800 X23.144 Y-3.91 E0.04951
G0 F7200 X23.315 Y-3.516
G1 F1800 X21.809 Y-2.01 E0.05313
G0 F7200 X21.893 Y-1.529
G1 F1800 X23.429 Y-3.065 E0.05419
G0 F7200 X23.544 Y-2.613
G1 F1800 X21.997 Y-1.067 E0.05456
G0 F7200 X22.101 Y-.605
G1 F1800 X23.642 Y-2.146 E0.05436
G0 F7200 X23.727 Y-1.665
G1 F1800 X22.205 Y-.143 E0.05369
G0 F7200 X22.185 Y0.443
G1 F1800 X23.81 Y-1.183 E0.05734
G0 F7200 X23.895 Y-.701
G1 F1800 X22.074 Y1.119 E0.06422
G0 F7200 X21.963 Y1.795
G1 F1800 X23.979 Y-.22 E0.0711
G0 F7200 X23.974 Y0.351
G1 F1800 X21.852 Y2.472 E0.07484
G0 F7200 X21.677 Y3.213
G1 F1800 X23.902 Y0.988 E0.07849
G0 F7200 X23.832 Y1.624
G1 F1800 X21.617 Y3.839 E0.07814
G0 F7200 X22.175 Y3.847
G1 F1800 X23.76 Y2.261 E0.05593
G0 F7200 X23.631 Y2.956
G1 F1800 X22.733 Y3.854 E0.03168
G0 F7200 X23.291 Y3.862
G1 F1800 X23.489 Y3.664 E0.00698
;MESH:NONMESH
G0 F600 X23.489 Y3.664 Z13.7
G0 F7200 X21.258 Y3.123
G0 X-4.092 Y-3.932
G0 X-4.093 Y-4.093
;TIME_ELAPSED:1012.417008
;LAYER:90
;TYPE:FILL
;MESH:pi 3mm_deformed_tet (6).stl
G1 F3600 X4.104 Y4.104 E0.28917
G1 X4.174 Y4.174
G0 F7200 X4.17 Y3.963
G0 X7.137 Y4.042
G0 X7.135 Y4.178
G1 F3600 X15.546 Y-4.232 E0.2967
G1 X15.616 Y-4.302
G0 F7200 X15.616 Y-4.092
G0 X18.37 Y-4.117
G0 X18.369 Y-4.258
G1 F3600 X22.26 Y-.367 E0.13727
G0 F7200 X22.284 Y0.343
G1 F3600 X18.437 Y4.19 E0.13571
G1 X18.367 Y4.26
G0 F7200 X18.372 Y4.051
G0 X15.477 Y4.025
G0 X15.476 Y4.162
G1 F3600 X7.046 Y-4.267 E0.29737
G1 X6.976 Y-4.337
G0 F7200 X6.98 Y-4.126
G0 X4.16 Y-4.022
G0 X4.162 Y-4.162
G1 F3600 X-4.108 Y4.108 E0.29175
G1 X-4.178 Y4.178
G0 F7200 X-4.19 Y3.976
G0 X-7.139 Y4.045
G0 X-7.13 Y4.184
G1 F3600 X-15.517 Y-4.203 E0.29587
G1 X-15.587 Y-4.273
G0 F7200 X-15.585 Y-4.065
G0 X-18.377 Y-4.119
G0 X-18.375 Y-4.253
G1 F3600 X-21.841 Y-.786 E0.12229
G1 X-21.911 Y-.716
G0 F7200 X-21.706 Y-.707
G0 X-21.644 Y0.833
G0 X-21.783 Y0.844
G1 F3600 X-18.405 Y4.223 E0.11919
G1 X-18.335 Y4.293
G0 F7200 X-18.338 Y4.081
G0 X-15.505 Y4.049
G0 X-15.504 Y4.19
G1 F3600 X-7.138 Y-4.176 E0.29513
G1 X-7.068 Y-4.246
G0 F7200 X-7.069 Y-4.036
G0 X16.945 Y4.019
G0 X16.938 Y4.316
;TYPE:WALL-INNER
G1 F3600 X19.398 Y4.372 E0.06138
G1 X24.338 Y4.451 E0.12324
G1 X24.384 Y4.452 E0.00115
G1 X24.74 Y2.641 E0.04604
G1 X24.74 Y2.386 E0.00636
G1 X24.735 Y-0.064 E0.06112
G1 X24.722 Y-1.691 E0.04059
G1 X24.72 Y-1.902 E0.00526
G1 X24.62 Y-2.479 E0.01461
G1 F1500 X24.112 Y-4.501 E0.04161
G1 F3600 X24.061 Y-4.5 E0.00127
G1 X16.862 Y-4.396 E0.1796
G1 X14.428 Y-4.388 E0.06072
G1 X12.819 Y-4.44 E0.04016
G1 X10.098 Y-4.432 E0.06788
G1 X9.546 Y-4.408 E0.01378
G1 X7.236 Y-4.432 E0.05763
G1 X4.841 Y-4.376 E0.05976
G1 X4.27 Y-4.32 E0.01431
G1 X2.05 Y-4.359 E0.05539
G1 X1.378 Y-4.316 E0.0168
G1 X0.6 Y-4.284 E0.01942
G1 X-1.538 Y-4.228 E0.05335
G1 X-2.374 Y-4.279 E0.02089
G1 X-4.37 Y-4.248 E0.0498
G1 X-5.155 Y-4.32 E0.01966
G1 X-7.196 Y-4.336 E0.05091
G1 X-7.883 Y-4.364 E0.01715
G1 X-9.975 Y-4.384 E0.05219
G1 X-12.753 Y-4.372 E0.0693
G1 X-13.935 Y-4.387 E0.02949
G1 X-15.742 Y-4.36 E0.04508
G1 X-18.35 Y-4.416 E0.06507
G1 X-20.336 Y-4.446 E0.04955
G1 X-21.555 Y-4.476 E0.03042
G1 X-23.947 Y-4.508 E0.05967
G1 X-24.004 Y-4.509 E0.00142
G1 X-24.116 Y-4.23 E0.0075
G1 X-24.496 Y-2.497 E0.04426
G1 X-24.767 Y-.566 E0.04864
G1 X-24.766 Y-.357 E0.00521
G1 X-24.765 Y0.055 E0.01028
G1 X-24.763 Y0.442 E0.00965
G1 X-24.445 Y2.151 E0.04336
G1 X-24.424 Y2.418 E0.00668
G1 X-24.256 Y2.901 E0.01276
G1 X-23.797 Y4.454 E0.0404
G1 X-23.752 Y4.453 E0.00112
G1 X-19.269 Y4.4 E0.11184
G1 X-16.852 Y4.352 E0.0603
G1 X-15.699 Y4.352 E0.02876
G1 X-14.378 Y4.336 E0.03295
G1 X-12.73 Y4.384 E0.04113
G1 X-11.91 Y4.376 E0.02046
G1 X-9.904 Y4.396 E0.05004
G1 X-9.203 Y4.372 E0.0175
G1 X-7.168 Y4.348 E0.05077
G1 X-6.388 Y4.285 E0.01952
G1 X-4.36 Y4.284 E0.05059
G1 X-3.418 Y4.224 E0.02355
G1 X-1.484 Y4.24 E0.04825
G1 X-.616 Y4.228 E0.02165
G1 X1.373 Y4.265 E0.04962
G1 X2.033 Y4.319 E0.01652
G1 X4.277 Y4.26 E0.056
G1 X4.823 Y4.308 E0.01367
G1 X7.3 Y4.34 E0.06179
G1 X9.582 Y4.32 E0.05693
G1 X10.123 Y4.34 E0.0135
G1 X12.865 Y4.372 E0.0684
G1 X14.533 Y4.316 E0.04163
G1 X15.721 Y4.324 E0.02964
G1 X16.938 Y4.316 E0.03036
G0 F7200 X16.929 Y4.716
;TYPE:WALL-OUTER
G1 F1800 X19.392 Y4.772 E0.06146
G1 X24.258 Y4.85 E0.1214
G1 X24.712 Y4.857 E0.01133
G1 F1500 X25.14 Y2.68 E0.04428
G1 F1800 X25.139 Y1.994 E0.01711
G1 X25.135 Y-0.067 E0.05141
G1 X25.125 Y-1.315 E0.03113
G1 X25.12 Y-1.938 E0.01554
G1 X25.012 Y-2.562 E0.0158
G1 F1500 X24.422 Y-4.905 E0.04822
G1 F1800 X23.937 Y-4.898 E0.0121
G1 X16.861 Y-4.796 E0.17653
G1 X14.441 Y-4.788 E0.06037
G1 X12.825 Y-4.84 E0.04033
G1 X10.089 Y-4.832 E0.06825
G1 X9.517 Y-4.808 E0.01428
G1 X7.234 Y-4.832 E0.05695
G1 X4.817 Y-4.776 E0.06031
G1 X4.256 Y-4.72 E0.01406
G1 X2.041 Y-4.759 E0.05526
G1 X1.361 Y-4.716 E0.017
G1 X0.59 Y-4.684 E0.01925
G1 X-1.545 Y-4.628 E0.05328
G1 X-2.365 Y-4.679 E0.02049
G1 X-4.371 Y-4.648 E0.05005
G1 X-5.135 Y-4.72 E0.01914
G1 X-7.18 Y-4.736 E0.05101
G1 X-7.873 Y-4.764 E0.0173
G1 X-9.977 Y-4.784 E0.05249
G1 X-12.747 Y-4.772 E0.0691
G1 X-13.941 Y-4.787 E0.02979
G1 X-15.741 Y-4.76 E0.04491
G1 X-18.344 Y-4.816 E0.06495
G1 X-20.326 Y-4.846 E0.04945
G1 X-21.549 Y-4.876 E0.03052
G1 X-23.788 Y-4.906 E0.05586
G1 X-24.273 Y-4.913 E0.0121
G1 X-24.5 Y-4.348 E0.01519
G1 X-24.89 Y-2.568 E0.04546
G1 X-25.167 Y-.591 E0.0498
G1 X-25.163 Y0.478 E0.02667
G1 X-24.844 Y2.183 E0.04327
G1 X-24.818 Y2.502 E0.00798
G1 X-24.64 Y3.015 E0.01355
G1 X-24.095 Y4.858 E0.04794
G1 X-23.634 Y4.852 E0.0115
G1 X-19.261 Y4.8 E0.10909
G1 X-16.852 Y4.752 E0.0601
G1 X-15.694 Y4.752 E0.02889
G1 X-14.39 Y4.736 E0.03253
G1 X-12.734 Y4.784 E0.04133
G1 X-11.914 Y4.776 E0.02046
G1 X-9.899 Y4.796 E0.05027
G1 X-9.199 Y4.772 E0.01747
G1 X-7.15 Y4.748 E0.05112
G1 X-6.356 Y4.684 E0.01987
G1 X-4.347 Y4.684 E0.05011
G1 X-3.406 Y4.624 E0.02352
G1 X-1.479 Y4.64 E0.04807
G1 X-.624 Y4.628 E0.02133
G1 X1.341 Y4.664 E0.04903
G1 X2.022 Y4.719 E0.01704
G1 X4.274 Y4.66 E0.0562
G1 X4.803 Y4.708 E0.01325
G1 X7.304 Y4.74 E0.06239
G1 X9.568 Y4.72 E0.05648
G1 X10.113 Y4.74 E0.0136
G1 X12.869 Y4.772 E0.06875
G1 X14.53 Y4.716 E0.04146
G1 X15.723 Y4.724 E0.02976
G1 X16.929 Y4.716 E0.03008
G0 F7200 X17.128 Y4.72
G0 X17.144 Y4.023
G0 X22.201 Y0.001
G0 X22.48 Y-0.006
;TYPE:SKIN
G1 F1800 X22.013 Y-2.128 E0.0542
G1 X21.962 Y-2.477 E0.0088
G1 X21.806 Y-2.975 E0.01302
G1 X21.482 Y-4.083 E0.0288
G1 X23.816 Y-4.114 E0.05823
G1 X24.248 Y-2.394 E0.04424
G1 X24.34 Y-1.873 E0.0132
G1 X24.36 Y2.604 E0.11168
G1 X24.072 Y4.065 E0.03715
G1 X21.738 Y4.027 E0.05823
G1 X21.984 Y2.854 E0.0299
G1 X22.083 Y2.453 E0.0103
G1 X22.48 Y-0.006 E0.06213
G0 F7200 X22.201 Y0.001
G0 X21.608 Y3.307
G0 X22.073 Y3.405
G1 F1800 X22.507 Y3.839 E0.01531
G0 F7200 X23.081 Y3.848
G1 F1800 X22.171 Y2.938 E0.0321
G0 F7200 X22.282 Y2.483
G1 F1800 X23.656 Y3.857 E0.04847
G0 F7200 X23.961 Y3.596
G1 F1800 X22.359 Y1.995 E0.0565
G0 F7200 X22.436 Y1.506
G1 F1800 X24.054 Y3.124 E0.05708
G0 F7200 X24.148 Y2.652
G1 F1800 X22.514 Y1.018 E0.05764
G0 F7200 X22.591 Y0.53
G1 F1800 X24.158 Y2.097 E0.05528
G0 F7200 X24.156 Y1.529
G1 F1800 X22.668 Y0.041 E0.05249
G0 F7200 X22.543 Y-.651
G1 F1800 X24.153 Y0.96 E0.05681
G0 F7200 X24.151 Y0.392
G1 F1800 X22.383 Y-1.376 E0.06237
G0 F7200 X22.224 Y-2.101
G1 F1800 X24.148 Y-.177 E0.06787
G0 F7200 X24.146 Y-.745
G1 F1800 X22.061 Y-2.829 E0.07354
G1 X21.991 Y-2.899
G0 F7200 X21.821 Y-3.635
G1 F1800 X24.143 Y-1.313 E0.08191
G0 F7200 X24.135 Y-1.887
G1 F1800 X22.13 Y-3.891 E0.07071
G0 F7200 X22.689 Y-3.898
G1 F1800 X23.99 Y-2.597 E0.0459
G0 F7200 X23.801 Y-3.352
G1 F1800 X23.247 Y-3.906 E0.01954
G0 F7200 X21.454 Y-3.354
G0 X-21.512 Y2.389
G0 X-21.78 Y2.461
G1 F1800 X-21.212 Y4.043 E0.04193
G1 X-23.514 Y4.07 E0.05743
G1 X-23.882 Y2.811 E0.03272
G1 X-24.047 Y2.336 E0.01254
G1 X-24.079 Y2.011 E0.00815
G1 X-24.38 Y0.409 E0.04066
G1 X-24.383 Y-.534 E0.02352
G1 X-24.122 Y-2.424 E0.04759
G1 X-23.747 Y-4.125 E0.04345
G1 X-21.343 Y-4.088 E0.05998
G1 X-21.904 Y-2.511 E0.04175
G1 X-22.012 Y-0.057 E0.06127
G1 X-21.961 Y0.39 E0.01122
G1 X-21.78 Y2.461 E0.05186
G0 F7200 X-21.512 Y2.389
G0 X-21.184 Y3.455
G0 X-23.286 Y3.867
G1 F1800 X-23.399 Y3.754 E0.00399
G0 F7200 X-22.726 Y3.861
G1 F1800 X-23.632 Y2.956 E0.03194
G1 X-23.702 Y2.886
G0 F7200 X-23.863 Y2.158
G1 F1800 X-22.168 Y3.854 E0.05981
G0 F7200 X-21.609 Y3.847
G1 F1800 X-23.975 Y1.481 E0.08347
G0 F7200 X-24.106 Y0.784
G1 F1800 X-21.747 Y3.143 E0.08322
G1 X-21.677 Y3.213
G0 F7200 X-21.995 Y2.329
G1 F1800 X-24.182 Y0.143 E0.07713
G0 F7200 X-24.183 Y-.424
G1 F1800 X-22.048 Y1.71 E0.0753
G0 F7200 X-22.102 Y1.091
G1 F1800 X-24.126 Y-.933 E0.0714
G0 F7200 X-24.058 Y-1.43
G1 F1800 X-22.154 Y0.473 E0.06715
G0 F7200 X-22.207 Y-.146
G1 F1800 X-23.989 Y-1.928 E0.06286
G0 F7200 X-23.918 Y-2.422
G1 F1800 X-22.183 Y-.687 E0.06121
G0 F7200 X-22.159 Y-1.228
G1 F1800 X-23.816 Y-2.886 E0.05847
G0 F7200 X-23.714 Y-3.349
G1 F1800 X-22.135 Y-1.77 E0.0557
G0 F7200 X-22.11 Y-2.311
G1 F1800 X-23.612 Y-3.813 E0.05299
G0 F7200 X-23.148 Y-3.915
G1 F1800 X-22.017 Y-2.784 E0.0399
G0 F7200 X-21.869 Y-3.202
G1 F1800 X-22.574 Y-3.906 E0.02485
G0 F7200 X-22 Y-3.898
G1 F1800 X-21.721 Y-3.619 E0.00984
G0 F7200 X-20.992 Y-3.358
;MESH:NONMESH
G0 F600 X-20.992 Y-3.358 Z13.85
G0 F7200 X-4.113 Y-3.953
G0 X-4.115 Y-4.115
;TIME_ELAPSED:1029.207441
;LAYER:91
;TYPE:FILL
;MESH:pi 3mm_deformed_tet (6).stl
G1 F3600 X4.125 Y4.125 E0.29069
G1 X4.195 Y4.195
G0 F7200 X4.19 Y3.983
G0 X7.13 Y4.05
G0 X7.128 Y4.186
G1 F3600 X15.539 Y-4.226 E0.29674
G1 X15.609 Y-4.296
G0 F7200 X15.609 Y-4.087
G0 X18.381 Y-4.114
G0 X18.38 Y-4.248
G1 F3600 X22.746 Y0.118 E0.15402
G0 F7200 X22.743 Y-.115
G1 F3600 X18.443 Y4.185 E0.15169
G1 X18.373 Y4.255
G0 F7200 X18.378 Y4.044
G0 X15.472 Y4.021
G0 X15.471 Y4.158
G1 F3600 X7.039 Y-4.274 E0.29746
G1 X6.969 Y-4.344
G0 F7200 X6.973 Y-4.134
G0 X4.181 Y-4.042
G0 X4.183 Y-4.183
G1 F3600 X-4.128 Y4.128 E0.29319
G1 X-4.198 Y4.198
G0 F7200 X-4.21 Y3.995
G0 X-7.135 Y4.051
G0 X-7.126 Y4.187
G1 F3600 X-15.513 Y-4.199 E0.29586
G1 X-15.583 Y-4.269
G0 F7200 X-15.581 Y-4.06
G0 X-18.377 Y-4.114
G0 X-18.375 Y-4.253
G1 F3600 X-22.296 Y-.331 E0.13834
G0 F7200 X-22.277 Y0.35
G1 F3600 X-18.41 Y4.217 E0.13642
G1 X-18.34 Y4.287
G0 F7200 X-18.343 Y4.075
G0 X-15.494 Y4.043
G0 X-15.493 Y4.179
G1 F3600 X-7.133 Y-4.18 E0.2949
G1 X-7.063 Y-4.25
G0 F7200 X-7.064 Y-4.043
G0 X-9.91 Y4.102
G0 X-9.898 Y4.399
;TYPE:WALL-INNER
G1 F3600 X-7.18 Y4.352 E0.06781
G1 X-6.566 Y4.305 E0.01536
G1 X-4.383 Y4.304 E0.05446
G1 X-3.595 Y4.256 E0.01969
G1 X-1.497 Y4.272 E0.05234
G1 X-.768 Y4.26 E0.01819
G1 X1.38 Y4.301 E0.05359
G1 X1.904 Y4.343 E0.01311
G1 X4.3 Y4.28 E0.05979
G1 X4.69 Y4.312 E0.00976
G1 X7.326 Y4.348 E0.06576
G1 X9.745 Y4.324 E0.06035
G1 X10.128 Y4.34 E0.00956
G1 X12.853 Y4.372 E0.06798
G1 X14.637 Y4.312 E0.04453
G1 X15.682 Y4.32 E0.02607
G1 X17.026 Y4.312 E0.03353
G1 X19.484 Y4.368 E0.06133
G1 X24.7 Y4.447 E0.13013
G1 X24.683 Y-0.058 E0.11238
G1 X24.664 Y-2.604 E0.06351
G1 X24.671 Y-3.928 E0.03303
G1 X24.671 Y-4.028 E0.00249
G1 X24.555 Y-4.497 E0.01205
G1 X24.528 Y-4.497 E0.00067
G1 X16.949 Y-4.388 E0.18908
G1 X14.532 Y-4.384 E0.06029
G1 X12.807 Y-4.44 E0.04305
G1 X10.101 Y-4.432 E0.0675
G1 X9.674 Y-4.416 E0.01066
G1 X7.256 Y-4.44 E0.06032
G1 X4.713 Y-4.38 E0.06345
G1 X4.293 Y-4.34 E0.01052
G1 X1.919 Y-4.383 E0.05923
G1 X0.76 Y-4.32 E0.02895
G1 X-1.587 Y-4.261 E0.05856
G1 X-2.255 Y-4.303 E0.0167
G1 X-4.397 Y-4.272 E0.05344
G1 X-5.029 Y-4.328 E0.01583
G1 X-7.19 Y-4.34 E0.05391
G1 X-7.744 Y-4.364 E0.01383
G1 X-9.961 Y-4.383 E0.05531
G1 X-12.739 Y-4.372 E0.0693
G1 X-13.629 Y-4.387 E0.0222
G1 X-15.718 Y-4.356 E0.05212
G1 X-18.035 Y-4.408 E0.05781
G1 X-20.635 Y-4.444 E0.06486
G1 X-21.667 Y-4.468 E0.02575
G1 X-24.442 Y-4.504 E0.06923
G1 X-24.481 Y-4.505 E0.00097
G1 X-24.758 Y-3.248 E0.03211
G1 X-24.757 Y-3.191 E0.00142
G1 X-24.707 Y-.206 E0.07447
G1 X-24.734 Y2.746 E0.07364
G1 X-24.735 Y2.852 E0.00264
G1 X-24.264 Y4.451 E0.04158
G1 X-24.218 Y4.45 E0.00115
G1 X-19.355 Y4.396 E0.12132
G1 X-16.942 Y4.348 E0.0602
G1 X-14.478 Y4.332 E0.06147
G1 X-12.706 Y4.383 E0.04422
G1 X-12.049 Y4.376 E0.01639
G1 X-9.898 Y4.399 E0.05366
G0 F7200 X-9.894 Y4.799
;TYPE:WALL-OUTER
G1 F1800 X-7.162 Y4.752 E0.06816
G1 X-6.536 Y4.704 E0.01566
G1 X-4.371 Y4.704 E0.05401
G1 X-3.598 Y4.656 E0.01932
G1 X-1.491 Y4.672 E0.05256
G1 X-.776 Y4.66 E0.01784
G1 X1.348 Y4.7 E0.05299
G1 X1.894 Y4.743 E0.01366
G1 X4.297 Y4.68 E0.05996
G1 X4.67 Y4.712 E0.00934
G1 X7.33 Y4.748 E0.06636
G1 X9.729 Y4.724 E0.05985
G1 X10.118 Y4.74 E0.00971
G1 X12.857 Y4.772 E0.06833
G1 X14.634 Y4.712 E0.04435
G1 X15.684 Y4.72 E0.02619
G1 X17.017 Y4.712 E0.03325
G1 X19.478 Y4.768 E0.06141
G1 X25.102 Y4.853 E0.14031
G1 X25.083 Y-0.061 E0.12258
G1 X25.064 Y-2.602 E0.06339
G1 X25.069 Y-3.569 E0.02412
G1 X25.071 Y-4.076 E0.01265
G1 X24.867 Y-4.901 E0.0212
G1 X24.405 Y-4.894 E0.01153
G1 X16.949 Y-4.788 E0.18601
G1 X14.545 Y-4.784 E0.05997
G1 X12.813 Y-4.84 E0.04323
G1 X10.093 Y-4.832 E0.06785
G1 X9.678 Y-4.816 E0.01036
G1 X7.254 Y-4.84 E0.06047
G1 X4.689 Y-4.78 E0.064
G1 X4.29 Y-4.74 E0.01
G1 X1.912 Y-4.783 E0.05933
G1 X0.75 Y-4.72 E0.02903
G1 X-1.561 Y-4.66 E0.05767
G1 X-2.245 Y-4.703 E0.0171
G1 X-4.399 Y-4.672 E0.05374
G1 X-5.01 Y-4.728 E0.01531
G1 X-7.173 Y-4.74 E0.05396
G1 X-7.734 Y-4.764 E0.01401
G1 X-9.963 Y-4.783 E0.0556
G1 X-12.732 Y-4.772 E0.06907
G1 X-13.706 Y-4.787 E0.0243
G1 X-15.709 Y-4.756 E0.04997
G1 X-18.029 Y-4.808 E0.05789
G1 X-20.625 Y-4.844 E0.06476
G1 X-21.661 Y-4.868 E0.02585
G1 X-24.283 Y-4.903 E0.06541
G1 X-24.769 Y-4.909 E0.01212
G1 X-24.843 Y-4.724 E0.00497
G1 X-25.159 Y-3.288 E0.03668
G1 X-25.151 Y-2.823 E0.0116
G1 X-25.107 Y-.21 E0.06519
G1 X-25.13 Y2.398 E0.06506
G1 X-25.135 Y2.908 E0.01272
G1 F1500 X-24.562 Y4.854 E0.04048
G1 F1800 X-24.101 Y4.849 E0.0115
G1 X-19.347 Y4.796 E0.1186
G1 X-16.941 Y4.748 E0.06003
G1 X-14.49 Y4.732 E0.06114
G1 X-12.71 Y4.783 E0.04442
G1 X-12.053 Y4.776 E0.01639
G1 X-9.894 Y4.799 E0.05386
G0 F7200 X-9.694 Y4.796
G0 X-9.716 Y4.094
G0 X-21.961 Y2.382
G0 X-22.233 Y2.44
;TYPE:SKIN
G1 F1800 X-21.667 Y4.042 E0.04238
G1 X-23.978 Y4.066 E0.05765
G1 X-24.351 Y2.8 E0.03292
G1 X-24.323 Y-.202 E0.07489
G1 X-24.375 Y-3.208 E0.075
G1 X-24.175 Y-4.121 E0.02331
G1 X-21.775 Y-4.087 E0.05987
G1 X-22.339 Y-2.505 E0.0419
G1 X-22.448 Y-0.018 E0.0621
G1 X-22.233 Y2.44 E0.06155
G0 F7200 X-22.096 Y3.428
G1 F1800 X-22.519 Y3.852 E0.01494
G0 F7200 X-23.091 Y3.857
G1 F1800 X-22.243 Y3.01 E0.0299
G0 F7200 X-22.391 Y2.592
G1 F1800 X-23.662 Y3.863 E0.04484
G0 F7200 X-23.919 Y3.555
G1 F1800 X-22.462 Y2.097 E0.05142
G0 F7200 X-22.507 Y1.577
G1 F1800 X-24.048 Y3.118 E0.05436
G0 F7200 X-24.149 Y2.653
G1 F1800 X-22.552 Y1.056 E0.05634
G0 F7200 X-22.597 Y0.535
G1 F1800 X-24.143 Y2.082 E0.05456
G0 F7200 X-24.139 Y1.511
G1 F1800 X-22.642 Y0.015 E0.05279
G0 F7200 X-22.625 Y-.568
G1 F1800 X-24.133 Y0.94 E0.0532
G0 F7200 X-24.128 Y0.369
G1 F1800 X-22.599 Y-1.16 E0.05394
G0 F7200 X-22.572 Y-1.752
G1 F1800 X-24.123 Y-.202 E0.0547
G0 F7200 X-24.132 Y-.758
G1 F1800 X-22.546 Y-2.344 E0.05595
G1 X-22.476 Y-2.414
G0 F7200 X-22.329 Y-3.127
G1 F1800 X-24.142 Y-1.314 E0.06396
G0 F7200 X-24.152 Y-1.87
G1 F1800 X-22.129 Y-3.893 E0.07137
G0 F7200 X-22.687 Y-3.9
G1 F1800 X-24.162 Y-2.425 E0.05203
G0 F7200 X-24.171 Y-2.982
G1 F1800 X-23.245 Y-3.908 E0.03267
G0 F7200 X-23.803 Y-3.916
G1 F1800 X-24.075 Y-3.644 E0.0096
G1 F4200 E-3.5
G1 F600 Z14.35
G0 F7200 X22.904 Y-0.008 Z14.35
G1 F600 Z13.85
G1 F4200 E3.5
G1 F1800 X22.385 Y-2.489 E0.06323
G1 X21.918 Y-4.075 E0.04124
G1 X24.254 Y-4.109 E0.05828
G1 X24.287 Y-3.976 E0.00342
G1 X24.284 Y-2.758 E0.03038
G1 X24.315 Y4.057 E0.17
G1 X22.186 Y4.027 E0.05311
G1 X22.512 Y2.461 E0.0399
G1 X22.904 Y-0.008 E0.06236
G0 F7200 X22.624 Y-0.005
G0 X21.808 Y-3.465
G0 X22.267 Y-3.599
G1 F1800 X22.552 Y-3.884 E0.01005
G0 F7200 X23.126 Y-3.893
G1 F1800 X22.395 Y-3.162 E0.02579
G0 F7200 X22.524 Y-2.725
G1 F1800 X23.7 Y-3.901 E0.04149
G0 F7200 X24.085 Y-3.721
G1 F1800 X22.635 Y-2.271 E0.05115
G0 F7200 X22.733 Y-1.802
G1 F1800 X24.084 Y-3.154 E0.04768
G0 F7200 X24.084 Y-2.588
G1 F1800 X22.831 Y-1.335 E0.0442
G0 F7200 X22.929 Y-.867
G1 F1800 X24.086 Y-2.024 E0.04082
G0 F7200 X24.089 Y-1.462
G1 F1800 X23.026 Y-.399 E0.0375
G0 F7200 X23.088 Y0.105
G1 F1800 X24.092 Y-.899 E0.03542
G0 F7200 X24.094 Y-.335
G1 F1800 X22.982 Y0.776 E0.03921
G0 F7200 X22.876 Y1.449
G1 F1800 X24.097 Y0.228 E0.04307
G0 F7200 X24.1 Y0.791
G1 F1800 X22.77 Y2.121 E0.04692
G0 F7200 X22.644 Y2.812
G1 F1800 X24.102 Y1.354 E0.05143
G0 F7200 X24.105 Y1.917
G1 F1800 X22.494 Y3.527 E0.05681
G0 F7200 X22.753 Y3.835
G1 F1800 X24.107 Y2.48 E0.04778
G0 F7200 X24.11 Y3.043
G1 F1800 X23.31 Y3.842 E0.0282
G0 F7200 X23.868 Y3.851
G1 F1800 X24.112 Y3.606 E0.00863
;MESH:NONMESH
G0 F600 X24.112 Y3.606 Z14
G0 F7200 X22.062 Y3.503
G0 X-4.135 Y-3.975
G0 X-4.136 Y-4.136
;TIME_ELAPSED:1045.572225
;LAYER:92
;TYPE:FILL
;MESH:pi 3mm_deformed_tet (6).stl
G1 F3600 X4.145 Y4.145 E0.29213
G1 X4.215 Y4.215
G0 F7200 X4.21 Y4.004
G0 X7.119 Y4.058
G0 X7.117 Y4.197
G1 F3600 X15.535 Y-4.221 E0.29697
G1 X15.605 Y-4.291
G0 F7200 X15.605 Y-4.082
G0 X18.381 Y-4.108
G0 X18.38 Y-4.248
G1 F3600 X23.106 Y0.479 E0.16674
G1 X23.176 Y0.549
G0 F7200 X22.959 Y0.514
G0 X22.953 Y-.434
G0 X23.089 Y-.462
G1 F3600 X18.453 Y4.175 E0.16357
G1 X18.383 Y4.245
G0 F7200 X18.388 Y4.038
G0 X15.469 Y4.017
G0 X15.468 Y4.154
G1 F3600 X7.032 Y-4.282 E0.2976
G1 X6.962 Y-4.352
G0 F7200 X6.966 Y-4.141
G0 X4.199 Y-4.061
G0 X4.201 Y-4.201
G1 F3600 X-4.146 Y4.146 E0.29446
G1 X-4.216 Y4.216
G0 F7200 X-4.228 Y4.014
G0 X-7.13 Y4.056
G0 X-7.121 Y4.193
G1 F3600 X-15.508 Y-4.194 E0.29587
G1 X-15.578 Y-4.264
G0 F7200 X-15.576 Y-4.056
G0 X-18.383 Y-4.11
G0 X-18.381 Y-4.246
G1 F3600 X-22.748 Y0.121 E0.15406
G0 F7200 X-22.782 Y-.154
G1 F3600 X-18.419 Y4.208 E0.1539
G1 X-18.349 Y4.278
G0 F7200 X-18.352 Y4.068
G0 X-15.494 Y4.039
G0 X-15.493 Y4.179
G1 F3600 X-7.126 Y-4.188 E0.29517
G1 X-7.056 Y-4.258
G0 F7200 X-7.057 Y-4.051
G0 X-9.906 Y4.106
G0 X-9.895 Y4.404
;TYPE:WALL-INNER
G1 F3600 X-9.529 Y4.392 E0.00913
G1 X-7.192 Y4.36 E0.0583
G1 X-6.751 Y4.325 E0.01104
G1 X-4.408 Y4.324 E0.05845
G1 X-3.783 Y4.284 E0.01562
G1 X-1.41 Y4.3 E0.0592
G1 X-.925 Y4.296 E0.0121
G1 X1.39 Y4.337 E0.05776
G1 X1.776 Y4.367 E0.00966
G1 X4.324 Y4.3 E0.06358
G1 X4.563 Y4.32 E0.00598
G1 X7.348 Y4.36 E0.06948
G1 X9.893 Y4.332 E0.06349
G1 X12.841 Y4.371 E0.07354
G1 X14.738 Y4.308 E0.04735
G1 X15.653 Y4.316 E0.02283
G1 X17.114 Y4.304 E0.03645
G1 X19.566 Y4.36 E0.06118
G1 X24.647 Y4.442 E0.12676
G1 X24.632 Y-0.063 E0.11238
G1 X24.612 Y-2.877 E0.0702
G1 X24.623 Y-4.492 E0.04029
G1 X19.454 Y-4.428 E0.12895
G1 X17.037 Y-4.384 E0.0603
G1 X14.632 Y-4.38 E0.05999
G1 X12.795 Y-4.44 E0.04585
G1 X10.108 Y-4.432 E0.06703
G1 X9.833 Y-4.42 E0.00687
G1 X7.272 Y-4.448 E0.06389
G1 X4.588 Y-4.384 E0.06697
G1 X4.314 Y-4.356 E0.00687
G1 X1.791 Y-4.403 E0.06295
G1 X0.924 Y-4.356 E0.02166
G1 X-1.603 Y-4.293 E0.06306
G1 X-2.135 Y-4.327 E0.0133
G1 X-4.426 Y-4.292 E0.05716
G1 X-4.906 Y-4.336 E0.01202
G1 X-7.218 Y-4.348 E0.05767
G1 X-7.599 Y-4.364 E0.00951
G1 X-9.969 Y-4.387 E0.05912
G1 X-12.724 Y-4.376 E0.06872
G1 X-13.439 Y-4.383 E0.01784
G1 X-15.682 Y-4.352 E0.05596
G1 X-17.714 Y-4.396 E0.0507
G1 X-24.72 Y-4.498 E0.17478
G1 X-24.66 Y-.362 E0.10318
G1 X-24.701 Y4.386 E0.11844
G1 X-24.702 Y4.446 E0.0015
G1 X-24.684 Y4.446 E0.00045
G1 X-19.439 Y4.388 E0.13085
G1 X-17.028 Y4.34 E0.06015
G1 X-15.561 Y4.34 E0.03659
G1 X-14.582 Y4.328 E0.02442
G1 X-12.685 Y4.384 E0.04734
G1 X-12.189 Y4.38 E0.01237
G1 X-9.895 Y4.404 E0.05723
G0 F7200 X-9.891 Y4.804
;TYPE:WALL-OUTER
G1 F1800 X-9.523 Y4.792 E0.00918
G1 X-7.174 Y4.76 E0.0586
G1 X-6.72 Y4.724 E0.01136
G1 X-4.395 Y4.724 E0.058
G1 X-3.786 Y4.684 E0.01522
G1 X-1.408 Y4.7 E0.05932
G1 X-.932 Y4.696 E0.01187
G1 X1.36 Y4.736 E0.05718
G1 X1.766 Y4.767 E0.01016
G1 X4.322 Y4.7 E0.06378
G1 X4.543 Y4.72 E0.00554
G1 X7.352 Y4.76 E0.07008
G1 X9.887 Y4.732 E0.06324
G1 X12.845 Y4.771 E0.07379
G1 X14.734 Y4.708 E0.04715
G1 X15.656 Y4.716 E0.023
G1 X17.105 Y4.704 E0.03615
G1 X19.56 Y4.76 E0.06126
G1 X25.05 Y4.848 E0.13697
G1 X25.036 Y2.861 E0.04957
G1 X25.032 Y-0.066 E0.07301
G1 X25.012 Y-2.874 E0.07005
G1 X25.026 Y-4.897 E0.05047
G1 X19.447 Y-4.828 E0.13918
G1 X17.037 Y-4.784 E0.06013
G1 X14.645 Y-4.78 E0.05967
G1 X12.801 Y-4.84 E0.04602
G1 X10.098 Y-4.832 E0.06743
G1 X9.837 Y-4.82 E0.00652
G1 X7.27 Y-4.848 E0.06404
G1 X4.562 Y-4.784 E0.06757
G1 X4.31 Y-4.756 E0.00632
G1 X1.784 Y-4.803 E0.06302
G1 X0.914 Y-4.756 E0.02173
G1 X-1.577 Y-4.692 E0.06216
G1 X-2.125 Y-4.727 E0.0137
G1 X-4.427 Y-4.692 E0.05743
G1 X-4.886 Y-4.736 E0.0115
G1 X-7.202 Y-4.748 E0.05777
G1 X-7.589 Y-4.764 E0.00966
G1 X-9.971 Y-4.787 E0.05942
G1 X-12.719 Y-4.776 E0.06855
G1 X-13.445 Y-4.783 E0.01811
G1 X-15.673 Y-4.752 E0.05558
G1 X-17.708 Y-4.796 E0.05078
G1 X-25.125 Y-4.904 E0.18504
G1 X-25.06 Y-.366 E0.11321
G1 X-25.098 Y4.037 E0.10984
G1 X-25.103 Y4.595 E0.01392
G1 X-25.027 Y4.85 E0.00664
G1 X-24.566 Y4.845 E0.0115
G1 X-19.431 Y4.788 E0.1281
G1 X-17.028 Y4.74 E0.05996
G1 X-15.557 Y4.74 E0.03669
G1 X-14.594 Y4.728 E0.02402
G1 X-12.689 Y4.784 E0.04754
G1 X-12.193 Y4.78 E0.01237
G1 X-9.891 Y4.804 E0.05743
G0 F7200 X-9.691 Y4.798
G0 X-9.713 Y4.098
G0 X-22.398 Y2.385
G0 X-22.67 Y2.433
;TYPE:SKIN
G1 F1800 X-22.402 Y3.229 E0.02095
G1 X-22.111 Y4.038 E0.02145
G1 X-24.318 Y4.062 E0.05506
G1 X-24.28 Y-.358 E0.11026
G1 X-24.332 Y-4.109 E0.09358
G1 X-22.211 Y-4.08 E0.05291
G1 X-22.421 Y-3.492 E0.01558
G1 X-22.71 Y-2.775 E0.01928
G1 X-22.826 Y-2.105 E0.01696
G1 X-22.922 Y-0.047 E0.05139
G1 X-22.847 Y0.363 E0.0104
G1 X-22.67 Y2.433 E0.05182
G1 F4200 E-3.5
G1 F600 Z14.5
G0 F7200 X-22.101 Y2.323 Z14.5
G0 X-24.114 Y3.605
G1 F600 Z14
G1 F4200 E3.5
G1 F1800 X-23.861 Y3.857 E0.00891
G0 F7200 X-23.302 Y3.851
G1 F1800 X-24.11 Y3.043 E0.0285
G0 F7200 X-24.105 Y2.483
G1 F1800 X-22.743 Y3.845 E0.04805
G0 F7200 X-22.514 Y3.507
G1 F1800 X-24.1 Y1.922 E0.05593
G0 F7200 X-24.095 Y1.361
G1 F1800 X-22.806 Y2.65 E0.04547
G0 F7200 X-22.907 Y1.983
G1 F1800 X-24.09 Y0.8 E0.04173
G0 F7200 X-24.085 Y0.239
G1 F1800 X-22.961 Y1.363 E0.03965
G0 F7200 X-23.014 Y0.745
G1 F1800 X-24.081 Y-.322 E0.03764
G0 F7200 X-24.088 Y-.894
G1 F1800 X-23.091 Y0.102 E0.03515
G0 F7200 X-23.105 Y-.477
G1 F1800 X-24.095 Y-1.468 E0.03494
G0 F7200 X-24.104 Y-2.042
G1 F1800 X-23.079 Y-1.017 E0.03616
G0 F7200 X-23.052 Y-1.556
G1 F1800 X-24.112 Y-2.616 E0.03739
G0 F7200 X-24.119 Y-3.189
G1 F1800 X-23.026 Y-2.095 E0.03858
G0 F7200 X-22.948 Y-2.584
G1 F1800 X-24.128 Y-3.763 E0.04161
G0 F7200 X-23.699 Y-3.9
G1 F1800 X-22.825 Y-3.026 E0.03083
G0 F7200 X-22.661 Y-3.428
G1 F1800 X-23.126 Y-3.893 E0.0164
G1 F4200 E-3.5
G1 F600 Z14.5
G0 F7200 X23.324 Y-0.012 Z14.5
G1 F600 Z14
G1 F4200 E3.5
G1 F1800 X22.935 Y-1.859 E0.04708
G1 X22.802 Y-2.631 E0.01954
G1 X22.354 Y-4.083 E0.03791
G1 X24.238 Y-4.105 E0.047
G1 X24.232 Y-2.878 E0.03061
G1 X24.263 Y4.052 E0.17287
G1 X22.634 Y4.027 E0.04064
G1 X22.962 Y2.458 E0.03998
G1 X23.029 Y1.811 E0.01623
G1 X23.324 Y-0.012 E0.04607
G0 F7200 X23.045 Y-0.009
G0 X22.444 Y3.58
G0 X22.911 Y3.678
G1 F1800 X23.067 Y3.833 E0.00549
G0 F7200 X23.641 Y3.842
G1 F1800 X23.009 Y3.21 E0.0223
G0 F7200 X23.106 Y2.741
G1 F1800 X24.062 Y3.697 E0.03373
G0 F7200 X24.059 Y3.129
G1 F1800 X23.184 Y2.254 E0.03087
G0 F7200 X23.241 Y1.745
G1 F1800 X24.057 Y2.561 E0.02879
G0 F7200 X24.054 Y1.993
G1 F1800 X23.319 Y1.257 E0.02595
G0 F7200 X23.396 Y0.769
G1 F1800 X24.052 Y1.425 E0.02314
G0 F7200 X24.049 Y0.856
G1 F1800 X23.474 Y0.281 E0.02028
G0 F7200 X23.47 Y-.288
G1 F1800 X24.047 Y0.288 E0.02034
G0 F7200 X24.044 Y-.28
G1 F1800 X23.319 Y-1.006 E0.02559
G0 F7200 X23.169 Y-1.721
G1 F1800 X24.042 Y-.848 E0.0308
G0 F7200 X24.04 Y-1.416
G1 F1800 X23.042 Y-2.414 E0.03521
G0 F7200 X22.84 Y-3.182
G1 F1800 X24.04 Y-1.982 E0.04233
G0 F7200 X24.039 Y-2.548
G1 F1800 X22.701 Y-3.886 E0.0472
G0 F7200 X23.26 Y-3.893
G1 F1800 X24.038 Y-3.115 E0.02745
G0 F7200 X24.038 Y-3.68
G1 F1800 X23.818 Y-3.9 E0.00776
;MESH:NONMESH
G0 F600 X23.818 Y-3.9 Z14.15
G0 F7200 X22.22 Y-3.74
G0 X-4.155 Y-3.996
G0 X-4.156 Y-4.156
;TIME_ELAPSED:1061.554855
;LAYER:93
;TYPE:FILL
;MESH:pi 3mm_deformed_tet (6).stl
G1 F3600 X4.164 Y4.164 E0.29351
G1 X4.234 Y4.234
G0 F7200 X4.23 Y4.025
G0 X7.115 Y4.065
G0 X7.113 Y4.201
G1 F3600 X15.529 Y-4.216 E0.29691
G1 X15.599 Y-4.286
G0 F7200 X15.599 Y-4.077
G0 X18.39 Y-4.101
G0 X18.389 Y-4.238
G1 F3600 X23.47 Y0.842 E0.17923
G1 X23.54 Y0.912
G0 F7200 X23.322 Y0.877
G0 X23.3 Y-.781
G0 X23.436 Y-.809
G1 F3600 X18.458 Y4.169 E0.17561
G1 X18.388 Y4.239
G0 F7200 X18.393 Y4.031
G0 X15.465 Y4.014
G0 X15.464 Y4.151
G1 F3600 X7.027 Y-4.286 E0.29764
G1 X6.957 Y-4.356
G0 F7200 X6.961 Y-4.148
G0 X4.219 Y-4.081
G0 X4.221 Y-4.221
G1 F3600 X-4.167 Y4.167 E0.29591
G1 X-4.237 Y4.237
G0 F7200 X-4.25 Y4.033
G0 X-7.123 Y4.061
G0 X-7.114 Y4.2
G1 F3600 X-15.503 Y-4.19 E0.29596
G1 X-15.573 Y-4.26
G0 F7200 X-15.571 Y-4.051
G0 X-18.387 Y-4.104
G0 X-18.385 Y-4.243
G1 F3600 X-23.151 Y0.524 E0.16815
G1 X-23.221 Y0.594
G0 F7200 X-23.003 Y0.554
G0 X-23.1 Y-.605
G0 X-23.238 Y-.611
G1 F3600 X-18.426 Y4.202 E0.16977
G1 X-18.356 Y4.272
G0 F7200 X-18.36 Y4.063
G0 X-15.49 Y4.034
G0 X-15.489 Y4.175
G1 F3600 X-7.118 Y-4.196 E0.29531
G1 X-7.048 Y-4.266
G0 F7200 X-7.049 Y-4.058
G0 X-9.832 Y4.107
G0 X-9.828 Y4.408
;TYPE:WALL-INNER
G1 F3600 X-7.205 Y4.368 E0.06544
G1 X-6.925 Y4.345 E0.00701
G1 X-4.432 Y4.344 E0.06219
G1 X-3.971 Y4.316 E0.01152
G1 X-1.077 Y4.328 E0.07219
G1 X1.395 Y4.373 E0.06167
G1 X1.65 Y4.391 E0.00638
G1 X4.341 Y4.32 E0.06715
G1 X7.325 Y4.364 E0.07444
G1 X10.051 Y4.34 E0.068
G1 X12.825 Y4.371 E0.0692
G1 X14.84 Y4.308 E0.05029
G1 X15.606 Y4.312 E0.01911
G1 X17.202 Y4.3 E0.03981
G1 X19.651 Y4.356 E0.06111
G1 X24.595 Y4.434 E0.12334
G1 X24.584 Y3.009 E0.03555
G1 X24.58 Y-0.066 E0.07671
G1 X24.56 Y-2.592 E0.06301
G1 X24.572 Y-4.484 E0.0472
G1 X19.538 Y-4.42 E0.12558
G1 X17.124 Y-4.376 E0.06023
G1 X14.736 Y-4.376 E0.05957
G1 X12.783 Y-4.44 E0.04874
G1 X9.998 Y-4.428 E0.06947
G1 X7.226 Y-4.451 E0.06915
G1 X4.459 Y-4.388 E0.06904
G1 X4.286 Y-4.376 E0.00433
G1 X1.667 Y-4.427 E0.06534
G1 X1.085 Y-4.396 E0.01454
G1 X-1.62 Y-4.325 E0.0675
G1 X-2.019 Y-4.351 E0.00997
G1 X-4.492 Y-4.314 E0.0617
G1 X-4.788 Y-4.344 E0.00742
G1 X-7.226 Y-4.356 E0.06082
G1 X-7.458 Y-4.368 E0.00579
G1 X-9.967 Y-4.391 E0.06259
G1 X-13.189 Y-4.383 E0.08037
G1 X-15.646 Y-4.348 E0.0613
G1 X-17.397 Y-4.388 E0.04369
G1 X-24.665 Y-4.494 E0.18132
G1 X-24.644 Y-2.592 E0.04745
G1 X-24.608 Y-.517 E0.05177
G1 X-24.635 Y2.176 E0.06718
G1 X-24.628 Y2.875 E0.01744
G1 X-24.645 Y4.44 E0.03904
G1 X-19.523 Y4.384 E0.12778
G1 X-17.116 Y4.336 E0.06005
G1 X-15.572 Y4.336 E0.03852
G1 X-14.686 Y4.324 E0.0221
G1 X-12.662 Y4.383 E0.05051
G1 X-9.828 Y4.408 E0.0707
G0 F7200 X-9.822 Y4.808
;TYPE:WALL-OUTER
G1 F1800 X-7.186 Y4.768 E0.06576
G1 X-6.898 Y4.744 E0.00721
G1 X-4.419 Y4.744 E0.06184
G1 X-3.974 Y4.716 E0.01112
G1 X-1.084 Y4.728 E0.07209
G1 X1.367 Y4.772 E0.06115
G1 X1.641 Y4.791 E0.00685
G1 X4.335 Y4.72 E0.06723
G1 X7.329 Y4.764 E0.07469
G1 X10.047 Y4.74 E0.0678
G1 X12.829 Y4.771 E0.0694
G1 X14.838 Y4.708 E0.05014
G1 X15.609 Y4.712 E0.01923
G1 X17.193 Y4.7 E0.03951
G1 X19.645 Y4.756 E0.06118
G1 X24.998 Y4.84 E0.13355
G1 X24.984 Y3.009 E0.04568
G1 X24.98 Y-0.069 E0.07678
G1 X24.96 Y-2.59 E0.06289
G1 X24.974 Y-4.889 E0.05735
G1 X19.531 Y-4.82 E0.13579
G1 X17.124 Y-4.776 E0.06005
G1 X14.749 Y-4.776 E0.05924
G1 X12.789 Y-4.84 E0.04892
G1 X10.002 Y-4.828 E0.06952
G1 X7.217 Y-4.851 E0.06947
G1 X4.431 Y-4.788 E0.06951
G1 X4.333 Y-4.776 E0.00246
G1 X1.66 Y-4.827 E0.06669
G1 X1.074 Y-4.796 E0.01464
G1 X-1.594 Y-4.724 E0.06658
G1 X-2.009 Y-4.751 E0.01037
G1 X-4.452 Y-4.712 E0.06095
G1 X-4.767 Y-4.744 E0.0079
G1 X-7.206 Y-4.756 E0.06084
G1 X-7.446 Y-4.768 E0.00599
G1 X-9.969 Y-4.791 E0.06294
G1 X-13.195 Y-4.783 E0.08047
G1 X-15.637 Y-4.748 E0.06092
G1 X-17.391 Y-4.788 E0.04377
G1 X-25.069 Y-4.9 E0.19155
G1 X-25.044 Y-2.585 E0.05775
G1 X-25.008 Y-.521 E0.05149
G1 X-25.035 Y2.18 E0.06738
G1 X-25.028 Y2.871 E0.01724
G1 X-25.049 Y4.845 E0.04924
G1 X-19.515 Y4.784 E0.13805
G1 X-17.116 Y4.736 E0.05986
G1 X-15.566 Y4.736 E0.03866
G1 X-14.698 Y4.724 E0.02165
G1 X-12.666 Y4.783 E0.05071
G1 X-9.822 Y4.808 E0.07095
G0 F7200 X-9.622 Y4.805
G0 X-9.631 Y4.104
G0 X-22.795 Y-3.043
G0 X-23.474 Y-3.193
;TYPE:SKIN
G1 F1299.6 X-23.723 Y-2.558 E0.02356
G1 X-23.839 Y-3.23 E0.02356
G1 F1610.7 X-23.845 Y-3.674 E0.01238
G1 X-23.293 Y-3.668 E0.01539
G1 X-23.474 Y-3.193 E0.01417
G0 F7200 X-23.723 Y-2.558
G1 F1230.8 X-23.784 Y-1.592 E0.03531
G1 F1535.2 X-23.814 Y-0.062 E0.04476
G1 F1403.5 X-23.74 Y0.852 E0.02934
G1 F1107.7 X-23.698 Y1.907 E0.0428
G0 F7200 X-23.104 Y2.41
G1 F1800 X-22.551 Y4.035 E0.04282
G1 X-24.258 Y4.054 E0.04258
G1 X-24.248 Y2.878 E0.02934
G1 X-24.252 Y2.175 E0.01754
G1 X-24.227 Y-.514 E0.06708
G1 X-24.277 Y-4.105 E0.08959
G1 X-22.677 Y-4.084 E0.03992
G1 X-23.064 Y-3.104 E0.02628
G1 X-23.199 Y-2.489 E0.01571
G1 X-23.332 Y-1.546 E0.02376
G1 X-23.398 Y-0.047 E0.03743
G1 X-23.246 Y0.78 E0.02098
G1 X-23.104 Y2.41 E0.04081
G0 F7200 X-22.831 Y2.377
G0 X-22.44 Y3.504
G0 X-22.893 Y3.659
G1 F1800 X-23.074 Y3.841 E0.0064
G0 F7200 X-23.647 Y3.848
G1 F1800 X-23.035 Y3.236 E0.02159
G0 F7200 X-23.179 Y2.814
G1 F1800 X-24.055 Y3.69 E0.0309
G0 F7200 X-24.054 Y3.123
G1 F1800 X-23.322 Y2.391 E0.02582
G0 F7200 X-23.769 Y2.273
G1 F1800 X-24.052 Y2.556 E0.00998
G1 F4200 E-3.5
G1 F600 Z14.65
G0 F7200 X23.648 Y-2.564 Z14.65
G1 F600 Z14.15
G1 F4200 E3.5
G1 F1894.7 X23.372 Y-3.693 E0.02754
G1 X23.793 Y-3.699 E0.00998
G1 X23.789 Y-2.17 E0.03623
G1 X23.758 Y-2.105 E0.00171
G1 X23.717 Y-2.164 E0.0017
G1 X23.648 Y-2.564 E0.00962
G0 F7200 X22.998 Y-2.428
G0 X22.857 Y3.985
G0 X23.776 Y3.528
G1 F1172.6 X23.738 Y3.594 E0.00292
G1 X23.662 Y3.594 E0.00291
G1 X23.624 Y3.528 E0.00292
G1 X23.662 Y3.462 E0.00292
G1 X23.738 Y3.462 E0.00291
G1 X23.776 Y3.528 E0.00292
G0 F7200 X22.857 Y3.985
G0 X23.148 Y2.297
G0 X23.519 Y2.339
G1 F1283.4 X23.606 Y1.254 E0.03808
G1 F1425.7 X23.757 Y-0.02 E0.0404
G1 F1387.3 X23.555 Y-1.292 E0.04169
G1 F1254.4 X23.504 Y-1.678 E0.01394
G1 F1451.6 X23.342 Y-2.054 E0.01266
G1 F1800 X23.268 Y-2.488 E0.01098
G1 X23.087 Y-3.217 E0.01874
G1 X22.822 Y-4.079 E0.0225
G1 X24.186 Y-4.097 E0.03403
G1 X24.183 Y-2.127 E0.04914
G1 F1451.6 X24.09 Y-1.729 E0.01264
G1 F1309.1 X24.135 Y-.872 E0.02944
G1 F1538.5 X24.18 Y-0.015 E0.02505
G1 F1506.3 X24.134 Y1.282 E0.03869
G1 F1283.4 X24.108 Y2.37 E0.03808
G1 F1451.6 X24.206 Y2.768 E0.01268
G1 F1800 X24.211 Y4.045 E0.03186
G1 X23.081 Y4.027 E0.02819
G1 X23.363 Y2.682 E0.03428
G1 F1451.6 X23.519 Y2.339 E0.01166
G0 F7200 X22.851 Y2.264
;MESH:NONMESH
G0 F600 X22.851 Y2.264 Z14.3
G0 F7200 X4.172 Y4.027
G0 X4.175 Y4.175
;TIME_ELAPSED:1075.704546
;LAYER:94
;TYPE:FILL
;MESH:pi 3mm_deformed_tet (6).stl
G1 F3600 X-4.18 Y-4.18 E0.29475
G1 X-4.25 Y-4.25
G0 F7200 X-4.248 Y-4.038
G0 X-7.106 Y-4.071
G0 X-7.105 Y-4.209
G1 F3600 X-15.477 Y4.163 E0.29534
G1 X-15.547 Y4.233
G0 F7200 X-15.547 Y4.025
G0 X-18.433 Y4.058
G0 X-18.431 Y4.196
G1 F3600 X-23.688 Y-1.061 E0.18545
G1 X-23.758 Y-1.131
G0 F7200 X-23.541 Y-1.101
G0 X-23.417 Y0.901
G0 X-23.554 Y0.926
G1 F3600 X-18.4 Y-4.228 E0.18182
G1 X-18.33 Y-4.298
G0 F7200 X-18.333 Y-4.099
G0 X-15.498 Y-4.048
G0 X-15.499 Y-4.185
G1 F3600 X-7.109 Y4.204 E0.29596
G1 X-7.039 Y4.274
G0 F7200 X-7.039 Y4.065
G0 X-4.184 Y4.047
G0 X-4.185 Y4.185
G1 F3600 X4.233 Y-4.233 E0.29697
G1 X4.303 Y-4.303
G0 F7200 X4.307 Y-4.093
G0 X7.026 Y-4.152
G0 X7.024 Y-4.29
G1 F3600 X15.46 Y4.146 E0.2976
G1 X15.53 Y4.216
G0 F7200 X15.531 Y4.009
G0 X18.467 Y4.026
G0 X18.464 Y4.163
G1 F3600 X24.353 Y-1.725 E0.20773
G1 X24.423 Y-1.795
G0 F7200 X24.215 Y-1.795
G0 X24.235 Y1.744
G0 X24.371 Y1.744
G1 F3600 X18.395 Y-4.233 E0.21084
G1 X18.325 Y-4.303
G0 F7200 X18.328 Y-4.093
G0 X15.526 Y-4.073
G0 X15.526 Y-4.212
G1 F3600 X7.103 Y4.211 E0.29714
G1 X7.033 Y4.281
G0 F7200 X7.036 Y4.073
G0 X1.396 Y4.11
G0 X1.391 Y4.408
;TYPE:WALL-INNER
G1 F3600 X1.521 Y4.419 E0.00325
G1 X4.273 Y4.332 E0.06868
G1 X7.189 Y4.372 E0.07275
G1 X10.119 Y4.344 E0.07309
G1 X12.809 Y4.372 E0.06711
G1 X14.94 Y4.304 E0.05319
G1 X15.572 Y4.308 E0.01577
G1 X17.29 Y4.296 E0.04286
G1 X19.736 Y4.352 E0.06103
G1 X24.544 Y4.426 E0.11995
G1 X24.508 Y-2.583 E0.17484
G1 X24.517 Y-4.48 E0.04732
G1 X19.627 Y-4.416 E0.12199
G1 X17.212 Y-4.372 E0.06025
G1 X14.84 Y-4.372 E0.05917
G1 X12.771 Y-4.44 E0.05164
G1 X10.041 Y-4.432 E0.0681
G1 X7.24 Y-4.455 E0.06987
G1 X4.267 Y-4.392 E0.07418
G1 X1.543 Y-4.447 E0.06796
G1 X1.245 Y-4.432 E0.00744
G1 X-1.604 Y-4.356 E0.07109
G1 X-1.901 Y-4.375 E0.00742
G1 X-4.48 Y-4.336 E0.06434
G1 X-4.656 Y-4.348 E0.0044
G1 X-9.937 Y-4.391 E0.13174
G1 X-12.859 Y-4.385 E0.07289
G1 X-15.606 Y-4.344 E0.06853
G1 X-24.613 Y-4.486 E0.22471
G1 X-24.56 Y-.674 E0.0951
G1 X-24.583 Y2.006 E0.06686
G1 X-24.576 Y2.53 E0.01307
G1 X-24.594 Y4.433 E0.04747
G1 X-19.609 Y4.38 E0.12436
G1 X-17.204 Y4.332 E0.06
G1 X-14.79 Y4.32 E0.06022
G1 X-12.636 Y4.384 E0.05376
G1 X-9.827 Y4.412 E0.07007
G1 X-7.102 Y4.365 E0.06799
G1 X-4.459 Y4.364 E0.06593
G1 X-4.191 Y4.344 E0.0067
G1 X-1.233 Y4.36 E0.07379
G1 X1.391 Y4.408 E0.06547
G0 F7200 X1.377 Y4.808
;TYPE:WALL-OUTER
G1 F1800 X1.51 Y4.819 E0.00333
G1 X4.267 Y4.732 E0.06881
G1 X7.193 Y4.772 E0.073
G1 X10.115 Y4.744 E0.07289
G1 X12.813 Y4.772 E0.06731
G1 X14.938 Y4.704 E0.05304
G1 X15.575 Y4.708 E0.01589
G1 X17.281 Y4.696 E0.04256
G1 X19.73 Y4.752 E0.06111
G1 X24.946 Y4.832 E0.13013
G1 X24.908 Y-2.581 E0.18492
G1 X24.919 Y-4.885 E0.05747
G1 X19.62 Y-4.816 E0.1322
G1 X17.212 Y-4.772 E0.06008
G1 X14.853 Y-4.772 E0.05885
G1 X12.777 Y-4.84 E0.05181
G1 X10.045 Y-4.832 E0.06815
G1 X7.232 Y-4.855 E0.07017
G1 X4.275 Y-4.792 E0.07378
G1 X1.536 Y-4.847 E0.06834
G1 X1.234 Y-4.832 E0.00754
G1 X-1.615 Y-4.756 E0.07109
G1 X-1.89 Y-4.775 E0.00688
G1 X-4.474 Y-4.736 E0.06447
G1 X-4.64 Y-4.748 E0.00415
G1 X-9.938 Y-4.791 E0.13216
G1 X-12.86 Y-4.785 E0.07289
G1 X-15.6 Y-4.744 E0.06836
G1 X-25.017 Y-4.892 E0.23494
G1 X-24.992 Y-2.582 E0.05763
G1 X-24.96 Y-.678 E0.0475
G1 X-24.983 Y2.012 E0.0671
G1 X-24.976 Y2.526 E0.01282
G1 X-24.998 Y4.837 E0.05765
G1 X-19.601 Y4.78 E0.13464
G1 X-17.202 Y4.732 E0.05986
G1 X-14.802 Y4.72 E0.05987
G1 X-12.644 Y4.784 E0.05386
G1 X-9.821 Y4.812 E0.07042
G1 X-7.064 Y4.764 E0.06878
G1 X-4.444 Y4.764 E0.06536
G1 X-4.162 Y4.744 E0.00705
G1 X-1.24 Y4.76 E0.07289
G1 X1.377 Y4.808 E0.06529
G0 F7200 X1.51 Y4.819
G0 X1.576 Y4.817
G1 F4200 E-3.5
G1 F600 Z14.8
G0 F7200 X1.55 Y3.82 Z14.8
G0 X24.12 Y3.997
;TYPE:SKIN
G1 F600 Z14.3
G1 F4200 E3.5
G1 F1503.1 X23.585 Y3.988 E0.01598
G1 X23.879 Y2.569 E0.04329
G1 X24.114 Y2.595 E0.00706
G1 X24.12 Y3.997 E0.04188
G1 F4200 E-3.5
G1 F600 Z14.8
G0 F7200 X24.055 Y-4.012 Z14.8
G1 F600 Z14.3
G1 F4200 E3.5
G1 F1283.4 X24.055 Y-4.012
G1 X24.052 Y-2.086 E0.06738
G1 X23.901 Y-2.068 E0.00532
G1 X23.416 Y-4.004 E0.06982
G1 X24.055 Y-4.012 E0.02236
G0 F7200 X23.172 Y-3.673
G0 X-23.137 Y-3.42
G0 X-23.738 Y-3.663
G1 F1607.1 X-23.766 Y-3.615 E0.00155
G1 X-23.822 Y-3.615 E0.00156
G1 X-23.85 Y-3.663 E0.00155
G1 X-23.822 Y-3.711 E0.00155
G1 X-23.766 Y-3.711 E0.00156
G1 X-23.738 Y-3.663 E0.00155
G0 F7200 X-23.137 Y-3.42
G0 X-23.35 Y-2.449
G0 X-23.669 Y-2.509
G1 F1545.1 X-23.827 Y-.972 E0.0449
G1 F1747.6 X-24.19 Y-.994 E0.00934
G1 F1636.4 X-24.157 Y-2.558 E0.04293
G1 F1614.3 X-24.218 Y-3.553 E0.02773
G1 F1800 X-24.224 Y-4.096 E0.01355
G1 X-23.171 Y-4.08 E0.02627
G1 X-23.401 Y-3.506 E0.01543
G1 F1614.3 X-23.669 Y-2.509 E0.02871
G0 F7200 X-23.35 Y-2.449
G0 X-22.942 Y3.301
G0 X-23.618 Y3.533
G1 F1172.6 X-23.656 Y3.599 E0.00292
G1 X-23.732 Y3.599 E0.00291
G1 X-23.77 Y3.533 E0.00292
G1 X-23.732 Y3.467 E0.00292
G1 X-23.656 Y3.467 E0.00291
G1 X-23.618 Y3.533 E0.00292
G0 F7200 X-22.942 Y3.301
G0 X-23.265 Y2.371
G0 X-23.579 Y2.467
G1 F1589.4 X-23.213 Y3.369 E0.0275
G1 F1800 X-22.984 Y4.035 E0.01757
G1 X-24.21 Y4.049 E0.03058
G1 X-24.205 Y3.529 E0.01297
G1 F1589.4 X-24.144 Y2.558 E0.02749
G1 F1384.6 X-24.131 Y2.482 E0.0025
G1 F1422.9 X-24.155 Y1.274 E0.03813
G1 F1503.1 X-24.146 Y0.091 E0.03534
G1 X-23.896 Y0.069 E0.0075
G1 X-23.678 Y1.244 E0.0357
G1 F1422.9 X-23.602 Y2.432 E0.03756
G1 F1384.6 X-23.579 Y2.467 E0.00136
G0 F7200 X-22.972 Y2.262
;MESH:NONMESH
G0 F600 X-22.972 Y2.262 Z14.45
G0 F7200 X4.173 Y4.037
G0 X4.177 Y4.177
;TIME_ELAPSED:1089.120308
;LAYER:95
;TYPE:FILL
;MESH:pi 3mm_deformed_tet (6).stl
G1 F3600 X-4.2 Y-4.2 E0.29552
G1 X-4.27 Y-4.27
G0 F7200 X-4.268 Y-4.06
G0 X-7.102 Y-4.076
G0 X-7.101 Y-4.213
G1 F3600 X-15.471 Y4.158 E0.29529
G1 X-15.541 Y4.228
G0 F7200 X-15.541 Y4.02
G0 X-18.441 Y4.051
G0 X-18.439 Y4.189
G1 F3600 X-24.365 Y-1.737 E0.20906
G1 X-24.435 Y-1.807
G0 F7200 X-24.228 Y-1.809
G0 X-24.236 Y1.748
G0 X-24.374 Y1.747
G1 F3600 X-18.404 Y-4.224 E0.21063
G1 X-18.334 Y-4.294
G0 F7200 X-18.337 Y-4.094
G0 X-15.493 Y-4.043
G0 X-15.494 Y-4.18
G1 F3600 X-7.094 Y4.22 E0.29633
G1 X-7.024 Y4.29
G0 F7200 X-7.023 Y4.081
G0 X-4.216 Y4.079
G0 X-4.217 Y4.217
G1 F3600 X4.233 Y-4.233 E0.2981
G1 X4.303 Y-4.303
G0 F7200 X4.307 Y-4.093
G0 X7.022 Y-4.154
G0 X7.02 Y-4.294
G1 F3600 X15.452 Y4.139 E0.29748
G1 X15.522 Y4.209
G0 F7200 X15.522 Y3.999
G0 X18.473 Y4.019
G0 X18.47 Y4.158
G1 F3600 X24.303 Y-1.676 E0.20579
G1 X24.373 Y-1.746
G0 F7200 X24.164 Y-1.746
G0 X24.184 Y1.694
G0 X24.322 Y1.694
G1 F3600 X18.406 Y-4.221 E0.20869
G1 X18.336 Y-4.291
G0 F7200 X18.338 Y-4.082
G0 X15.522 Y-4.068
G0 X15.522 Y-4.208
G1 F3600 X7.094 Y4.22 E0.29732
G1 X7.024 Y4.29
G0 F7200 X7.022 Y4.079
G0 X-9.832 Y4.112
G0 X-9.829 Y4.412
;TYPE:WALL-INNER
G1 F3600 X-7.239 Y4.38 E0.06461
G1 X-4.483 Y4.384 E0.06875
G1 X-4.39 Y4.376 E0.00233
G1 X-1.384 Y4.392 E0.07499
G1 X1.365 Y4.443 E0.06859
G1 X4.096 Y4.336 E0.06818
G1 X7.059 Y4.38 E0.07392
G1 X10.176 Y4.344 E0.07776
G1 X12.841 Y4.372 E0.06648
G1 X15.037 Y4.3 E0.05481
G1 X17.378 Y4.292 E0.0584
G1 X19.819 Y4.348 E0.06091
G1 X24.49 Y4.422 E0.11653
G1 X24.477 Y-0.018 E0.11076
G1 X24.456 Y-2.579 E0.06389
G1 X24.465 Y-4.472 E0.04722
G1 X19.7 Y-4.412 E0.11887
G1 X18.632 Y-4.384 E0.02665
G1 X17.3 Y-4.368 E0.03323
G1 X14.944 Y-4.368 E0.05877
G1 X12.759 Y-4.44 E0.05453
G1 X10.209 Y-4.432 E0.06361
G1 X7.243 Y-4.459 E0.07399
G1 X4.275 Y-4.392 E0.07406
G1 X1.404 Y-4.471 E0.07164
G1 X-1.665 Y-4.389 E0.07658
G1 X-1.784 Y-4.399 E0.00298
G1 X-4.492 Y-4.356 E0.06756
G1 X-9.949 Y-4.391 E0.13613
G1 X-12.623 Y-4.385 E0.0667
G1 X-15.57 Y-4.34 E0.07352
G1 X-24.561 Y-4.478 E0.22431
G1 X-24.512 Y-.826 E0.09111
G1 X-24.536 Y1.835 E0.06638
G1 X-24.524 Y2.526 E0.01724
G1 X-24.542 Y4.424 E0.04735
G1 X-21.919 Y4.392 E0.06544
G1 X-19.682 Y4.376 E0.0558
G1 X-17.291 Y4.324 E0.05966
G1 X-14.89 Y4.316 E0.05989
G1 X-12.611 Y4.384 E0.05688
G1 X-9.829 Y4.412 E0.0694
G0 F7200 X-9.832 Y4.112
G0 X1.376 Y4.146
G0 X1.369 Y4.843
;TYPE:WALL-OUTER
G1 F1800 X4.144 Y4.736 E0.06927
G1 X7.063 Y4.78 E0.07282
G1 X10.172 Y4.744 E0.07756
G1 X12.845 Y4.772 E0.06668
G1 X15.039 Y4.7 E0.05476
G1 X17.369 Y4.692 E0.05812
G1 X19.813 Y4.748 E0.06098
G1 X24.891 Y4.828 E0.12669
G1 X24.877 Y-0.019 E0.12091
G1 X24.856 Y-2.577 E0.06381
G1 X24.867 Y-4.877 E0.05737
G1 X19.69 Y-4.812 E0.12915
G1 X18.627 Y-4.784 E0.02653
G1 X17.3 Y-4.768 E0.0331
G1 X14.957 Y-4.768 E0.05845
G1 X12.765 Y-4.84 E0.05471
G1 X10.213 Y-4.832 E0.06366
G1 X7.234 Y-4.859 E0.07431
G1 X4.286 Y-4.792 E0.07356
G1 X1.404 Y-4.871 E0.07192
G1 X-1.633 Y-4.788 E0.07579
G1 X-1.771 Y-4.799 E0.00345
G1 X-4.49 Y-4.756 E0.06783
G1 X-9.95 Y-4.791 E0.1362
G1 X-12.624 Y-4.785 E0.0667
G1 X-15.564 Y-4.74 E0.07335
G1 X-24.965 Y-4.884 E0.23454
G1 X-24.912 Y-.83 E0.10114
G1 X-24.936 Y1.841 E0.06663
G1 X-24.924 Y2.522 E0.01699
G1 X-24.946 Y4.829 E0.05755
G1 X-21.916 Y4.792 E0.07559
G1 X-19.674 Y4.776 E0.05593
G1 X-17.289 Y4.724 E0.05951
G1 X-14.902 Y4.716 E0.05954
G1 X-12.619 Y4.784 E0.05697
G1 X-9.824 Y4.812 E0.06973
G1 X-7.239 Y4.78 E0.06449
G1 X-4.468 Y4.784 E0.06912
G1 X-4.354 Y4.776 E0.00285
G1 X-1.392 Y4.792 E0.07389
G1 X1.369 Y4.843 E0.06889
G0 F7200 X1.568 Y4.836
G0 X1.542 Y4.139
G0 X-23.299 Y3.691
G0 X-24.104 Y3.984
;TYPE:SKIN
G1 F1420.1 X-24.089 Y2.663 E0.04177
G1 X-23.95 Y2.64 E0.00445
G1 X-23.489 Y3.978 E0.04475
G1 X-24.104 Y3.984 E0.01945
G0 F7200 X-23.299 Y3.691
G0 X-23.488 Y-3.773
G0 X-23.754 Y-3.868
G1 F1764.7 X-23.878 Y-3.344 E0.0137
G1 X-24.161 Y-3.375 E0.00724
G1 X-24.169 Y-4.085 E0.01807
G1 X-23.669 Y-4.079 E0.01272
G1 X-23.754 Y-3.868 E0.00579
G0 F7200 X-23.201 Y-3.683
;MESH:NONMESH
G0 F600 X-23.201 Y-3.683 Z14.6
G0 F7200 X4.189 Y4.041
G0 X4.187 Y4.187
;TIME_ELAPSED:1100.709202
;LAYER:96
;TYPE:FILL
;MESH:pi 3mm_deformed_tet (6).stl
G1 F3600 X-4.209 Y-4.209 E0.29619
G1 X-4.279 Y-4.279
G0 F7200 X-4.275 Y-4.071
G0 X-7.094 Y-4.076
G0 X-7.097 Y-4.217
G1 F3600 X-15.468 Y4.154 E0.29531
G1 X-15.538 Y4.224
G0 F7200 X-15.538 Y4.015
G0 X-18.446 Y4.045
G0 X-18.444 Y4.183
G1 F3600 X-24.312 Y-1.685 E0.20701
G1 X-24.382 Y-1.755
G0 F7200 X-24.174 Y-1.757
G0 X-24.185 Y1.695
G0 X-24.323 Y1.696
G1 F3600 X-18.403 Y-4.224 E0.20884
G1 X-18.333 Y-4.294
G0 F7200 X-18.336 Y-4.088
G0 X-15.49 Y-4.039
G0 X-15.491 Y-4.177
G1 F3600 X-7.092 Y4.221 E0.29628
G1 X-7.022 Y4.291
G0 F7200 X-7.021 Y4.084
G0 X-4.237 Y4.101
G0 X-4.239 Y4.239
G1 F3600 X4.242 Y-4.242 E0.29919
G1 X4.312 Y-4.312
G0 F7200 X4.312 Y-4.102
G0 X7.023 Y-4.156
G0 X7.021 Y-4.293
G1 F3600 X15.448 Y4.134 E0.29729
G1 X15.518 Y4.204
G0 F7200 X15.518 Y3.996
G0 X18.48 Y4.013
G0 X18.477 Y4.151
G1 F3600 X24.252 Y-1.624 E0.20373
G1 X24.322 Y-1.694
G0 F7200 X24.112 Y-1.694
G0 X24.132 Y1.643
G0 X24.27 Y1.643
G1 F3600 X18.414 Y-4.213 E0.20659
G1 X18.344 Y-4.283
G0 F7200 X18.346 Y-4.075
G0 X15.516 Y-4.064
G0 X15.517 Y-4.203
G1 F3600 X7.096 Y4.218 E0.29707
G1 X7.026 Y4.288
G0 F7200 X7.02 Y4.081
G0 X1.206 Y4.153
G0 X1.205 Y4.452
;TYPE:WALL-INNER
G1 F3600 X3.989 Y4.344 E0.0695
G1 X6.864 Y4.384 E0.07172
G1 X7.326 Y4.372 E0.01153
G1 X10.118 Y4.348 E0.06965
G1 X12.944 Y4.372 E0.0705
G1 X15.141 Y4.296 E0.05484
G1 X17.466 Y4.288 E0.058
G1 X20.005 Y4.345 E0.06335
G1 X24.438 Y4.414 E0.1106
G1 X24.425 Y-0.018 E0.11056
G1 X24.404 Y-2.571 E0.06369
G1 X24.413 Y-4.464 E0.04722
G1 X19.786 Y-4.408 E0.11543
G1 X18.585 Y-4.376 E0.02997
G1 X17.387 Y-4.36 E0.02989
G1 X15.044 Y-4.364 E0.05845
G1 X12.747 Y-4.44 E0.05733
G1 X10.386 Y-4.432 E0.0589
G1 X7.32 Y-4.46 E0.07648
G1 X4.74 Y-4.404 E0.06437
G1 X3.978 Y-4.4 E0.01901
G1 X1.245 Y-4.479 E0.0682
G1 X-4.507 Y-4.364 E0.14351
G1 X-9.951 Y-4.391 E0.1358
G1 X-12.615 Y-4.385 E0.06645
G1 X-15.538 Y-4.336 E0.07292
G1 X-16.44 Y-4.356 E0.02251
G1 X-24.506 Y-4.471 E0.20123
G1 X-24.488 Y-2.573 E0.04735
G1 X-24.46 Y-.982 E0.03969
G1 X-24.484 Y1.661 E0.06593
G1 X-24.472 Y2.516 E0.02133
G1 X-24.482 Y4.416 E0.0474
G1 X-21.924 Y4.384 E0.06381
G1 X-19.763 Y4.372 E0.05391
G1 X-17.375 Y4.32 E0.05958
G1 X-14.993 Y4.312 E0.05942
G1 X-12.599 Y4.388 E0.05975
G1 X-9.83 Y4.412 E0.06908
G1 X-7.38 Y4.38 E0.06112
G1 X-4.474 Y4.396 E0.07249
G1 X-.524 Y4.444 E0.09854
G1 X1.205 Y4.452 E0.04313
G0 F7200 X1.212 Y4.852
;TYPE:WALL-OUTER
G1 F1800 X3.983 Y4.744 E0.06918
G1 X6.866 Y4.784 E0.07192
G1 X7.33 Y4.772 E0.01158
G1 X10.114 Y4.748 E0.06945
G1 X12.949 Y4.772 E0.07072
G1 X15.143 Y4.696 E0.05476
G1 X17.457 Y4.688 E0.05772
G1 X19.999 Y4.745 E0.06343
G1 X24.839 Y4.82 E0.12075
G1 X24.825 Y-0.019 E0.12071
G1 X24.804 Y-2.569 E0.06361
G1 X24.815 Y-4.869 E0.05737
G1 X19.776 Y-4.808 E0.12571
G1 X18.579 Y-4.776 E0.02987
G1 X17.387 Y-4.76 E0.02974
G1 X15.057 Y-4.764 E0.05812
G1 X12.753 Y-4.84 E0.0575
G1 X10.39 Y-4.832 E0.05895
G1 X7.318 Y-4.86 E0.07663
G1 X4.738 Y-4.804 E0.06437
G1 X3.99 Y-4.8 E0.01866
G1 X1.247 Y-4.879 E0.06845
G1 X-4.505 Y-4.764 E0.14351
G1 X-9.952 Y-4.791 E0.13588
G1 X-12.616 Y-4.785 E0.06645
G1 X-15.529 Y-4.736 E0.07268
G1 X-16.434 Y-4.756 E0.02258
G1 X-24.91 Y-4.877 E0.21146
G1 X-24.888 Y-2.566 E0.05765
G1 X-24.86 Y-.986 E0.03942
G1 X-24.884 Y1.667 E0.06618
G1 X-24.872 Y2.516 E0.02118
G1 X-24.886 Y4.821 E0.0575
G1 X-21.922 Y4.784 E0.07394
G1 X-19.755 Y4.772 E0.05406
G1 X-17.373 Y4.72 E0.05943
G1 X-15.005 Y4.712 E0.05907
G1 X-12.607 Y4.788 E0.05985
G1 X-9.825 Y4.812 E0.0694
G1 X-7.382 Y4.78 E0.06095
G1 X-4.48 Y4.796 E0.07239
G1 X-.526 Y4.844 E0.09864
G1 X1.212 Y4.852 E0.04336
G0 F7200 X1.411 Y4.845
G0 X1.374 Y3.847
;MESH:NONMESH
G0 F600 X1.374 Y3.847 Z14.75
G0 F7200 X4.195 Y4.048
G0 X4.193 Y4.193
;TIME_ELAPSED:1110.754818
;LAYER:97
;TYPE:FILL
;MESH:pi 3mm_deformed_tet (6).stl
G1 F3600 X-4.223 Y-4.223 E0.2969
G1 X-4.293 Y-4.293
G0 F7200 X-4.285 Y-4.082
G0 X-7.093 Y-4.079
G0 X-7.097 Y-4.216
G1 F3600 X-15.464 Y4.15 E0.29515
G1 X-15.534 Y4.22
G0 F7200 X-15.534 Y4.011
G0 X-18.453 Y4.038
G0 X-18.451 Y4.177
G1 F3600 X-24.259 Y-1.631 E0.20489
G1 X-24.329 Y-1.701
G0 F7200 X-24.12 Y-1.703
G0 X-24.133 Y1.644
G0 X-24.272 Y1.645
G1 F3600 X-18.412 Y-4.216 E0.20674
G1 X-18.342 Y-4.286
G0 F7200 X-18.345 Y-4.084
G0 X-15.485 Y-4.035
G0 X-15.486 Y-4.172
G1 F3600 X-7.089 Y4.225 E0.29623
G1 X-7.019 Y4.295
G0 F7200 X-7.018 Y4.088
G0 X-4.241 Y4.107
G0 X-4.243 Y4.243
G1 F3600 X4.245 Y-4.245 E0.29944
G1 X4.315 Y-4.315
G0 F7200 X4.317 Y-4.112
G0 X7.019 Y-4.157
G0 X7.017 Y-4.296
G1 F3600 X15.444 Y4.13 E0.29727
G1 X15.514 Y4.2
G0 F7200 X15.514 Y3.993
G0 X18.487 Y4.007
G0 X18.484 Y4.143
G1 F3600 X24.199 Y-1.572 E0.20161
G1 X24.269 Y-1.642
G0 F7200 X24.06 Y-1.642
G0 X24.079 Y1.59
G0 X24.218 Y1.59
G1 F3600 X18.413 Y-4.214 E0.20477
G1 X18.343 Y-4.284
G0 F7200 X18.347 Y-4.073
G0 X15.509 Y-4.059
G0 X15.51 Y-4.196
G1 F3600 X7.094 Y4.219 E0.29688
G1 X7.024 Y4.289
G0 F7200 X7.019 Y4.084
G0 X1.05 Y4.16
G0 X1.049 Y4.46
;TYPE:WALL-INNER
G1 F3600 X3.824 Y4.348 E0.06928
G1 X6.726 Y4.391 E0.0724
G1 X7.33 Y4.372 E0.01507
G1 X10.115 Y4.348 E0.06947
G1 X12.474 Y4.372 E0.05885
G1 X13.043 Y4.368 E0.01419
G1 X15.24 Y4.292 E0.05484
G1 X17.555 Y4.28 E0.05775
G1 X19.992 Y4.34 E0.06081
G1 X24.386 Y4.406 E0.10962
G1 X24.373 Y-0.018 E0.11036
G1 X24.352 Y-2.563 E0.06349
G1 X24.361 Y-4.458 E0.04727
G1 X21.793 Y-4.42 E0.06407
G1 X19.867 Y-4.404 E0.04805
G1 X17.476 Y-4.356 E0.05966
G1 X15.147 Y-4.356 E0.0581
G1 X12.734 Y-4.439 E0.06023
G1 X10.51 Y-4.436 E0.05548
G1 X7.329 Y-4.464 E0.07935
G1 X4.903 Y-4.408 E0.06053
G1 X3.835 Y-4.404 E0.02664
G1 X1.369 Y-4.472 E0.06154
G1 X1.078 Y-4.487 E0.00727
G1 X-4.49 Y-4.372 E0.13892
G1 X-6.91 Y-4.383 E0.06037
G1 X-7.254 Y-4.372 E0.00859
G1 X-9.954 Y-4.395 E0.06735
G1 X-12.659 Y-4.384 E0.06748
G1 X-15.498 Y-4.332 E0.07083
G1 X-24.454 Y-4.466 E0.22343
G1 X-24.412 Y-1.138 E0.08302
G1 X-24.435 Y1.498 E0.06576
G1 X-24.416 Y2.513 E0.02532
G1 X-24.431 Y4.41 E0.04732
G1 X-19.86 Y4.368 E0.11403
G1 X-17.463 Y4.316 E0.05981
G1 X-15.096 Y4.308 E0.05905
G1 X-12.819 Y4.384 E0.05683
G1 X-9.831 Y4.412 E0.07454
G1 X-7.529 Y4.384 E0.05743
G1 X-4.615 Y4.397 E0.07269
G1 X-1.606 Y4.448 E0.07507
G1 X1.049 Y4.46 E0.06623
G0 F7200 X1.056 Y4.86
;TYPE:WALL-OUTER
G1 F1800 X3.857 Y4.748 E0.06993
G1 X6.73 Y4.791 E0.07168
G1 X7.334 Y4.772 E0.01507
G1 X10.111 Y4.748 E0.06928
G1 X12.476 Y4.772 E0.059
G1 X13.051 Y4.768 E0.01434
G1 X15.242 Y4.692 E0.05469
G1 X17.545 Y4.68 E0.05745
G1 X19.986 Y4.74 E0.06091
G1 X24.787 Y4.812 E0.11977
G1 X24.773 Y-0.019 E0.12051
G1 X24.752 Y-2.561 E0.06341
G1 X24.763 Y-4.864 E0.05745
G1 X21.79 Y-4.82 E0.07417
G1 X19.859 Y-4.804 E0.04817
G1 X17.476 Y-4.756 E0.05946
G1 X15.161 Y-4.756 E0.05775
G1 X12.74 Y-4.839 E0.06043
G1 X10.514 Y-4.836 E0.05553
G1 X7.326 Y-4.864 E0.07953
G1 X4.906 Y-4.808 E0.06038
G1 X3.846 Y-4.804 E0.02644
G1 X1.084 Y-4.887 E0.06893
G1 X-4.518 Y-4.772 E0.13977
G1 X-6.916 Y-4.783 E0.05982
G1 X-7.25 Y-4.772 E0.00834
G1 X-9.956 Y-4.795 E0.0675
G1 X-12.666 Y-4.784 E0.0676
G1 X-15.492 Y-4.732 E0.07051
G1 X-24.858 Y-4.872 E0.23366
G1 X-24.812 Y-1.142 E0.09305
G1 X-24.835 Y1.506 E0.06606
G1 X-24.816 Y2.51 E0.02505
G1 X-24.834 Y4.814 E0.05748
G1 X-19.852 Y4.768 E0.12428
G1 X-17.461 Y4.716 E0.05966
G1 X-15.109 Y4.708 E0.05867
G1 X-12.827 Y4.784 E0.05696
G1 X-9.826 Y4.812 E0.07486
G1 X-7.531 Y4.784 E0.05725
G1 X-4.622 Y4.797 E0.07257
G1 X-1.608 Y4.848 E0.0752
G1 X1.056 Y4.86 E0.06645
G0 F7200 X1.255 Y4.853
G0 X1.218 Y3.853
;MESH:NONMESH
G0 F600 X1.218 Y3.853 Z14.9
G0 F7200 X4.205 Y4.056
G0 X4.203 Y4.203
;TIME_ELAPSED:1120.785007
;LAYER:98
;TYPE:FILL
;MESH:pi 3mm_deformed_tet (6).stl
G1 F3600 X-4.23 Y-4.23 E0.2975
G1 X-4.3 Y-4.3
G0 F7200 X-4.292 Y-4.09
G0 X-7.088 Y-4.081
G0 X-7.092 Y-4.221
G1 F3600 X-15.459 Y4.145 E0.29515
G1 X-15.529 Y4.215
G0 F7200 X-15.529 Y4.006
G0 X-18.462 Y4.031
G0 X-18.46 Y4.168
G1 F3600 X-24.206 Y-1.578 E0.20271
G1 X-24.276 Y-1.648
G0 F7200 X-24.068 Y-1.65
G0 X-24.081 Y1.591
G0 X-24.219 Y1.592
G1 F3600 X-18.415 Y-4.212 E0.20475
G1 X-18.345 Y-4.282
G0 F7200 X-18.348 Y-4.079
G0 X-15.484 Y-4.032
G0 X-15.482 Y-4.168
G1 F3600 X-7.087 Y4.226 E0.29614
G1 X-7.017 Y4.296
G0 F7200 X-7.016 Y4.091
G0 X-4.258 Y4.121
G0 X-4.26 Y4.26
G1 F3600 X4.258 Y-4.258 E0.3005
G1 X4.328 Y-4.328
G0 F7200 X4.331 Y-4.119
G0 X7.019 Y-4.159
G0 X7.017 Y-4.296
G1 F3600 X15.445 Y4.131 E0.2973
G1 X15.515 Y4.201
G0 F7200 X15.515 Y3.99
G0 X18.493 Y4
G0 X18.49 Y4.137
G1 F3600 X24.148 Y-1.521 E0.1996
G1 X24.218 Y-1.591
G0 F7200 X24.009 Y-1.591
G0 X24.027 Y1.539
G0 X24.166 Y1.539
G1 F3600 X18.421 Y-4.207 E0.20269
G1 X18.351 Y-4.277
G0 F7200 X18.355 Y-4.066
G0 X15.505 Y-4.055
G0 X15.506 Y-4.192
G1 F3600 X7.091 Y4.223 E0.29686
G1 X7.021 Y4.293
G0 F7200 X7.016 Y4.086
G0 X0.89 Y4.168
G0 X0.889 Y4.468
;TYPE:WALL-INNER
G1 F3600 X3.705 Y4.356 E0.0703
G1 X6.592 Y4.396 E0.07202
G1 X7.338 Y4.376 E0.01862
G1 X10.106 Y4.352 E0.06905
G1 X12.314 Y4.372 E0.05508
G1 X13.148 Y4.368 E0.0208
G1 X15.343 Y4.292 E0.05479
G1 X17.643 Y4.276 E0.05738
G1 X20.074 Y4.336 E0.06066
G1 X24.334 Y4.402 E0.10628
G1 X24.321 Y-0.018 E0.11026
G1 X24.3 Y-2.558 E0.06336
G1 X24.306 Y-4.456 E0.04735
G1 X19.861 Y-4.398 E0.11089
G1 X17.562 Y-4.348 E0.05736
G1 X15.249 Y-4.352 E0.0577
G1 X12.901 Y-4.44 E0.05861
G1 X10.63 Y-4.436 E0.05665
G1 X7.341 Y-4.464 E0.08205
G1 X5.073 Y-4.412 E0.05659
G1 X4.318 Y-4.419 E0.01883
G1 X3.695 Y-4.408 E0.01554
G1 X1.373 Y-4.472 E0.05794
G1 X0.918 Y-4.495 E0.01136
G1 X-4.126 Y-4.395 E0.12585
G1 X-4.532 Y-4.38 E0.01013
G1 X-6.791 Y-4.391 E0.05635
G1 X-7.261 Y-4.376 E0.01173
G1 X-9.951 Y-4.395 E0.0671
G1 X-12.645 Y-4.384 E0.0672
G1 X-15.461 Y-4.328 E0.07026
G1 X-24.399 Y-4.459 E0.22298
G1 X-24.384 Y-2.559 E0.0474
G1 X-24.36 Y-1.294 E0.03156
G1 X-24.384 Y1.321 E0.06523
G1 X-24.364 Y2.509 E0.02964
G1 X-24.379 Y4.402 E0.04722
G1 X-19.902 Y4.359 E0.11168
G1 X-17.549 Y4.308 E0.05871
G1 X-15.199 Y4.304 E0.05862
G1 X-12.922 Y4.384 E0.05684
G1 X-9.83 Y4.412 E0.07713
G1 X-7.676 Y4.384 E0.05374
G1 X-4.845 Y4.4 E0.07062
G1 X-4.49 Y4.416 E0.00886
G1 X-1.622 Y4.456 E0.07155
G1 X0.889 Y4.468 E0.06264
G0 F7200 X0.896 Y4.868
;TYPE:WALL-OUTER
G1 F1800 X3.699 Y4.756 E0.06998
G1 X6.594 Y4.796 E0.07222
G1 X7.342 Y4.776 E0.01867
G1 X10.102 Y4.752 E0.06885
G1 X12.316 Y4.772 E0.05523
G1 X13.156 Y4.768 E0.02095
G1 X15.346 Y4.692 E0.05466
G1 X17.633 Y4.676 E0.05705
G1 X20.068 Y4.736 E0.06076
G1 X24.735 Y4.808 E0.11643
G1 X24.721 Y-0.019 E0.12041
G1 X24.7 Y-2.557 E0.06331
G1 X24.707 Y-4.861 E0.05747
G1 X19.853 Y-4.798 E0.12109
G1 X17.563 Y-4.748 E0.05714
G1 X15.264 Y-4.752 E0.05735
G1 X12.908 Y-4.84 E0.05881
G1 X10.634 Y-4.836 E0.05673
G1 X7.338 Y-4.864 E0.08222
G1 X5.077 Y-4.812 E0.05642
G1 X4.311 Y-4.819 E0.01911
G1 X3.706 Y-4.808 E0.01509
G1 X1.393 Y-4.872 E0.05772
G1 X0.924 Y-4.895 E0.01171
G1 X-4.141 Y-4.795 E0.12637
G1 X-4.53 Y-4.78 E0.00971
G1 X-6.797 Y-4.791 E0.05655
G1 X-7.258 Y-4.776 E0.01151
G1 X-9.953 Y-4.795 E0.06723
G1 X-12.653 Y-4.784 E0.06735
G1 X-15.455 Y-4.728 E0.06991
G1 X-24.802 Y-4.865 E0.23319
G1 X-24.784 Y-2.551 E0.05772
G1 X-24.76 Y-1.298 E0.03126
G1 X-24.784 Y1.327 E0.06548
G1 X-24.764 Y2.506 E0.02941
G1 X-24.782 Y4.806 E0.05738
G1 X-19.894 Y4.759 E0.12194
G1 X-17.549 Y4.708 E0.05851
G1 X-15.213 Y4.704 E0.05827
G1 X-12.931 Y4.784 E0.05696
G1 X-9.825 Y4.812 E0.07748
G1 X-7.678 Y4.784 E0.05356
G1 X-4.863 Y4.8 E0.07022
G1 X-4.502 Y4.816 E0.00901
G1 X-1.624 Y4.856 E0.0718
G1 X0.896 Y4.868 E0.06286
G0 F7200 X1.095 Y4.861
G0 X1.056 Y3.862
;MESH:NONMESH
G0 F600 X1.056 Y3.862 Z15.05
G0 F7200 X4.211 Y4.064
G0 X4.209 Y4.209
;TIME_ELAPSED:1130.800342
;LAYER:99
;TYPE:FILL
;MESH:pi 3mm_deformed_tet (6).stl
G1 F3600 X-4.239 Y-4.239 E0.29803
G1 X-4.309 Y-4.309
G0 F7200 X-4.301 Y-4.098
G0 X-7.088 Y-4.084
G0 X-7.092 Y-4.221
G1 F3600 X-15.455 Y4.141 E0.29501
G1 X-15.525 Y4.211
G0 F7200 X-15.525 Y4.003
G0 X-18.468 Y4.024
G0 X-18.466 Y4.161
G1 F3600 X-24.153 Y-1.526 E0.20062
G1 X-24.223 Y-1.596
G0 F7200 X-24.015 Y-1.598
G0 X-24.029 Y1.54
G0 X-24.168 Y1.541
G1 F3600 X-18.42 Y-4.207 E0.20278
G1 X-18.35 Y-4.277
G0 F7200 X-18.353 Y-4.075
G0 X-15.48 Y-4.029
G0 X-15.478 Y-4.164
G1 F3600 X-7.082 Y4.232 E0.29619
G1 X-7.012 Y4.302
G0 F7200 X-7.011 Y4.095
G0 X-4.266 Y4.13
G0 X-4.268 Y4.268
G1 F3600 X4.266 Y-4.266 E0.30106
G1 X4.336 Y-4.336
G0 F7200 X4.339 Y-4.126
G0 X7.015 Y-4.161
G0 X7.013 Y-4.301
G1 F3600 X15.445 Y4.131 E0.29746
G1 X15.515 Y4.201
G0 F7200 X15.515 Y3.99
G0 X18.499 Y3.993
G0 X18.496 Y4.132
G1 F3600 X24.098 Y-1.471 E0.19764
G1 X24.168 Y-1.541
G0 F7200 X23.958 Y-1.54
G0 X23.975 Y1.489
G0 X24.117 Y1.489
G1 F3600 X18.427 Y-4.2 E0.20071
G1 X18.357 Y-4.27
G0 F7200 X18.361 Y-4.059
G0 X15.504 Y-4.054
G0 X15.505 Y-4.192
G1 F3600 X7.09 Y4.224 E0.29688
G1 X7.02 Y4.294
G0 F7200 X7.014 Y4.088
G0 X0.729 Y4.176
G0 X0.728 Y4.476
;TYPE:WALL-INNER
G1 F3600 X3.54 Y4.36 E0.07021
G1 X6.455 Y4.403 E0.07272
G1 X7.346 Y4.376 E0.02224
G1 X10.102 Y4.352 E0.06875
G1 X12.165 Y4.372 E0.05146
G1 X13.251 Y4.364 E0.02709
G1 X15.391 Y4.292 E0.05341
G1 X17.727 Y4.272 E0.05827
G1 X20.159 Y4.332 E0.06068
G1 X24.282 Y4.394 E0.10286
G1 X24.273 Y-0.012 E0.10991
G1 X24.248 Y-2.55 E0.06331
G1 X24.254 Y-4.448 E0.04735
G1 X20.053 Y-4.396 E0.1048
G1 X17.649 Y-4.344 E0.05998
G1 X15.349 Y-4.352 E0.05737
G1 X12.917 Y-4.444 E0.06071
G1 X10.754 Y-4.436 E0.05396
G1 X7.349 Y-4.468 E0.08494
G1 X5.246 Y-4.42 E0.05247
G1 X4.332 Y-4.427 E0.0228
G1 X3.551 Y-4.412 E0.01949
G1 X1.373 Y-4.472 E0.05435
G1 X0.758 Y-4.503 E0.01536
G1 X-3.899 Y-4.414 E0.11619
G1 X-4.543 Y-4.388 E0.01608
G1 X-6.67 Y-4.395 E0.05306
G1 X-7.273 Y-4.376 E0.01505
G1 X-9.947 Y-4.395 E0.0667
G1 X-12.636 Y-4.384 E0.06708
G1 X-15.425 Y-4.324 E0.06959
G1 X-24.348 Y-4.451 E0.22261
G1 X-24.312 Y-1.45 E0.07487
G1 X-24.335 Y1.152 E0.06491
G1 X-24.312 Y2.5 E0.03363
G1 X-24.32 Y4.398 E0.04735
G1 X-20.034 Y4.356 E0.10692
G1 X-17.638 Y4.304 E0.05978
G1 X-15.327 Y4.3 E0.05765
G1 X-13.026 Y4.38 E0.05743
G1 X-9.823 Y4.416 E0.0799
G1 X-7.824 Y4.388 E0.04987
G1 X-5.016 Y4.404 E0.07005
G1 X-4.507 Y4.424 E0.01271
G1 X-1.623 Y4.468 E0.07195
G1 X0.728 Y4.476 E0.05865
G0 F7200 X0.736 Y4.876
;TYPE:WALL-OUTER
G1 F1800 X3.56 Y4.76 E0.0705
G1 X6.458 Y4.803 E0.0723
G1 X7.35 Y4.776 E0.02226
G1 X10.098 Y4.752 E0.06855
G1 X12.168 Y4.772 E0.05164
G1 X13.259 Y4.764 E0.02722
G1 X15.395 Y4.692 E0.05331
G1 X17.717 Y4.672 E0.05792
G1 X20.153 Y4.732 E0.06078
G1 X24.683 Y4.8 E0.11301
G1 X24.673 Y-0.013 E0.12006
G1 X24.648 Y-2.549 E0.06326
G1 X24.655 Y-4.853 E0.05747
G1 X20.045 Y-4.796 E0.11501
G1 X17.651 Y-4.744 E0.05973
G1 X15.364 Y-4.752 E0.05705
G1 X12.924 Y-4.844 E0.06091
G1 X10.758 Y-4.836 E0.05403
G1 X7.346 Y-4.868 E0.08512
G1 X5.25 Y-4.82 E0.0523
G1 X4.324 Y-4.827 E0.0231
G1 X3.562 Y-4.812 E0.01901
G1 X1.393 Y-4.872 E0.05413
G1 X0.764 Y-4.903 E0.01571
G1 X-4.014 Y-4.81 E0.11921
G1 X-4.541 Y-4.788 E0.01316
G1 X-6.676 Y-4.795 E0.05326
G1 X-7.27 Y-4.776 E0.01482
G1 X-9.949 Y-4.795 E0.06683
G1 X-12.644 Y-4.784 E0.06723
G1 X-15.419 Y-4.724 E0.06924
G1 X-24.75 Y-4.857 E0.23279
G1 X-24.744 Y-3.779 E0.02689
G1 X-24.712 Y-1.454 E0.058
G1 X-24.735 Y1.159 E0.06518
G1 X-24.712 Y2.5 E0.03346
G1 X-24.712 Y3.751 E0.03121
G1 X-24.725 Y4.802 E0.02622
G1 X-20.026 Y4.756 E0.11722
G1 X-17.637 Y4.704 E0.05961
G1 X-15.341 Y4.7 E0.05727
G1 X-13.035 Y4.78 E0.05756
G1 X-9.817 Y4.816 E0.08028
G1 X-7.826 Y4.788 E0.04967
G1 X-5.032 Y4.804 E0.0697
G1 X-4.518 Y4.824 E0.01283
G1 X-1.625 Y4.868 E0.07217
G1 X0.736 Y4.876 E0.0589
G0 F7200 X0.935 Y4.868
G0 X0.896 Y3.869
;MESH:NONMESH
G0 F600 X0.896 Y3.869 Z15.2
G0 F7200 X4.218 Y4.073
G0 X4.216 Y4.216
;TIME_ELAPSED:1140.800611
;LAYER:100
;TYPE:FILL
;MESH:pi 3mm_deformed_tet (6).stl
G1 F3600 X-4.244 Y-4.244 E0.29845
G1 X-4.314 Y-4.314
G0 F7200 X-4.306 Y-4.106
G0 X-7.088 Y-4.086
G0 X-7.092 Y-4.222
G1 F3600 X-15.454 Y4.14 E0.29499
G1 X-15.524 Y4.21
G0 F7200 X-15.523 Y4.003
G0 X-18.477 Y4.016
G0 X-18.475 Y4.153
G1 F3600 X-24.105 Y-1.478 E0.19863
G1 X-24.175 Y-1.548
G0 F7200 X-23.965 Y-1.547
G0 X-23.977 Y1.487
G0 X-24.116 Y1.488
G1 F3600 X-18.42 Y-4.207 E0.20092
G1 X-18.35 Y-4.277
G0 F7200 X-18.353 Y-4.069
G0 X-15.484 Y-4.031
G0 X-15.482 Y-4.168
G1 F3600 X-7.078 Y4.236 E0.29647
G1 X-7.008 Y4.306
G0 F7200 X-7.007 Y4.098
G0 X-4.275 Y4.139
G0 X-4.277 Y4.277
G1 F3600 X4.27 Y-4.27 E0.30152
G1 X4.34 Y-4.34
G0 F7200 X4.343 Y-4.133
G0 X7.016 Y-4.162
G0 X7.014 Y-4.3
G1 F3600 X15.444 Y4.13 E0.29739
G1 X15.514 Y4.2
G0 F7200 X15.51 Y3.991
G0 X18.505 Y3.987
G0 X18.502 Y4.125
G1 F3600 X24.047 Y-1.419 E0.1956
G1 X24.117 Y-1.489
G0 F7200 X23.906 Y-1.488
G0 X23.923 Y1.437
G0 X24.064 Y1.437
G1 F3600 X18.437 Y-4.19 E0.19851
G1 X18.367 Y-4.26
G0 F7200 X18.371 Y-4.053
G0 X15.506 Y-4.053
G0 X15.507 Y-4.193
G1 F3600 X7.085 Y4.228 E0.29709
G1 X7.015 Y4.298
G0 F7200 X7.009 Y4.09
G0 X0.573 Y4.184
G0 X0.572 Y4.484
;TYPE:WALL-INNER
G1 F3600 X3.4 Y4.364 E0.07061
G1 X6.319 Y4.411 E0.07282
G1 X7.354 Y4.38 E0.02583
G1 X10.099 Y4.356 E0.06848
G1 X12.014 Y4.376 E0.04777
G1 X13.354 Y4.364 E0.03343
G1 X15.351 Y4.292 E0.04985
G1 X16.137 Y4.276 E0.01961
G1 X17.815 Y4.268 E0.04186
G1 X20.243 Y4.328 E0.06059
G1 X24.23 Y4.387 E0.09947
G1 X24.221 Y-0.008 E0.10963
G1 X24.196 Y-2.542 E0.06321
G1 X24.202 Y-4.443 E0.04742
G1 X20.14 Y-4.388 E0.10134
G1 X17.739 Y-4.336 E0.05991
G1 X15.415 Y-4.353 E0.05797
G1 X13.303 Y-4.428 E0.05272
G1 X12.664 Y-4.439 E0.01594
G1 X10.874 Y-4.436 E0.04465
G1 X7.357 Y-4.468 E0.08774
G1 X5.419 Y-4.424 E0.04836
G1 X4.353 Y-4.431 E0.02659
G1 X3.411 Y-4.416 E0.0235
G1 X1.373 Y-4.472 E0.05086
G1 X0.602 Y-4.511 E0.01926
G1 X-3.865 Y-4.422 E0.11145
G1 X-4.556 Y-4.392 E0.01725
G1 X-6.55 Y-4.403 E0.04974
G1 X-7.252 Y-4.376 E0.01752
G1 X-9.947 Y-4.395 E0.06723
G1 X-12.617 Y-4.384 E0.0666
G1 X-15.4 Y-4.328 E0.06944
G1 X-24.294 Y-4.444 E0.22188
G1 X-24.292 Y-3.593 E0.02123
G1 X-24.264 Y-1.607 E0.04955
G1 X-24.284 Y0.977 E0.06446
G1 X-24.26 Y2.499 E0.03797
G1 X-24.269 Y4.39 E0.04717
G1 X-20.119 Y4.352 E0.10353
G1 X-17.722 Y4.296 E0.05981
G1 X-15.402 Y4.3 E0.05787
G1 X-13.134 Y4.38 E0.05661
G1 X-9.825 Y4.416 E0.08255
G1 X-7.973 Y4.392 E0.0462
G1 X-5.178 Y4.404 E0.06972
G1 X-4.522 Y4.432 E0.01638
G1 X-1.632 Y4.476 E0.0721
G1 X0.572 Y4.484 E0.05498
G0 F7200 X0.58 Y4.884
;TYPE:WALL-OUTER
G1 F1800 X3.431 Y4.764 E0.07118
G1 X6.322 Y4.811 E0.07213
G1 X7.358 Y4.78 E0.02585
G1 X10.095 Y4.756 E0.06828
G1 X12.018 Y4.776 E0.04797
G1 X13.363 Y4.764 E0.03355
G1 X15.359 Y4.692 E0.04982
G1 X16.139 Y4.676 E0.01946
G1 X17.805 Y4.668 E0.04156
G1 X20.237 Y4.728 E0.06068
G1 X24.631 Y4.793 E0.10962
G1 X24.621 Y-0.009 E0.11979
G1 X24.596 Y-2.541 E0.06316
G1 X24.603 Y-4.849 E0.05757
G1 X20.132 Y-4.788 E0.11154
G1 X17.742 Y-4.736 E0.05963
G1 X15.429 Y-4.753 E0.0577
G1 X13.314 Y-4.828 E0.05279
G1 X12.663 Y-4.839 E0.01624
G1 X10.878 Y-4.836 E0.04453
G1 X7.354 Y-4.868 E0.08791
G1 X5.422 Y-4.824 E0.04821
G1 X4.347 Y-4.831 E0.02682
G1 X3.422 Y-4.816 E0.02308
G1 X1.393 Y-4.872 E0.05063
G1 X0.608 Y-4.911 E0.01961
G1 X-3.883 Y-4.822 E0.11205
G1 X-4.554 Y-4.792 E0.01675
G1 X-6.556 Y-4.803 E0.04994
G1 X-7.278 Y-4.776 E0.01802
G1 X-9.949 Y-4.795 E0.06663
G1 X-12.625 Y-4.784 E0.06675
G1 X-15.395 Y-4.728 E0.06911
G1 X-24.695 Y-4.849 E0.23201
G1 X-24.692 Y-3.587 E0.03148
G1 X-24.664 Y-1.61 E0.04932
G1 X-24.684 Y0.983 E0.06468
G1 X-24.66 Y2.497 E0.03777
G1 X-24.671 Y4.794 E0.0573
G1 X-20.11 Y4.752 E0.11378
G1 X-17.723 Y4.696 E0.05956
G1 X-15.416 Y4.7 E0.05755
G1 X-13.143 Y4.78 E0.05674
G1 X-9.82 Y4.816 E0.0829
G1 X-7.975 Y4.792 E0.04603
G1 X-5.195 Y4.804 E0.06935
G1 X-4.534 Y4.832 E0.0165
G1 X-1.634 Y4.876 E0.07235
G1 X0.58 Y4.884 E0.05523
G0 F7200 X0.779 Y4.876
G0 X0.74 Y3.877
;MESH:NONMESH
G0 F600 X0.74 Y3.877 Z15.35
G0 F7200 X4.228 Y4.08
G0 X4.226 Y4.226
;TIME_ELAPSED:1150.785563
;LAYER:101
;TYPE:FILL
;MESH:pi 3mm_deformed_tet (6).stl
G1 F3600 X-4.253 Y-4.253 E0.29912
G1 X-4.323 Y-4.323
G0 F7200 X-4.315 Y-4.114
G0 X-7.083 Y-4.089
G0 X-7.087 Y-4.227
G1 F3600 X-15.456 Y4.142 E0.29524
G1 X-15.526 Y4.212
G0 F7200 X-15.525 Y4.002
G0 X-18.482 Y4.01
G0 X-18.48 Y4.147
G1 F3600 X-24.056 Y-1.428 E0.19669
G1 X-24.126 Y-1.498
G0 F7200 X-23.918 Y-1.497
G0 X-23.925 Y1.437
G0 X-24.066 Y1.438
G1 F3600 X-18.428 Y-4.2 E0.1989
G1 X-18.358 Y-4.27
G0 F7200 X-18.361 Y-4.062
G0 X-15.483 Y-4.03
G0 X-15.482 Y-4.168
G1 F3600 X-7.076 Y4.238 E0.29654
G1 X-7.006 Y4.308
G0 F7200 X-7.005 Y4.102
G0 X-4.282 Y4.147
G0 X-4.284 Y4.284
G1 F3600 X4.277 Y-4.277 E0.30201
G1 X4.347 Y-4.347
G0 F7200 X4.35 Y-4.14
G0 X7.016 Y-4.163
G0 X7.014 Y-4.299
G1 F3600 X15.447 Y4.134 E0.2975
G1 X15.517 Y4.204
G0 F7200 X15.511 Y3.993
G0 X18.515 Y3.98
G0 X18.512 Y4.115
G1 F3600 X23.995 Y-1.368 E0.19343
G1 X24.065 Y-1.438
G0 F7200 X23.855 Y-1.437
G0 X23.871 Y1.385
G0 X24.013 Y1.385
G1 F3600 X18.442 Y-4.185 E0.19651
G1 X18.372 Y-4.255
G0 F7200 X18.376 Y-4.045
G0 X15.503 Y-4.055
G0 X15.508 Y-4.194
G1 F3600 X7.085 Y4.228 E0.29713
G1 X7.015 Y4.298
G0 F7200 X7.01 Y4.094
G0 X0.413 Y4.192
G0 X0.412 Y4.492
;TYPE:WALL-INNER
G1 F3600 X3.256 Y4.372 E0.07101
G1 X6.187 Y4.415 E0.07312
G1 X7.362 Y4.38 E0.02932
G1 X10.095 Y4.356 E0.06818
G1 X11.862 Y4.376 E0.04408
G1 X13.459 Y4.364 E0.03984
G1 X15.627 Y4.288 E0.05411
G1 X16.604 Y4.268 E0.02438
G1 X17.903 Y4.26 E0.0324
G1 X20.324 Y4.32 E0.06041
G1 X24.178 Y4.382 E0.09615
G1 X24.169 Y-0.008 E0.10951
G1 X24.144 Y-2.538 E0.06311
G1 X24.15 Y-4.435 E0.04732
G1 X20.228 Y-4.384 E0.09784
G1 X17.83 Y-4.332 E0.05983
G1 X16.477 Y-4.336 E0.03375
G1 X15.55 Y-4.352 E0.02313
G1 X13.408 Y-4.428 E0.05347
G1 X12.659 Y-4.44 E0.01869
G1 X10.996 Y-4.436 E0.04148
G1 X8.443 Y-4.452 E0.06369
G1 X7.363 Y-4.468 E0.02694
G1 X5.589 Y-4.428 E0.04426
G1 X4.354 Y-4.439 E0.03081
G1 X3.267 Y-4.42 E0.02712
G1 X1.373 Y-4.472 E0.04726
G1 X0.442 Y-4.519 E0.02325
G1 X-3.68 Y-4.44 E0.10284
G1 X-4.568 Y-4.4 E0.02217
G1 X-6.43 Y-4.411 E0.04645
G1 X-7.292 Y-4.38 E0.02152
G1 X-9.939 Y-4.395 E0.06603
G1 X-12.534 Y-4.385 E0.06473
G1 X-15.375 Y-4.328 E0.07088
G1 X-16.34 Y-4.332 E0.02407
G1 X-24.241 Y-4.436 E0.19711
G1 X-24.236 Y-3.406 E0.02569
G1 X-24.212 Y-1.762 E0.04101
G1 X-24.236 Y0.812 E0.06421
G1 X-24.208 Y2.495 E0.04199
G1 X-24.217 Y4.386 E0.04717
G1 X-20.204 Y4.348 E0.10011
G1 X-17.805 Y4.292 E0.05986
G1 X-15.498 Y4.3 E0.05755
G1 X-13.238 Y4.38 E0.05641
G1 X-12.513 Y4.396 E0.01809
G1 X-9.833 Y4.416 E0.06685
G1 X-8.12 Y4.392 E0.04274
G1 X-5.348 Y4.408 E0.06915
G1 X-4.539 Y4.44 E0.0202
G1 X-1.641 Y4.484 E0.0723
G1 X0.412 Y4.492 E0.05121
G0 F7200 X0.42 Y4.892
;TYPE:WALL-OUTER
G1 F1800 X3.276 Y4.772 E0.07131
G1 X6.19 Y4.815 E0.0727
G1 X7.366 Y4.78 E0.02935
G1 X10.091 Y4.756 E0.06798
G1 X11.865 Y4.776 E0.04426
G1 X13.467 Y4.764 E0.03996
G1 X15.635 Y4.688 E0.05411
G1 X16.606 Y4.668 E0.02423
G1 X17.893 Y4.66 E0.0321
G1 X20.318 Y4.72 E0.06051
G1 X24.579 Y4.788 E0.1063
G1 X24.569 Y-0.009 E0.11966
G1 X24.544 Y-2.537 E0.06306
G1 X24.551 Y-4.841 E0.05747
G1 X20.22 Y-4.784 E0.10805
G1 X17.831 Y-4.732 E0.05961
G1 X16.484 Y-4.736 E0.0336
G1 X15.564 Y-4.752 E0.02295
G1 X13.418 Y-4.828 E0.05357
G1 X12.658 Y-4.84 E0.01896
G1 X10.998 Y-4.836 E0.04141
G1 X8.449 Y-4.852 E0.06359
G1 X7.361 Y-4.868 E0.02714
G1 X5.593 Y-4.828 E0.04411
G1 X4.347 Y-4.839 E0.03108
G1 X3.278 Y-4.82 E0.02667
G1 X1.393 Y-4.872 E0.04704
G1 X0.448 Y-4.919 E0.0236
G1 X-3.693 Y-4.84 E0.10332
G1 X-4.566 Y-4.8 E0.0218
G1 X-6.436 Y-4.811 E0.04665
G1 X-7.29 Y-4.78 E0.02132
G1 X-9.941 Y-4.795 E0.06613
G1 X-12.536 Y-4.785 E0.06473
G1 X-15.373 Y-4.728 E0.07078
G1 X-16.335 Y-4.732 E0.024
G1 X-24.643 Y-4.841 E0.20726
G1 X-24.636 Y-3.4 E0.03595
G1 X-24.612 Y-1.766 E0.04076
G1 X-24.636 Y0.818 E0.06446
G1 X-24.608 Y2.493 E0.04179
G1 X-24.619 Y4.79 E0.0573
G1 X-20.195 Y4.748 E0.11036
G1 X-17.807 Y4.692 E0.05959
G1 X-15.512 Y4.7 E0.05725
G1 X-13.25 Y4.78 E0.05646
G1 X-12.516 Y4.796 E0.01831
G1 X-9.827 Y4.816 E0.06708
G1 X-8.122 Y4.792 E0.04254
G1 X-5.364 Y4.808 E0.0688
G1 X-4.55 Y4.84 E0.02032
G1 X-1.643 Y4.884 E0.07252
G1 X0.42 Y4.892 E0.05146
G0 F7200 X0.619 Y4.884
G0 X0.579 Y3.885
;MESH:NONMESH
G0 F600 X0.579 Y3.885 Z15.5
G0 F7200 X4.235 Y4.088
G0 X4.233 Y4.233
;TIME_ELAPSED:1160.755748
;LAYER:102
;TYPE:FILL
;MESH:pi 3mm_deformed_tet (6).stl
G1 F3600 X-4.261 Y-4.261 E0.29965
G1 X-4.331 Y-4.331
G0 F7200 X-4.323 Y-4.121
G0 X-7.083 Y-4.09
G0 X-7.087 Y-4.227
G1 F3600 X-15.459 Y4.145 E0.29534
G1 X-15.529 Y4.215
G0 F7200 X-15.522 Y4.006
G0 X-18.488 Y4.003
G0 X-18.486 Y4.142
G1 F3600 X-24.008 Y-1.381 E0.19482
G1 X-24.078 Y-1.451
G0 F7200 X-23.87 Y-1.45
G0 X-23.874 Y1.384
G0 X-24.012 Y1.385
G1 F3600 X-18.431 Y-4.197 E0.1969
G1 X-18.361 Y-4.267
G0 F7200 X-18.364 Y-4.058
G0 X-15.482 Y-4.031
G0 X-15.481 Y-4.168
G1 F3600 X-7.071 Y4.243 E0.2967
G1 X-7.001 Y4.313
G0 F7200 X-7 Y4.105
G0 X-4.294 Y4.156
G0 X-4.296 Y4.296
G1 F3600 X4.286 Y-4.286 E0.30275
G1 X4.356 Y-4.356
G0 F7200 X4.36 Y-4.147
G0 X7.012 Y-4.164
G0 X7.01 Y-4.303
G1 F3600 X15.45 Y4.137 E0.29774
G1 X15.52 Y4.207
G0 F7200 X15.514 Y3.995
G0 X18.521 Y3.973
G0 X18.518 Y4.11
G1 F3600 X23.944 Y-1.317 E0.19143
G1 X24.014 Y-1.387
G0 F7200 X23.803 Y-1.386
G0 X23.818 Y1.333
G0 X23.96 Y1.333
G1 F3600 X18.451 Y-4.176 E0.19434
G1 X18.381 Y-4.246
G0 F7200 X18.385 Y-4.038
G0 X15.506 Y-4.058
G0 X15.511 Y-4.197
G1 F3600 X7.081 Y4.233 E0.29739
G1 X7.011 Y4.303
G0 F7200 X7.005 Y4.096
G0 X-1.651 Y4.194
G0 X-1.652 Y4.492
;TYPE:WALL-INNER
G1 F3600 X0.256 Y4.5 E0.0476
G1 X3.115 Y4.376 E0.07139
G1 X6.051 Y4.423 E0.07325
G1 X7.366 Y4.384 E0.03282
G1 X10.091 Y4.36 E0.06798
G1 X11.696 Y4.376 E0.04004
G1 X13.599 Y4.359 E0.04747
G1 X15.725 Y4.288 E0.05306
G1 X17.991 Y4.256 E0.05653
G1 X20.408 Y4.316 E0.06031
G1 X24.126 Y4.374 E0.09276
G1 X24.117 Y-0.008 E0.10931
G1 X24.092 Y-2.53 E0.06291
G1 X24.098 Y-4.428 E0.04735
G1 X20.309 Y-4.38 E0.09452
G1 X17.917 Y-4.324 E0.05969
G1 X16.944 Y-4.328 E0.02427
G1 X15.651 Y-4.352 E0.03226
G1 X13.512 Y-4.424 E0.05339
G1 X12.64 Y-4.439 E0.02176
G1 X11.12 Y-4.436 E0.03792
G1 X8.59 Y-4.452 E0.06311
G1 X7.37 Y-4.472 E0.03044
G1 X5.758 Y-4.436 E0.04022
G1 X4.361 Y-4.447 E0.03485
G1 X3.126 Y-4.42 E0.03081
G1 X1.373 Y-4.472 E0.04375
G1 X0.282 Y-4.527 E0.02725
G1 X-3.596 Y-4.45 E0.09676
G1 X-4.579 Y-4.408 E0.02454
G1 X-6.31 Y-4.415 E0.04318
G1 X-7.3 Y-4.38 E0.02471
G1 X-9.939 Y-4.395 E0.06583
G1 X-12.518 Y-4.385 E0.06433
G1 X-15.356 Y-4.328 E0.07081
G1 X-16.84 Y-4.336 E0.03702
G1 X-24.185 Y-4.431 E0.18324
G1 X-24.164 Y-1.919 E0.06266
G1 X-24.184 Y0.632 E0.06364
G1 X-24.156 Y2.49 E0.04635
G1 X-24.162 Y4.378 E0.0471
G1 X-20.292 Y4.344 E0.09654
G1 X-17.9 Y4.288 E0.05969
G1 X-16.641 Y4.288 E0.03141
G1 X-15.594 Y4.3 E0.02612
G1 X-13.343 Y4.38 E0.05619
G1 X-12.513 Y4.396 E0.02071
G1 X-9.834 Y4.416 E0.06683
G1 X-8.268 Y4.396 E0.03907
G1 X-5.511 Y4.412 E0.06877
G1 X-4.555 Y4.452 E0.02387
G1 X-1.652 Y4.492 E0.07242
G0 F7200 X-1.654 Y4.892
;TYPE:WALL-OUTER
G1 F1800 X0.264 Y4.9 E0.04785
G1 X3.136 Y4.776 E0.07171
G1 X6.054 Y4.823 E0.0728
G1 X7.37 Y4.784 E0.03284
G1 X10.087 Y4.76 E0.06778
G1 X11.698 Y4.776 E0.04019
G1 X13.612 Y4.759 E0.04775
G1 X15.732 Y4.688 E0.05291
G1 X17.981 Y4.656 E0.05611
G1 X20.402 Y4.716 E0.06041
G1 X24.527 Y4.78 E0.10291
G1 X24.517 Y-0.009 E0.11946
G1 X24.492 Y-2.529 E0.06286
G1 X24.499 Y-4.833 E0.05747
G1 X20.3 Y-4.78 E0.10475
G1 X17.919 Y-4.724 E0.05941
G1 X16.952 Y-4.728 E0.02412
G1 X15.665 Y-4.752 E0.03211
G1 X13.522 Y-4.824 E0.05349
G1 X12.639 Y-4.839 E0.02203
G1 X11.122 Y-4.836 E0.03784
G1 X8.596 Y-4.852 E0.06301
G1 X7.369 Y-4.872 E0.03061
G1 X5.762 Y-4.836 E0.0401
G1 X4.352 Y-4.847 E0.03517
G1 X3.138 Y-4.82 E0.03029
G1 X1.393 Y-4.872 E0.04355
G1 X0.288 Y-4.927 E0.0276
G1 X-3.613 Y-4.85 E0.09733
G1 X-4.577 Y-4.808 E0.02407
G1 X-6.316 Y-4.815 E0.04338
G1 X-7.298 Y-4.78 E0.02451
G1 X-9.941 Y-4.795 E0.06593
G1 X-12.52 Y-4.785 E0.06433
G1 X-15.354 Y-4.728 E0.07071
G1 X-16.835 Y-4.736 E0.03694
G1 X-24.587 Y-4.837 E0.19339
G1 X-24.564 Y-1.922 E0.07272
G1 X-24.584 Y0.638 E0.06386
G1 X-24.556 Y2.489 E0.04618
G1 X-24.563 Y4.782 E0.0572
G1 X-20.283 Y4.744 E0.10677
G1 X-17.9 Y4.688 E0.05946
G1 X-16.645 Y4.688 E0.03131
G1 X-15.608 Y4.7 E0.02587
G1 X-13.354 Y4.78 E0.05626
G1 X-12.516 Y4.796 E0.02091
G1 X-9.829 Y4.816 E0.06703
G1 X-8.27 Y4.796 E0.03889
G1 X-5.527 Y4.812 E0.06843
G1 X-4.566 Y4.852 E0.02399
G1 X-1.654 Y4.892 E0.07265
G0 F7200 X-1.454 Y4.892
G0 X-1.45 Y3.894
;MESH:NONMESH
G0 F600 X-1.45 Y3.894 Z15.65
G0 F7200 X4.244 Y4.097
G0 X4.242 Y4.242
;TIME_ELAPSED:1170.759787
;LAYER:103
;TYPE:FILL
;MESH:pi 3mm_deformed_tet (6).stl
G1 F3600 X-4.27 Y-4.27 E0.30028
G1 X-4.34 Y-4.34
G0 F7200 X-4.331 Y-4.128
G0 X-7.078 Y-4.093
G0 X-7.082 Y-4.232
G1 F3600 X-15.462 Y4.149 E0.29564
G1 X-15.532 Y4.219
G0 F7200 X-15.525 Y4.009
G0 X-18.497 Y3.995
G0 X-18.495 Y4.132
G1 F3600 X-23.962 Y-1.334 E0.19285
G1 X-24.032 Y-1.404
G0 F7200 X-23.822 Y-1.403
G0 X-23.822 Y1.331
G0 X-23.96 Y1.332
G1 F3600 X-18.434 Y-4.194 E0.19494
G1 X-18.364 Y-4.264
G0 F7200 X-18.367 Y-4.055
G0 X-15.487 Y-4.033
G0 X-15.486 Y-4.172
G1 F3600 X-7.066 Y4.248 E0.29704
G1 X-6.996 Y4.318
G0 F7200 X-6.995 Y4.109
G0 X-4.301 Y4.165
G0 X-4.303 Y4.303
G1 F3600 X4.294 Y-4.294 E0.30328
G1 X4.364 Y-4.364
G0 F7200 X4.368 Y-4.154
G0 X7.012 Y-4.166
G0 X7.01 Y-4.303
G1 F3600 X15.454 Y4.14 E0.29787
G1 X15.524 Y4.21
G0 F7200 X15.518 Y3.998
G0 X18.527 Y3.966
G0 X18.524 Y4.103
G1 F3600 X23.892 Y-1.265 E0.18937
G1 X23.962 Y-1.335
G0 F7200 X23.752 Y-1.334
G0 X23.767 Y1.28
G0 X23.907 Y1.28
G1 F3600 X18.457 Y-4.171 E0.19228
G1 X18.387 Y-4.241
G0 F7200 X18.391 Y-4.031
G0 X15.505 Y-4.061
G0 X15.51 Y-4.197
G1 F3600 X7.081 Y4.233 E0.29737
G1 X7.011 Y4.303
G0 F7200 X7.005 Y4.098
G0 X-1.66 Y4.203
G0 X-1.661 Y4.5
;TYPE:WALL-INNER
G1 F3600 X0.094 Y4.508 E0.04378
G1 X1.365 Y4.444 E0.03175
G1 X2.997 Y4.384 E0.04074
G1 X5.915 Y4.427 E0.0728
G1 X7.374 Y4.384 E0.03641
G1 X10.087 Y4.36 E0.06768
G1 X11.546 Y4.376 E0.0364
G1 X13.707 Y4.359 E0.05391
G1 X15.826 Y4.288 E0.05289
G1 X18.079 Y4.252 E0.05621
G1 X20.494 Y4.312 E0.06026
G1 X24.071 Y4.366 E0.08924
G1 X24.065 Y-0.007 E0.10909
G1 X24.04 Y-2.526 E0.06284
G1 X24.046 Y-4.423 E0.04732
G1 X20.394 Y-4.376 E0.09111
G1 X18 Y-4.32 E0.05973
G1 X15.746 Y-4.348 E0.05623
G1 X13.612 Y-4.424 E0.05327
G1 X12.634 Y-4.44 E0.0244
G1 X11.24 Y-4.436 E0.03477
G1 X8.739 Y-4.452 E0.06239
G1 X7.379 Y-4.472 E0.03393
G1 X5.929 Y-4.44 E0.03618
G1 X4.364 Y-4.455 E0.03904
G1 X2.986 Y-4.424 E0.03438
G1 X1.36 Y-4.472 E0.04058
G1 X0.122 Y-4.535 E0.03092
G1 X-3.465 Y-4.466 E0.08949
G1 X-4.591 Y-4.416 E0.02812
G1 X-6.19 Y-4.423 E0.03989
G1 X-7.312 Y-4.384 E0.02801
G1 X-9.938 Y-4.399 E0.06551
G1 X-12.512 Y-4.385 E0.06421
G1 X-15.335 Y-4.332 E0.07043
G1 X-17.34 Y-4.34 E0.05002
G1 X-24.131 Y-4.424 E0.16942
G1 X-24.116 Y-2.071 E0.0587
G1 X-24.135 Y0.467 E0.06331
G1 X-24.1 Y2.487 E0.0504
G1 X-24.109 Y4.37 E0.04697
G1 X-20.373 Y4.34 E0.0932
G1 X-17.978 Y4.28 E0.05976
G1 X-15.699 Y4.3 E0.05685
G1 X-13.478 Y4.374 E0.05543
G1 X-12.497 Y4.396 E0.02448
G1 X-9.837 Y4.416 E0.06636
G1 X-8.416 Y4.4 E0.03545
G1 X-5.68 Y4.416 E0.06825
G1 X-4.572 Y4.46 E0.02766
G1 X-1.661 Y4.5 E0.07262
G0 F7200 X-1.663 Y4.9
;TYPE:WALL-OUTER
G1 F1800 X0.103 Y4.908 E0.04405
G1 X1.38 Y4.844 E0.03189
G1 X2.991 Y4.784 E0.04021
G1 X5.918 Y4.827 E0.07302
G1 X7.378 Y4.784 E0.03644
G1 X10.083 Y4.76 E0.06748
G1 X11.547 Y4.776 E0.03652
G1 X13.72 Y4.759 E0.05421
G1 X15.832 Y4.688 E0.05271
G1 X18.069 Y4.652 E0.05581
G1 X20.488 Y4.712 E0.06036
G1 X24.471 Y4.772 E0.09937
G1 X24.465 Y-0.007 E0.11921
G1 X24.44 Y-2.525 E0.06281
G1 X24.447 Y-4.829 E0.05747
G1 X20.385 Y-4.776 E0.10134
G1 X18.005 Y-4.72 E0.05939
G1 X15.76 Y-4.748 E0.05601
G1 X13.622 Y-4.824 E0.05337
G1 X12.633 Y-4.84 E0.02467
G1 X11.242 Y-4.836 E0.0347
G1 X8.745 Y-4.852 E0.06229
G1 X7.377 Y-4.872 E0.03413
G1 X5.933 Y-4.84 E0.03603
G1 X4.355 Y-4.855 E0.03937
G1 X2.998 Y-4.824 E0.03386
G1 X1.38 Y-4.872 E0.04038
G1 X0.128 Y-4.935 E0.03127
G1 X-3.483 Y-4.866 E0.09009
G1 X-4.589 Y-4.816 E0.02762
G1 X-6.196 Y-4.823 E0.04009
G1 X-7.31 Y-4.784 E0.02781
G1 X-9.94 Y-4.799 E0.06561
G1 X-12.514 Y-4.785 E0.06421
G1 X-15.333 Y-4.732 E0.07033
G1 X-17.335 Y-4.74 E0.04994
G1 X-24.534 Y-4.829 E0.17959
G1 X-24.516 Y-2.074 E0.06873
G1 X-24.535 Y0.474 E0.06356
G1 X-24.5 Y2.485 E0.05017
G1 X-24.511 Y4.774 E0.0571
G1 X-20.363 Y4.74 E0.10348
G1 X-17.982 Y4.68 E0.05941
G1 X-15.713 Y4.7 E0.0566
G1 X-13.433 Y4.776 E0.05691
G1 X-12.5 Y4.796 E0.02328
G1 X-9.833 Y4.816 E0.06653
G1 X-8.418 Y4.8 E0.0353
G1 X-5.696 Y4.816 E0.0679
G1 X-4.582 Y4.86 E0.02781
G1 X-1.663 Y4.9 E0.07282
G0 F7200 X-1.463 Y4.9
G0 X-1.459 Y3.903
;MESH:NONMESH
G0 F600 X-1.459 Y3.903 Z15.8
G0 F7200 X4.252 Y4.105
G0 X4.25 Y4.25
;TIME_ELAPSED:1180.743466
;LAYER:104
;TYPE:FILL
;MESH:pi 3mm_deformed_tet (6).stl
G1 F3600 X-4.277 Y-4.277 E0.30081
G1 X-4.347 Y-4.347
G0 F7200 X-4.338 Y-4.135
G0 X-7.078 Y-4.094
G0 X-7.082 Y-4.232
G1 F3600 X-15.465 Y4.151 E0.29573
G1 X-15.535 Y4.221
G0 F7200 X-15.528 Y4.012
G0 X-18.503 Y3.989
G0 X-18.501 Y4.127
G1 F3600 X-23.912 Y-1.284 E0.19089
G1 X-23.982 Y-1.354
G0 F7200 X-23.774 Y-1.353
G0 X-23.769 Y1.278
G0 X-23.907 Y1.279
G1 F3600 X-18.44 Y-4.187 E0.19285
G1 X-18.37 Y-4.257
G0 F7200 X-18.373 Y-4.05
G0 X-15.487 Y-4.034
G0 X-15.486 Y-4.172
G1 F3600 X-7.065 Y4.249 E0.29707
G1 X-6.995 Y4.319
G0 F7200 X-6.994 Y4.112
G0 X-4.311 Y4.174
G0 X-4.313 Y4.313
G1 F3600 X4.297 Y-4.297 E0.30374
G1 X4.367 Y-4.367
G0 F7200 X4.371 Y-4.161
G0 X7.01 Y-4.167
G0 X7.008 Y-4.306
G1 F3600 X15.454 Y4.14 E0.29796
G1 X15.524 Y4.21
G0 F7200 X15.518 Y4.001
G0 X18.534 Y3.959
G0 X18.53 Y4.098
G1 F3600 X23.839 Y-1.212 E0.18731
G1 X23.909 Y-1.282
G0 F7200 X23.7 Y-1.28
G0 X23.715 Y1.228
G0 X23.855 Y1.228
G1 F3600 X18.463 Y-4.164 E0.19022
G1 X18.393 Y-4.234
G0 F7200 X18.397 Y-4.023
G0 X15.508 Y-4.063
G0 X15.513 Y-4.199
G1 F3600 X7.076 Y4.238 E0.29764
G1 X7.006 Y4.308
G0 F7200 X7 Y4.101
G0 X-1.669 Y4.211
G0 X-1.67 Y4.508
;TYPE:WALL-INNER
G1 F3600 X-0.06 Y4.516 E0.04016
G1 X2.832 Y4.388 E0.07221
G1 X5.779 Y4.435 E0.07352
G1 X7.382 Y4.388 E0.04
G1 X10.082 Y4.364 E0.06735
G1 X11.412 Y4.376 E0.03318
G1 X12.653 Y4.373 E0.03096
G1 X13.805 Y4.355 E0.02874
G1 X15.922 Y4.284 E0.05284
G1 X18.167 Y4.248 E0.05601
G1 X20.575 Y4.308 E0.06009
G1 X24.019 Y4.362 E0.08592
G1 X24.013 Y-0.004 E0.10891
G1 X23.988 Y-2.262 E0.05633
G1 X23.994 Y-4.416 E0.05373
G1 X20.482 Y-4.372 E0.08761
G1 X18.087 Y-4.316 E0.05976
G1 X15.847 Y-4.348 E0.05588
G1 X13.69 Y-4.42 E0.05384
G1 X12.667 Y-4.443 E0.02553
G1 X11.364 Y-4.436 E0.0325
G1 X8.882 Y-4.452 E0.06192
G1 X7.387 Y-4.476 E0.0373
G1 X6.102 Y-4.444 E0.03206
G1 X4.383 Y-4.459 E0.04288
G1 X2.843 Y-4.428 E0.03842
G1 X1.37 Y-4.468 E0.03676
G1 X-0.035 Y-4.547 E0.0351
G1 X-3.325 Y-4.478 E0.08209
G1 X-4.604 Y-4.424 E0.03193
G1 X-6.069 Y-4.431 E0.03654
G1 X-7.292 Y-4.384 E0.03053
G1 X-9.938 Y-4.399 E0.06601
G1 X-12.496 Y-4.385 E0.06381
G1 X-15.31 Y-4.332 E0.07021
G1 X-17.966 Y-4.341 E0.06625
G1 X-24.076 Y-4.416 E0.15243
G1 X-24.064 Y-2.227 E0.05461
G1 X-24.083 Y0.294 E0.06289
G1 X-24.048 Y2.482 E0.05459
G1 X-24.054 Y4.363 E0.04692
G1 X-20.456 Y4.336 E0.08976
G1 X-18.065 Y4.276 E0.05966
G1 X-15.795 Y4.3 E0.05663
G1 X-13.531 Y4.376 E0.05651
G1 X-12.481 Y4.4 E0.0262
G1 X-9.829 Y4.42 E0.06616
G1 X-8.564 Y4.4 E0.03156
G1 X-5.847 Y4.416 E0.06778
G1 X-4.587 Y4.468 E0.03146
G1 X-1.67 Y4.508 E0.07277
G0 F7200 X-1.672 Y4.908
;TYPE:WALL-OUTER
G1 F1800 X-0.052 Y4.916 E0.04041
G1 X2.852 Y4.788 E0.07251
G1 X5.782 Y4.835 E0.0731
G1 X7.386 Y4.788 E0.04003
G1 X10.078 Y4.764 E0.06715
G1 X11.413 Y4.776 E0.0333
G1 X12.654 Y4.773 E0.03096
G1 X13.818 Y4.755 E0.02904
G1 X15.928 Y4.684 E0.05266
G1 X18.157 Y4.648 E0.05561
G1 X20.569 Y4.708 E0.06019
G1 X24.419 Y4.768 E0.09605
G1 X24.413 Y-0.004 E0.11904
G1 X24.388 Y-2.261 E0.0563
G1 X24.395 Y-4.821 E0.06386
G1 X20.473 Y-4.772 E0.09784
G1 X18.093 Y-4.716 E0.05939
G1 X15.861 Y-4.748 E0.05568
G1 X13.699 Y-4.82 E0.05396
G1 X12.67 Y-4.843 E0.02567
G1 X11.366 Y-4.836 E0.03253
G1 X8.888 Y-4.852 E0.06182
G1 X7.385 Y-4.876 E0.0375
G1 X6.106 Y-4.844 E0.03191
G1 X4.375 Y-4.859 E0.04318
G1 X2.854 Y-4.828 E0.03795
G1 X1.392 Y-4.868 E0.03648
G1 X-0.028 Y-4.947 E0.03548
G1 X-3.342 Y-4.878 E0.08269
G1 X-4.602 Y-4.824 E0.03146
G1 X-6.076 Y-4.831 E0.03677
G1 X-7.318 Y-4.784 E0.031
G1 X-9.94 Y-4.799 E0.06541
G1 X-12.498 Y-4.785 E0.06381
G1 X-15.309 Y-4.732 E0.07013
G1 X-17.961 Y-4.741 E0.06615
G1 X-24.478 Y-4.821 E0.16258
G1 X-24.464 Y-2.23 E0.06463
G1 X-24.483 Y0.3 E0.06311
G1 X-24.448 Y2.481 E0.05441
G1 X-24.455 Y4.766 E0.057
G1 X-20.446 Y4.736 E0.10001
G1 X-18.069 Y4.676 E0.05931
G1 X-15.809 Y4.7 E0.05638
G1 X-13.54 Y4.776 E0.05663
G1 X-12.484 Y4.8 E0.02635
G1 X-9.823 Y4.82 E0.06638
G1 X-8.566 Y4.8 E0.03136
G1 X-5.863 Y4.816 E0.06743
G1 X-4.598 Y4.868 E0.03158
G1 X-1.672 Y4.908 E0.073
G0 F7200 X-1.472 Y4.908
G0 X-1.468 Y3.911
;MESH:NONMESH
G0 F600 X-1.468 Y3.911 Z15.95
G0 F7200 X4.263 Y4.114
G0 X4.261 Y4.261
;TIME_ELAPSED:1190.706463
;LAYER:105
;TYPE:FILL
;MESH:pi 3mm_deformed_tet (6).stl
G1 F3600 X-4.285 Y-4.285 E0.30148
G1 X-4.355 Y-4.355
G0 F7200 X-4.346 Y-4.143
G0 X-7.078 Y-4.096
G0 X-7.082 Y-4.232
G1 F3600 X-15.469 Y4.155 E0.29587
G1 X-15.539 Y4.225
G0 F7200 X-15.532 Y4.014
G0 X-18.51 Y3.982
G0 X-18.508 Y4.12
G1 F3600 X-23.866 Y-1.238 E0.18902
G1 X-23.936 Y-1.308
G0 F7200 X-23.726 Y-1.307
G0 X-23.718 Y1.229
G0 X-23.857 Y1.23
G1 F3600 X-18.441 Y-4.186 E0.19106
G1 X-18.371 Y-4.256
G0 F7200 X-18.374 Y-4.046
G0 X-15.487 Y-4.036
G0 X-15.486 Y-4.173
G1 F3600 X-7.06 Y4.253 E0.29725
G1 X-6.99 Y4.323
G0 F7200 X-6.989 Y4.116
G0 X-4.318 Y4.184
G0 X-4.32 Y4.32
G1 F3600 X4.306 Y-4.306 E0.30431
G1 X4.376 Y-4.376
G0 F7200 X4.38 Y-4.168
G0 X7.009 Y-4.169
G0 X7.007 Y-4.307
G1 F3600 X15.456 Y4.142 E0.29806
G1 X15.526 Y4.212
G0 F7200 X15.52 Y4.002
G0 X18.534 Y3.958
G0 X18.531 Y4.096
G1 F3600 X23.788 Y-1.161 E0.18545
G1 X23.858 Y-1.231
G0 F7200 X23.649 Y-1.229
G0 X23.663 Y1.176
G0 X23.803 Y1.176
G1 F3600 X18.468 Y-4.16 E0.18822
G1 X18.398 Y-4.23
G0 F7200 X18.402 Y-4.021
G0 X15.512 Y-4.065
G0 X15.517 Y-4.203
G1 F3600 X7.075 Y4.238 E0.2978
G1 X7.005 Y4.308
G0 F7200 X6.999 Y4.103
G0 X-1.678 Y4.22
G0 X-1.679 Y4.516
;TYPE:WALL-INNER
G1 F3600 X-.216 Y4.524 E0.0365
G1 X2.688 Y4.396 E0.07251
G1 X5.643 Y4.444 E0.07372
G1 X7.386 Y4.388 E0.0435
G1 X10.079 Y4.364 E0.06718
G1 X11.231 Y4.376 E0.02874
G1 X12.69 Y4.372 E0.0364
G1 X13.914 Y4.355 E0.03054
G1 X16.021 Y4.284 E0.05259
G1 X18.178 Y4.248 E0.05381
G1 X20.652 Y4.304 E0.06173
G1 X23.967 Y4.354 E0.0827
G1 X23.961 Y0.026 E0.10796
G1 X23.936 Y-2.413 E0.06084
G1 X23.939 Y-4.412 E0.04987
G1 X20.572 Y-4.368 E0.084
G1 X18.118 Y-4.312 E0.06123
G1 X15.947 Y-4.348 E0.05416
G1 X13.844 Y-4.418 E0.05249
G1 X12.654 Y-4.443 E0.02969
G1 X9.031 Y-4.452 E0.09038
G1 X7.395 Y-4.476 E0.04081
G1 X6.274 Y-4.452 E0.02797
G1 X4.395 Y-4.467 E0.04687
G1 X2.699 Y-4.432 E0.04232
G1 X1.374 Y-4.468 E0.03306
G1 X-.195 Y-4.555 E0.0392
G1 X-3.192 Y-4.494 E0.07478
G1 X-4.614 Y-4.432 E0.03551
G1 X-5.949 Y-4.435 E0.0333
G1 X-7.305 Y-4.384 E0.03385
G1 X-9.934 Y-4.399 E0.06558
G1 X-12.48 Y-4.385 E0.06351
G1 X-15.291 Y-4.332 E0.07013
G1 X-18.307 Y-4.344 E0.07524
G1 X-24.025 Y-4.409 E0.14265
G1 X-24.016 Y-2.383 E0.05054
G1 X-24.036 Y0.121 E0.06246
G1 X-23.996 Y2.474 E0.0587
G1 X-24.002 Y4.358 E0.047
G1 X-20.551 Y4.328 E0.08609
G1 X-18.152 Y4.272 E0.05986
G1 X-15.895 Y4.3 E0.05631
G1 X-13.663 Y4.376 E0.05571
G1 X-12.479 Y4.4 E0.02954
G1 X-9.832 Y4.42 E0.06603
G1 X-8.712 Y4.404 E0.02794
G1 X-6.012 Y4.42 E0.06735
G1 X-4.603 Y4.476 E0.03518
G1 X-1.679 Y4.516 E0.07295
G0 F7200 X-1.681 Y4.916
;TYPE:WALL-OUTER
G1 F1800 X-.208 Y4.924 E0.03674
G1 X2.708 Y4.796 E0.07281
G1 X5.646 Y4.844 E0.0733
G1 X7.39 Y4.788 E0.04353
G1 X10.075 Y4.764 E0.06698
G1 X11.232 Y4.776 E0.02886
G1 X12.695 Y4.772 E0.03649
G1 X13.927 Y4.755 E0.03074
G1 X16.028 Y4.684 E0.05244
G1 X18.169 Y4.648 E0.05342
G1 X20.646 Y4.704 E0.0618
G1 X24.367 Y4.76 E0.09283
G1 X24.361 Y0.026 E0.11809
G1 X24.336 Y-2.413 E0.06084
G1 X24.339 Y-4.817 E0.05997
G1 X20.563 Y-4.768 E0.0942
G1 X18.124 Y-4.712 E0.06086
G1 X15.961 Y-4.748 E0.05396
G1 X13.826 Y-4.82 E0.05329
G1 X12.658 Y-4.843 E0.02914
G1 X9.037 Y-4.852 E0.09033
G1 X7.393 Y-4.876 E0.04101
G1 X6.278 Y-4.852 E0.02782
G1 X4.387 Y-4.867 E0.04717
G1 X2.71 Y-4.832 E0.04184
G1 X1.396 Y-4.868 E0.03279
G1 X-.188 Y-4.955 E0.03957
G1 X-3.21 Y-4.894 E0.0754
G1 X-4.613 Y-4.832 E0.03503
G1 X-5.956 Y-4.835 E0.0335
G1 X-7.33 Y-4.784 E0.0343
G1 X-9.936 Y-4.799 E0.06501
G1 X-12.482 Y-4.785 E0.06351
G1 X-15.289 Y-4.732 E0.07003
G1 X-18.303 Y-4.744 E0.07519
G1 X-24.427 Y-4.813 E0.15277
G1 X-24.416 Y-2.386 E0.06054
G1 X-24.436 Y0.127 E0.06269
G1 X-24.396 Y2.473 E0.05853
G1 X-24.403 Y4.762 E0.0571
G1 X-20.542 Y4.728 E0.09632
G1 X-18.157 Y4.672 E0.05951
G1 X-15.909 Y4.7 E0.05608
G1 X-13.674 Y4.776 E0.05578
G1 X-12.482 Y4.8 E0.02974
G1 X-9.826 Y4.82 E0.06626
G1 X-8.714 Y4.804 E0.02774
G1 X-6.028 Y4.82 E0.067
G1 X-4.614 Y4.876 E0.0353
G1 X-1.681 Y4.916 E0.07317
G0 F7200 X-1.481 Y4.917
G0 X-1.477 Y3.92
;MESH:NONMESH
G0 F600 X-1.477 Y3.92 Z16.1
G0 F7200 X4.269 Y4.122
G0 X4.267 Y4.267
;TIME_ELAPSED:1200.649532
;LAYER:106
;TYPE:FILL
;MESH:pi 3mm_deformed_tet (6).stl
G1 F3600 X-4.29 Y-4.29 E0.30187
G1 X-4.36 Y-4.36
G0 F7200 X-4.352 Y-4.151
G0 X-7.073 Y-4.098
G0 X-7.077 Y-4.237
G1 F3600 X-15.472 Y4.158 E0.29616
G1 X-15.542 Y4.228
G0 F7200 X-15.535 Y4.017
G0 X-18.515 Y3.976
G0 X-18.516 Y4.112
G1 F3600 X-23.814 Y-1.187 E0.18692
G1 X-23.884 Y-1.257
G0 F7200 X-23.677 Y-1.256
G0 X-23.667 Y1.177
G0 X-23.805 Y1.178
G1 F3600 X-18.444 Y-4.183 E0.18912
G1 X-18.374 Y-4.253
G0 F7200 X-18.375 Y-4.044
G0 X-15.491 Y-4.037
G0 X-15.49 Y-4.176
G1 F3600 X-7.057 Y4.257 E0.2975
G1 X-6.987 Y4.327
G0 F7200 X-6.986 Y4.119
G0 X-4.326 Y4.192
G0 X-4.328 Y4.328
G1 F3600 X4.313 Y-4.313 E0.30483
G1 X4.383 Y-4.383
G0 F7200 X4.387 Y-4.175
G0 X7.007 Y-4.17
G0 X7.005 Y-4.309
G1 F3600 X15.459 Y4.146 E0.29826
G1 X15.529 Y4.216
G0 F7200 X15.523 Y4.004
G0 X18.536 Y3.953
G0 X18.535 Y4.092
G1 F3600 X23.739 Y-1.112 E0.18359
G1 X23.809 Y-1.182
G0 F7200 X23.599 Y-1.18
G0 X23.612 Y1.124
G0 X23.751 Y1.124
G1 F3600 X18.47 Y-4.158 E0.18632
G1 X18.4 Y-4.228
G0 F7200 X18.4 Y-4.018
G0 X15.513 Y-4.068
G0 X15.518 Y-4.204
G1 F3600 X7.072 Y4.242 E0.29796
G1 X7.002 Y4.312
G0 F7200 X6.996 Y4.105
G0 X-1.688 Y4.228
G0 X-1.689 Y4.524
;TYPE:WALL-INNER
G1 F3600 X-.376 Y4.532 E0.03275
G1 X2.549 Y4.4 E0.07304
G1 X5.511 Y4.447 E0.0739
G1 X7.394 Y4.392 E0.04699
G1 X10.069 Y4.368 E0.06673
G1 X11.072 Y4.376 E0.02502
G1 X12.676 Y4.372 E0.04001
G1 X14.02 Y4.355 E0.03353
G1 X16.121 Y4.284 E0.05244
G1 X18.143 Y4.248 E0.05045
G1 X18.955 Y4.256 E0.02026
G1 X20.739 Y4.3 E0.04452
G1 X23.915 Y4.35 E0.07924
G1 X23.909 Y-.197 E0.11343
G1 X23.884 Y-2.505 E0.05758
G1 X23.887 Y-4.403 E0.04735
G1 X20.659 Y-4.36 E0.08053
G1 X18.824 Y-4.32 E0.04579
G1 X18.09 Y-4.316 E0.01831
G1 X16.048 Y-4.348 E0.05094
G1 X13.897 Y-4.416 E0.05368
G1 X12.642 Y-4.443 E0.03131
G1 X9.174 Y-4.452 E0.08651
G1 X7.407 Y-4.479 E0.04408
G1 X6.445 Y-4.456 E0.024
G1 X4.398 Y-4.475 E0.05106
G1 X2.559 Y-4.436 E0.04588
G1 X1.375 Y-4.468 E0.02955
G1 X-.351 Y-4.563 E0.04312
G1 X-3.057 Y-4.506 E0.06752
G1 X-4.628 Y-4.436 E0.03923
G1 X-5.83 Y-4.443 E0.02998
G1 X-7.343 Y-4.388 E0.03777
G1 X-9.925 Y-4.4 E0.06441
G1 X-12.516 Y-4.384 E0.06463
G1 X-15.27 Y-4.336 E0.06871
G1 X-18.791 Y-4.344 E0.08783
G1 X-23.97 Y-4.401 E0.1292
G1 X-23.964 Y-2.471 E0.04814
G1 X-23.984 Y0.105 E0.06426
G1 X-23.944 Y2.469 E0.05898
G1 X-23.947 Y4.351 E0.04695
G1 X-20.638 Y4.324 E0.08255
G1 X-18.505 Y4.272 E0.05322
G1 X-15.995 Y4.3 E0.06262
G1 X-13.768 Y4.376 E0.05559
G1 X-12.471 Y4.4 E0.03236
G1 X-9.828 Y4.42 E0.06593
G1 X-8.855 Y4.404 E0.02427
G1 X-6.181 Y4.424 E0.06671
G1 X-4.62 Y4.484 E0.03897
G1 X-1.689 Y4.524 E0.07312
G0 F7200 X-1.691 Y4.924
;TYPE:WALL-OUTER
G1 F1800 X-.368 Y4.932 E0.033
G1 X2.568 Y4.8 E0.07331
G1 X5.514 Y4.847 E0.0735
G1 X7.398 Y4.792 E0.04702
G1 X10.066 Y4.768 E0.06656
G1 X11.073 Y4.776 E0.02512
G1 X12.681 Y4.772 E0.04011
G1 X14.033 Y4.755 E0.03373
G1 X16.128 Y4.684 E0.05229
G1 X18.139 Y4.648 E0.05017
G1 X18.945 Y4.656 E0.02011
G1 X20.733 Y4.7 E0.04462
G1 X24.315 Y4.756 E0.08936
G1 X24.309 Y-.197 E0.12355
G1 X24.284 Y-2.505 E0.05758
G1 X24.287 Y-4.809 E0.05747
G1 X20.651 Y-4.76 E0.09071
G1 X18.822 Y-4.72 E0.04564
G1 X18.096 Y-4.716 E0.01811
G1 X16.061 Y-4.748 E0.05077
G1 X13.906 Y-4.816 E0.05378
G1 X12.646 Y-4.843 E0.03144
G1 X9.18 Y-4.852 E0.08646
G1 X7.405 Y-4.879 E0.04428
G1 X6.449 Y-4.856 E0.02385
G1 X4.39 Y-4.875 E0.05136
G1 X2.57 Y-4.836 E0.04541
G1 X1.397 Y-4.868 E0.02927
G1 X-.344 Y-4.963 E0.04349
G1 X-3.075 Y-4.906 E0.06814
G1 X-4.626 Y-4.836 E0.03873
G1 X-5.836 Y-4.843 E0.03018
G1 X-7.341 Y-4.788 E0.03757
G1 X-9.928 Y-4.8 E0.06453
G1 X-12.523 Y-4.784 E0.06473
G1 X-15.269 Y-4.736 E0.06851
G1 X-18.787 Y-4.744 E0.08776
G1 X-24.371 Y-4.805 E0.1393
G1 X-24.364 Y-2.474 E0.05815
G1 X-24.384 Y0.111 E0.06449
G1 X-24.344 Y2.469 E0.05883
G1 X-24.347 Y4.754 E0.057
G1 X-20.628 Y4.724 E0.09277
G1 X-18.509 Y4.672 E0.05287
G1 X-16.009 Y4.7 E0.06237
G1 X-13.778 Y4.776 E0.05568
G1 X-12.474 Y4.8 E0.03253
G1 X-9.822 Y4.82 E0.06616
G1 X-8.858 Y4.804 E0.02405
G1 X-6.196 Y4.824 E0.06641
G1 X-4.63 Y4.884 E0.03909
G1 X-1.691 Y4.924 E0.07332
G0 F7200 X-1.491 Y4.925
G0 X-1.487 Y3.928
;MESH:NONMESH
G0 F600 X-1.487 Y3.928 Z16.25
G0 F7200 X4.279 Y4.131
G0 X4.277 Y4.277
;TIME_ELAPSED:1210.571658
;LAYER:107
;TYPE:FILL
;MESH:pi 3mm_deformed_tet (6).stl
G1 F3600 X-4.299 Y-4.299 E0.30254
G1 X-4.369 Y-4.369
G0 F7200 X-4.36 Y-4.158
G0 X-7.072 Y-4.101
G0 X-7.076 Y-4.238
G1 F3600 X-15.473 Y4.159 E0.29623
G1 X-15.543 Y4.229
G0 F7200 X-15.536 Y4.02
G0 X-18.512 Y3.977
G0 X-18.512 Y4.115
G1 F3600 X-23.765 Y-1.138 E0.18531
G1 X-23.835 Y-1.208
G0 F7200 X-23.625 Y-1.207
G0 X-23.62 Y1.131
G0 X-23.759 Y1.132
G1 F3600 X-18.448 Y-4.18 E0.18738
G1 X-18.378 Y-4.25
G0 F7200 X-18.379 Y-4.042
G0 X-15.491 Y-4.039
G0 X-15.49 Y-4.176
G1 F3600 X-7.055 Y4.259 E0.29757
G1 X-6.985 Y4.329
G0 F7200 X-6.984 Y4.123
G0 X-4.338 Y4.201
G0 X-4.34 Y4.34
G1 F3600 X4.322 Y-4.322 E0.30558
G1 X4.392 Y-4.392
G0 F7200 X4.396 Y-4.182
G0 X7.007 Y-4.172
G0 X7.005 Y-4.309
G1 F3600 X15.462 Y4.148 E0.29834
G1 X15.532 Y4.218
G0 F7200 X15.526 Y4.007
G0 X18.536 Y3.955
G0 X18.535 Y4.092
G1 F3600 X23.689 Y-1.062 E0.18182
G1 X23.759 Y-1.132
G0 F7200 X23.55 Y-1.13
G0 X23.561 Y1.073
G0 X23.7 Y1.073
G1 F3600 X18.469 Y-4.158 E0.18454
G1 X18.399 Y-4.228
G0 F7200 X18.399 Y-4.019
G0 X15.517 Y-4.07
G0 X15.522 Y-4.208
G1 F3600 X7.071 Y4.243 E0.29813
G1 X7.001 Y4.313
G0 F7200 X6.995 Y4.108
G0 X-1.69 Y4.237
G0 X-1.691 Y4.536
;TYPE:WALL-INNER
G1 F3600 X-.537 Y4.54 E0.02879
G1 X2.409 Y4.408 E0.07356
G1 X5.375 Y4.455 E0.074
G1 X7.402 Y4.392 E0.05059
G1 X10.066 Y4.368 E0.06646
G1 X10.919 Y4.376 E0.02128
G1 X12.664 Y4.372 E0.04353
G1 X14.116 Y4.351 E0.03622
G1 X16.216 Y4.284 E0.05241
G1 X18.114 Y4.248 E0.04735
G1 X19.45 Y4.26 E0.03333
G1 X20.823 Y4.296 E0.03426
G1 X23.866 Y4.346 E0.07592
G1 X23.857 Y-.357 E0.11732
G1 X23.836 Y-2.501 E0.05348
G1 X23.839 Y-4.402 E0.04742
G1 X20.75 Y-4.356 E0.07706
G1 X19.292 Y-4.324 E0.03638
G1 X18.061 Y-4.316 E0.03071
G1 X16.148 Y-4.348 E0.04773
G1 X13.998 Y-4.416 E0.05366
G1 X12.635 Y-4.444 E0.03401
G1 X11.733 Y-4.44 E0.0225
G1 X9.323 Y-4.452 E0.06012
G1 X7.416 Y-4.479 E0.04758
G1 X6.613 Y-4.46 E0.02004
G1 X4.406 Y-4.483 E0.05506
G1 X2.419 Y-4.44 E0.04958
G1 X1.375 Y-4.468 E0.02605
G1 X-.511 Y-4.571 E0.04712
G1 X-2.928 Y-4.522 E0.0603
G1 X-4.641 Y-4.444 E0.04278
G1 X-5.71 Y-4.451 E0.02667
G1 X-7.324 Y-4.388 E0.04029
G1 X-9.926 Y-4.4 E0.06491
G1 X-12.504 Y-4.384 E0.06431
G1 X-15.249 Y-4.336 E0.06848
G1 X-19.244 Y-4.34 E0.09966
G1 X-23.916 Y-4.396 E0.11655
G1 X-23.916 Y-2.299 E0.05231
G1 X-23.935 Y0.269 E0.06406
G1 X-23.896 Y2.468 E0.05486
G1 X-23.896 Y4.343 E0.04677
G1 X-20.721 Y4.32 E0.0792
G1 X-18.994 Y4.28 E0.04309
G1 X-18.124 Y4.272 E0.0217
G1 X-16.09 Y4.296 E0.05074
G1 X-13.875 Y4.376 E0.05529
G1 X-12.454 Y4.404 E0.03545
G1 X-9.835 Y4.42 E0.06533
G1 X-9.004 Y4.408 E0.02073
G1 X-6.342 Y4.424 E0.06641
G1 X-4.635 Y4.496 E0.04262
G1 X-1.691 Y4.536 E0.07345
G0 F7200 X-1.693 Y4.936
;TYPE:WALL-OUTER
G1 F1800 X-.529 Y4.94 E0.02904
G1 X2.428 Y4.808 E0.07384
G1 X5.378 Y4.855 E0.0736
G1 X7.406 Y4.792 E0.05061
G1 X10.062 Y4.768 E0.06626
G1 X10.92 Y4.776 E0.0214
G1 X12.67 Y4.772 E0.04365
G1 X14.128 Y4.751 E0.03637
G1 X16.224 Y4.684 E0.05231
G1 X18.11 Y4.648 E0.04706
G1 X19.44 Y4.66 E0.03318
G1 X20.817 Y4.696 E0.03436
G1 X24.267 Y4.752 E0.08607
G1 X24.257 Y-.358 E0.12747
G1 X24.236 Y-2.501 E0.05346
G1 X24.239 Y-4.808 E0.05755
G1 X20.741 Y-4.756 E0.08727
G1 X19.29 Y-4.724 E0.0362
G1 X18.068 Y-4.716 E0.03048
G1 X16.161 Y-4.748 E0.04758
G1 X14.006 Y-4.816 E0.05378
G1 X12.638 Y-4.844 E0.03413
G1 X11.735 Y-4.84 E0.02253
G1 X9.329 Y-4.852 E0.06002
G1 X7.414 Y-4.879 E0.04777
G1 X6.617 Y-4.86 E0.01989
G1 X4.398 Y-4.883 E0.05536
G1 X2.43 Y-4.84 E0.0491
G1 X1.397 Y-4.868 E0.02578
G1 X-.504 Y-4.971 E0.04749
G1 X-2.946 Y-4.922 E0.06093
G1 X-4.638 Y-4.844 E0.04225
G1 X-5.716 Y-4.851 E0.02689
G1 X-7.349 Y-4.788 E0.04077
G1 X-9.929 Y-4.8 E0.06436
G1 X-12.511 Y-4.784 E0.06441
G1 X-15.249 Y-4.736 E0.06831
G1 X-19.239 Y-4.74 E0.09953
G1 X-24.316 Y-4.801 E0.12666
G1 X-24.316 Y-2.302 E0.06234
G1 X-24.335 Y0.276 E0.06431
G1 X-24.296 Y2.468 E0.05469
G1 X-24.296 Y4.746 E0.05682
G1 X-20.712 Y4.72 E0.08941
G1 X-18.99 Y4.68 E0.04297
G1 X-18.129 Y4.672 E0.02148
G1 X-16.104 Y4.696 E0.05052
G1 X-13.886 Y4.776 E0.05536
G1 X-12.456 Y4.804 E0.03568
G1 X-9.829 Y4.82 E0.06553
G1 X-9.006 Y4.808 E0.02053
G1 X-6.359 Y4.824 E0.06603
G1 X-4.646 Y4.896 E0.04277
G1 X-1.693 Y4.936 E0.07367
G0 F7200 X-1.493 Y4.936
G0 X-1.489 Y3.937
;MESH:NONMESH
G0 F600 X-1.489 Y3.937 Z16.4
G0 F7200 X4.286 Y4.14
G0 X4.284 Y4.284
;TIME_ELAPSED:1220.474736
;LAYER:108
;TYPE:FILL
;MESH:pi 3mm_deformed_tet (6).stl
G1 F3600 X-4.306 Y-4.306 E0.30304
G1 X-4.376 Y-4.376
G0 F7200 X-4.368 Y-4.166
G0 X-7.071 Y-4.102
G0 X-7.075 Y-4.238
G1 F3600 X-15.474 Y4.161 E0.2963
G1 X-15.544 Y4.231
G0 F7200 X-15.537 Y4.023
G0 X-18.509 Y3.978
G0 X-18.509 Y4.118
G1 F3600 X-23.711 Y-1.084 E0.18351
G1 X-23.781 Y-1.154
G0 F7200 X-23.574 Y-1.153
G0 X-23.573 Y1.083
G0 X-23.711 Y1.084
G1 F3600 X-18.448 Y-4.18 E0.18568
G1 X-18.378 Y-4.25
G0 F7200 X-18.379 Y-4.042
G0 X-15.491 Y-4.04
G0 X-15.49 Y-4.176
G1 F3600 X-7.049 Y4.265 E0.29778
G1 X-6.979 Y4.335
G0 F7200 X-6.978 Y4.127
G0 X-4.346 Y4.21
G0 X-4.348 Y4.348
G1 F3600 X4.325 Y-4.325 E0.30596
G1 X4.395 Y-4.395
G0 F7200 X4.399 Y-4.189
G0 X7.003 Y-4.173
G0 X7.001 Y-4.313
G1 F3600 X15.462 Y4.149 E0.2985
G1 X15.532 Y4.219
G0 F7200 X15.526 Y4.009
G0 X18.532 Y3.957
G0 X18.531 Y4.096
G1 F3600 X23.642 Y-1.015 E0.1803
G1 X23.712 Y-1.085
G0 F7200 X23.502 Y-1.083
G0 X23.512 Y1.026
G0 X23.653 Y1.026
G1 F3600 X18.469 Y-4.158 E0.18288
G1 X18.399 Y-4.228
G0 F7200 X18.399 Y-4.021
G0 X15.516 Y-4.072
G0 X15.521 Y-4.207
G1 F3600 X7.068 Y4.246 E0.2982
G1 X6.998 Y4.316
G0 F7200 X6.992 Y4.111
G0 X-1.699 Y4.245
G0 X-1.7 Y4.544
;TYPE:WALL-INNER
G1 F3600 X-.693 Y4.548 E0.02512
G1 X2.265 Y4.412 E0.07387
G1 X5.239 Y4.459 E0.0742
G1 X7.406 Y4.396 E0.05408
G1 X10.056 Y4.372 E0.06611
G1 X12.656 Y4.372 E0.06486
G1 X14.226 Y4.351 E0.03917
G1 X16.318 Y4.28 E0.05222
G1 X18.086 Y4.252 E0.04411
G1 X19.88 Y4.268 E0.04475
G1 X23.822 Y4.34 E0.09835
G1 X23.809 Y-.512 E0.12103
G1 X23.784 Y-2.502 E0.04964
G1 X23.79 Y-4.398 E0.0473
G1 X19.757 Y-4.328 E0.10062
G1 X18.034 Y-4.316 E0.04298
G1 X16.248 Y-4.344 E0.04456
G1 X14.101 Y-4.412 E0.05358
G1 X12.58 Y-4.444 E0.03795
G1 X9.47 Y-4.452 E0.07758
G1 X7.423 Y-4.483 E0.05107
G1 X6.786 Y-4.468 E0.01589
G1 X4.428 Y-4.487 E0.05882
G1 X2.275 Y-4.444 E0.05372
G1 X1.375 Y-4.468 E0.02246
G1 X-.67 Y-4.579 E0.05109
G1 X-2.787 Y-4.534 E0.05282
G1 X-4.651 Y-4.452 E0.04654
G1 X-5.593 Y-4.455 E0.0235
G1 X-7.336 Y-4.388 E0.04351
G1 X-9.923 Y-4.399 E0.06453
G1 X-12.489 Y-4.384 E0.06401
G1 X-15.225 Y-4.336 E0.06826
G1 X-19.696 Y-4.34 E0.11153
G1 X-23.87 Y-4.392 E0.10413
G1 X-23.864 Y-2.123 E0.0566
G1 X-23.883 Y0.43 E0.06369
G1 X-23.848 Y2.464 E0.05075
G1 X-23.848 Y4.339 E0.04677
G1 X-20.807 Y4.316 E0.07586
G1 X-19.468 Y4.284 E0.03341
G1 X-18.093 Y4.276 E0.0343
G1 X-16.187 Y4.296 E0.04755
G1 X-13.983 Y4.372 E0.05501
G1 X-12.439 Y4.404 E0.03852
G1 X-9.837 Y4.42 E0.06491
G1 X-9.152 Y4.412 E0.01709
G1 X-6.511 Y4.428 E0.06588
G1 X-4.651 Y4.504 E0.04644
G1 X-1.7 Y4.544 E0.07362
G0 F7200 X-1.702 Y4.944
;TYPE:WALL-OUTER
G1 F1800 X-.685 Y4.948 E0.02537
G1 X2.284 Y4.812 E0.07414
G1 X5.242 Y4.859 E0.0738
G1 X7.41 Y4.796 E0.0541
G1 X10.056 Y4.772 E0.06601
G1 X12.661 Y4.772 E0.06498
G1 X14.24 Y4.751 E0.03939
G1 X16.324 Y4.68 E0.05202
G1 X18.082 Y4.652 E0.04386
G1 X19.872 Y4.668 E0.04465
G1 X24.223 Y4.748 E0.10855
G1 X24.209 Y-.513 E0.13124
G1 X24.184 Y-2.501 E0.04959
G1 X24.191 Y-4.804 E0.05745
G1 X19.754 Y-4.728 E0.1107
G1 X18.04 Y-4.716 E0.04276
G1 X16.261 Y-4.744 E0.04438
G1 X14.109 Y-4.812 E0.05371
G1 X12.581 Y-4.844 E0.03812
G1 X9.476 Y-4.852 E0.07745
G1 X7.421 Y-4.883 E0.05127
G1 X6.79 Y-4.868 E0.01574
G1 X4.42 Y-4.887 E0.05912
G1 X2.286 Y-4.844 E0.05324
G1 X1.397 Y-4.868 E0.02218
G1 X-.664 Y-4.979 E0.05149
G1 X-2.805 Y-4.934 E0.05342
G1 X-4.649 Y-4.852 E0.04604
G1 X-5.6 Y-4.855 E0.02372
G1 X-7.361 Y-4.788 E0.04396
G1 X-9.925 Y-4.799 E0.06396
G1 X-12.496 Y-4.784 E0.06413
G1 X-15.225 Y-4.736 E0.06809
G1 X-19.691 Y-4.74 E0.1114
G1 X-24.271 Y-4.797 E0.11426
G1 X-24.264 Y-2.126 E0.06663
G1 X-24.283 Y0.437 E0.06394
G1 X-24.248 Y2.464 E0.05057
G1 X-24.248 Y4.742 E0.05682
G1 X-20.797 Y4.716 E0.08609
G1 X-19.466 Y4.684 E0.03321
G1 X-18.097 Y4.676 E0.03415
G1 X-16.201 Y4.696 E0.0473
G1 X-13.994 Y4.772 E0.05509
G1 X-12.441 Y4.804 E0.03875
G1 X-9.833 Y4.82 E0.06506
G1 X-9.154 Y4.812 E0.01694
G1 X-6.527 Y4.828 E0.06553
G1 X-4.662 Y4.904 E0.04656
G1 X-1.702 Y4.944 E0.07384
G0 F7200 X-1.502 Y4.944
G0 X-1.498 Y3.945
;MESH:NONMESH
G0 F600 X-1.498 Y3.945 Z16.55
G0 F7200 X4.295 Y4.148
G0 X4.293 Y4.293
;TIME_ELAPSED:1230.359400
;LAYER:109
;TYPE:FILL
;MESH:pi 3mm_deformed_tet (6).stl
G1 F3600 X-4.315 Y-4.315 E0.30367
G1 X-4.385 Y-4.385
G0 F7200 X-4.376 Y-4.173
G0 X-7.068 Y-4.104
G0 X-7.072 Y-4.242
G1 F3600 X-15.478 Y4.164 E0.29654
G1 X-15.548 Y4.234
G0 F7200 X-15.541 Y4.025
G0 X-18.509 Y3.979
G0 X-18.509 Y4.119
G1 F3600 X-23.663 Y-1.036 E0.18184
G1 X-23.733 Y-1.106
G0 F7200 X-23.523 Y-1.105
G0 X-23.527 Y1.038
G0 X-23.666 Y1.039
G1 F3600 X-18.448 Y-4.18 E0.1841
G1 X-18.378 Y-4.25
G0 F7200 X-18.379 Y-4.042
G0 X-15.494 Y-4.041
G0 X-15.493 Y-4.18
G1 F3600 X-7.045 Y4.269 E0.29804
G1 X-6.975 Y4.339
G0 F7200 X-6.974 Y4.131
G0 X-4.354 Y4.219
G0 X-4.356 Y4.356
G1 F3600 X4.332 Y-4.332 E0.30649
G1 X4.402 Y-4.402
G0 F7200 X4.406 Y-4.195
G0 X7.002 Y-4.174
G0 X7 Y-4.313
G1 F3600 X15.465 Y4.151 E0.29861
G1 X15.535 Y4.221
G0 F7200 X15.529 Y4.011
G0 X18.532 Y3.959
G0 X18.531 Y4.096
G1 F3600 X23.593 Y-.966 E0.17858
G1 X23.663 Y-1.036
G0 F7200 X23.453 Y-1.034
G0 X23.463 Y0.974
G0 X23.602 Y0.974
G1 F3600 X18.465 Y-4.162 E0.1812
G1 X18.395 Y-4.232
G0 F7200 X18.395 Y-4.022
G0 X15.519 Y-4.073
G0 X15.524 Y-4.21
G1 F3600 X7.063 Y4.25 E0.29847
G1 X6.993 Y4.32
G0 F7200 X6.987 Y4.113
G0 X-4.664 Y4.215
G0 X-4.668 Y4.512
;TYPE:WALL-INNER
G1 F3600 X-.853 Y4.556 E0.09517
G1 X2.125 Y4.416 E0.07437
G1 X5.104 Y4.467 E0.07432
G1 X7.413 Y4.4 E0.05762
G1 X10.072 Y4.372 E0.06633
G1 X12.641 Y4.372 E0.06408
G1 X14.328 Y4.351 E0.04209
G1 X16.413 Y4.28 E0.05204
G1 X18.058 Y4.252 E0.04104
G1 X20.348 Y4.272 E0.05713
G1 X23.764 Y4.339 E0.08523
G1 X23.767 Y2.441 E0.04735
G1 X23.754 Y-.908 E0.08354
G1 X23.736 Y-2.498 E0.03967
G1 X23.742 Y-4.393 E0.04727
G1 X20.224 Y-4.332 E0.08777
G1 X18.007 Y-4.32 E0.0553
G1 X16.348 Y-4.344 E0.04139
G1 X14.201 Y-4.412 E0.05358
G1 X12.57 Y-4.444 E0.04069
G1 X10.059 Y-4.448 E0.06264
G1 X7.432 Y-4.483 E0.06554
G1 X6.958 Y-4.472 E0.01183
G1 X4.433 Y-4.495 E0.06299
G1 X2.135 Y-4.448 E0.05734
G1 X1.375 Y-4.468 E0.01896
G1 X-.831 Y-4.587 E0.05511
G1 X-2.657 Y-4.55 E0.04556
G1 X-4.663 Y-4.46 E0.05009
G1 X-5.473 Y-4.463 E0.02021
G1 X-7.371 Y-4.392 E0.04738
G1 X-9.93 Y-4.404 E0.06384
G1 X-12.475 Y-4.384 E0.06349
G1 X-15.204 Y-4.34 E0.06808
G1 X-20.148 Y-4.34 E0.12333
G1 X-23.824 Y-4.388 E0.09171
G1 X-23.824 Y-2.496 E0.0472
G1 X-23.816 Y-1.951 E0.0136
G1 X-23.836 Y0.544 E0.06224
G1 X-23.8 Y2.464 E0.0479
G1 X-23.8 Y4.338 E0.04675
G1 X-20.896 Y4.312 E0.07244
G1 X-19.94 Y4.288 E0.02386
G1 X-18.061 Y4.276 E0.04687
G1 X-16.291 Y4.296 E0.04416
G1 X-14.087 Y4.372 E0.05501
G1 X-12.421 Y4.408 E0.04157
G1 X-9.831 Y4.42 E0.06461
G1 X-9.299 Y4.412 E0.01327
G1 X-6.676 Y4.432 E0.06543
G1 X-4.668 Y4.512 E0.05013
G0 F7200 X-4.678 Y4.912
;TYPE:WALL-OUTER
G1 F1800 X-.845 Y4.956 E0.09562
G1 X2.144 Y4.816 E0.07464
G1 X5.106 Y4.867 E0.0739
G1 X7.417 Y4.8 E0.05767
G1 X10.072 Y4.772 E0.06623
G1 X12.646 Y4.772 E0.06421
G1 X14.342 Y4.751 E0.04231
G1 X16.42 Y4.68 E0.05187
G1 X18.054 Y4.652 E0.04077
G1 X20.34 Y4.672 E0.05703
G1 X24.169 Y4.748 E0.09553
G1 X24.154 Y-.912 E0.14119
G1 X24.136 Y-2.497 E0.03954
G1 X24.143 Y-4.8 E0.05745
G1 X20.222 Y-4.732 E0.09782
G1 X18.013 Y-4.72 E0.0551
G1 X16.361 Y-4.744 E0.04121
G1 X14.209 Y-4.812 E0.05371
G1 X12.57 Y-4.844 E0.04089
G1 X10.065 Y-4.848 E0.06249
G1 X7.43 Y-4.883 E0.06574
G1 X6.962 Y-4.872 E0.01168
G1 X4.425 Y-4.895 E0.06329
G1 X2.146 Y-4.848 E0.05686
G1 X1.397 Y-4.868 E0.01869
G1 X-.824 Y-4.987 E0.05548
G1 X-2.675 Y-4.95 E0.04618
G1 X-4.661 Y-4.86 E0.04959
G1 X-5.48 Y-4.863 E0.02043
G1 X-7.369 Y-4.792 E0.04715
G1 X-9.933 Y-4.804 E0.06396
G1 X-12.481 Y-4.784 E0.06356
G1 X-15.204 Y-4.74 E0.06793
G1 X-20.143 Y-4.74 E0.1232
G1 X-24.224 Y-4.793 E0.10181
G1 X-24.224 Y-2.49 E0.05745
G1 X-24.216 Y-1.954 E0.01337
G1 X-24.236 Y0.546 E0.06236
G1 X-24.2 Y2.464 E0.04785
G1 X-24.2 Y4.742 E0.05682
G1 X-20.886 Y4.712 E0.08267
G1 X-19.938 Y4.688 E0.02366
G1 X-18.065 Y4.676 E0.04672
G1 X-16.305 Y4.696 E0.04391
G1 X-14.069 Y4.772 E0.05581
G1 X-12.469 Y4.808 E0.03992
G1 X-9.825 Y4.82 E0.06596
G1 X-9.302 Y4.812 E0.01305
G1 X-6.692 Y4.832 E0.06511
G1 X-4.678 Y4.912 E0.05028
G0 F7200 X-4.478 Y4.914
G0 X-4.465 Y3.917
;MESH:NONMESH
G0 F600 X-4.465 Y3.917 Z16.7
G0 F7200 X4.305 Y4.157
G0 X4.303 Y4.303
;TIME_ELAPSED:1240.290628
;LAYER:110
;TYPE:FILL
;MESH:pi 3mm_deformed_tet (6).stl
G1 F3600 X-4.323 Y-4.323 E0.30431
G1 X-4.393 Y-4.393
G0 F7200 X-4.384 Y-4.181
G0 X-7.066 Y-4.107
G0 X-7.07 Y-4.243
G1 F3600 X-15.481 Y4.167 E0.2967
G1 X-15.551 Y4.237
G0 F7200 X-15.544 Y4.028
G0 X-18.509 Y3.981
G0 X-18.509 Y4.119
G1 F3600 X-23.61 Y-.983 E0.17997
G1 X-23.68 Y-1.053
G0 F7200 X-23.472 Y-1.052
G0 X-23.481 Y0.991
G0 X-23.619 Y0.992
G1 F3600 X-18.448 Y-4.18 E0.18244
G1 X-18.378 Y-4.25
G0 F7200 X-18.379 Y-4.042
G0 X-15.494 Y-4.042
G0 X-15.493 Y-4.18
G1 F3600 X-7.04 Y4.274 E0.29822
G1 X-6.97 Y4.344
G0 F7200 X-6.969 Y4.136
G0 X-4.362 Y4.227
G0 X-4.364 Y4.364
G1 F3600 X4.341 Y-4.341 E0.30709
G1 X4.411 Y-4.411
G0 F7200 X4.415 Y-4.203
G0 X6.987 Y-4.182
G0 X6.988 Y-4.325
G1 F3600 X15.467 Y4.153 E0.2991
G1 X15.537 Y4.223
G0 F7200 X15.531 Y4.013
G0 X18.531 Y3.96
G0 X18.53 Y4.097
G1 F3600 X23.543 Y-.916 E0.17685
G1 X23.613 Y-.986
G0 F7200 X23.404 Y-.984
G0 X23.409 Y0.921
G0 X23.548 Y0.921
G1 F3600 X18.465 Y-4.163 E0.17933
G1 X18.395 Y-4.233
G0 F7200 X18.395 Y-4.024
G0 X15.521 Y-4.075
G0 X15.526 Y-4.212
G1 F3600 X7.062 Y4.252 E0.29859
G1 X6.992 Y4.322
G0 F7200 X6.986 Y4.115
G0 X-4.684 Y4.224
G0 X-4.688 Y4.52
;TYPE:WALL-INNER
G1 F3600 X-1.007 Y4.563 E0.09183
G1 X1.981 Y4.424 E0.07462
G1 X4.967 Y4.475 E0.0745
G1 X7.475 Y4.399 E0.06259
G1 X10.047 Y4.376 E0.06416
G1 X12.629 Y4.372 E0.06441
G1 X14.425 Y4.347 E0.04481
G1 X16.512 Y4.28 E0.05209
G1 X18.03 Y4.252 E0.03787
G1 X20.813 Y4.276 E0.06942
G1 X23.717 Y4.336 E0.07246
G1 X23.704 Y-.861 E0.12964
G1 X23.688 Y-2.494 E0.04074
G1 X23.694 Y-4.389 E0.04727
G1 X20.688 Y-4.336 E0.075
G1 X17.978 Y-4.32 E0.0676
G1 X16.449 Y-4.344 E0.03815
G1 X14.308 Y-4.408 E0.05343
G1 X12.558 Y-4.444 E0.04366
G1 X9.763 Y-4.452 E0.06972
G1 X7.376 Y-4.483 E0.05955
G1 X4.447 Y-4.503 E0.07307
G1 X1.992 Y-4.452 E0.06125
G1 X1.375 Y-4.468 E0.0154
G1 X-.99 Y-4.595 E0.05908
G1 X-2.518 Y-4.562 E0.03813
G1 X-4.672 Y-4.468 E0.05378
G1 X-5.352 Y-4.468 E0.01696
G1 X-7.383 Y-4.392 E0.0507
G1 X-9.938 Y-4.404 E0.06374
G1 X-12.463 Y-4.384 E0.06299
G1 X-15.184 Y-4.34 E0.06788
G1 X-20.601 Y-4.34 E0.13513
G1 X-23.776 Y-4.383 E0.07921
G1 X-23.776 Y-2.494 E0.04712
G1 X-23.764 Y-1.775 E0.01794
G1 X-23.784 Y0.748 E0.06294
G1 X-23.756 Y2.459 E0.04269
G1 X-23.752 Y4.332 E0.04672
G1 X-20.417 Y4.292 E0.0832
G1 X-18.028 Y4.276 E0.0596
G1 X-16.387 Y4.296 E0.04094
G1 X-14.195 Y4.372 E0.05471
G1 X-12.411 Y4.408 E0.04451
G1 X-9.876 Y4.424 E0.06324
G1 X-9.447 Y4.416 E0.0107
G1 X-6.844 Y4.436 E0.06493
G1 X-4.688 Y4.52 E0.05382
G0 F7200 X-4.698 Y4.92
;TYPE:WALL-OUTER
G1 F1800 X-1 Y4.963 E0.09225
G1 X2 Y4.824 E0.07492
G1 X4.97 Y4.875 E0.0741
G1 X7.479 Y4.799 E0.06262
G1 X10.047 Y4.776 E0.06406
G1 X12.635 Y4.772 E0.06456
G1 X14.438 Y4.747 E0.04498
G1 X16.52 Y4.68 E0.05196
G1 X18.026 Y4.652 E0.03757
G1 X20.805 Y4.676 E0.06933
G1 X24.121 Y4.744 E0.08274
G1 X24.104 Y-.865 E0.13992
G1 X24.088 Y-2.493 E0.04061
G1 X24.095 Y-4.796 E0.05745
G1 X20.686 Y-4.736 E0.08505
G1 X17.984 Y-4.72 E0.0674
G1 X16.461 Y-4.744 E0.038
G1 X14.316 Y-4.808 E0.05353
G1 X12.559 Y-4.844 E0.04384
G1 X9.769 Y-4.852 E0.0696
G1 X7.371 Y-4.883 E0.05982
G1 X4.439 Y-4.903 E0.07314
G1 X2.002 Y-4.852 E0.0608
G1 X1.397 Y-4.868 E0.0151
G1 X-.984 Y-4.995 E0.05948
G1 X-2.536 Y-4.962 E0.03872
G1 X-4.672 Y-4.868 E0.05333
G1 X-5.36 Y-4.868 E0.01716
G1 X-7.381 Y-4.792 E0.05045
G1 X-9.941 Y-4.804 E0.06386
G1 X-12.469 Y-4.784 E0.06306
G1 X-15.184 Y-4.74 E0.06773
G1 X-20.595 Y-4.74 E0.13498
G1 X-24.176 Y-4.789 E0.08934
G1 X-24.176 Y-2.488 E0.0574
G1 X-24.164 Y-1.778 E0.01771
G1 X-24.184 Y0.754 E0.06316
G1 X-24.156 Y2.459 E0.04254
G1 X-24.152 Y4.737 E0.05683
G1 X-20.414 Y4.692 E0.09325
G1 X-18.033 Y4.676 E0.0594
G1 X-16.401 Y4.696 E0.04071
G1 X-14.206 Y4.772 E0.05479
G1 X-12.413 Y4.808 E0.04474
G1 X-9.874 Y4.824 E0.06334
G1 X-9.45 Y4.816 E0.01058
G1 X-6.86 Y4.836 E0.06461
G1 X-4.698 Y4.92 E0.05397
G0 F7200 X-4.498 Y4.922
G0 X-4.487 Y3.926
;MESH:NONMESH
G0 F600 X-4.487 Y3.926 Z16.85
G0 F7200 X4.312 Y4.165
G0 X4.31 Y4.31
;TIME_ELAPSED:1250.202510
;LAYER:111
;TYPE:FILL
;MESH:pi 3mm_deformed_tet (6).stl
G1 F3600 X-4.332 Y-4.332 E0.30487
G1 X-4.402 Y-4.402
G0 F7200 X-4.393 Y-4.189
G0 X-7.062 Y-4.108
G0 X-7.066 Y-4.248
G1 F3600 X-15.484 Y4.171 E0.29699
G1 X-15.554 Y4.241
G0 F7200 X-15.547 Y4.031
G0 X-18.507 Y3.982
G0 X-18.507 Y4.12
G1 F3600 X-23.562 Y-.935 E0.17833
G1 X-23.632 Y-1.005
G0 F7200 X-23.421 Y-1.004
G0 X-23.434 Y0.947
G0 X-23.575 Y0.948
G1 F3600 X-18.448 Y-4.18 E0.18089
G1 X-18.378 Y-4.25
G0 F7200 X-18.378 Y-4.042
G0 X-15.493 Y-4.042
G0 X-15.493 Y-4.18
G1 F3600 X-7.039 Y4.275 E0.29826
G1 X-6.969 Y4.345
G0 F7200 X-6.96 Y4.143
G0 X-4.374 Y4.236
G0 X-4.376 Y4.376
G1 F3600 X4.349 Y-4.349 E0.3078
G1 X4.419 Y-4.419
G0 F7200 X4.423 Y-4.21
G0 X6.982 Y-4.193
G0 X6.983 Y-4.331
G1 F3600 X15.47 Y4.156 E0.2994
G1 X15.54 Y4.226
G0 F7200 X15.534 Y4.016
G0 X18.528 Y3.963
G0 X18.527 Y4.101
G1 F3600 X23.492 Y-.864 E0.17515
G1 X23.562 Y-.934
G0 F7200 X23.355 Y-.934
G0 X23.359 Y0.869
G0 X23.496 Y0.869
G1 F3600 X18.464 Y-4.163 E0.17752
G1 X18.394 Y-4.233
G0 F7200 X18.394 Y-4.025
G0 X15.524 Y-4.077
G0 X15.528 Y-4.214
G1 F3600 X7.058 Y4.255 E0.29878
G1 X6.988 Y4.325
G0 F7200 X6.982 Y4.118
G0 X-6.999 Y4.141
G0 X-7.011 Y4.436
;TYPE:WALL-INNER
G1 F3600 X-4.704 Y4.532 E0.0576
G1 X-1.167 Y4.568 E0.08824
G1 X1.828 Y4.428 E0.07479
G1 X4.836 Y4.479 E0.07505
G1 X7.438 Y4.404 E0.06493
G1 X10.039 Y4.376 E0.06489
G1 X12.611 Y4.371 E0.06416
G1 X14.531 Y4.347 E0.0479
G1 X16.609 Y4.28 E0.05186
G1 X17.997 Y4.256 E0.03463
G1 X21.1 Y4.28 E0.07741
G1 X23.668 Y4.332 E0.06407
G1 X23.652 Y-1.021 E0.13353
G1 X23.636 Y-2.495 E0.03677
G1 X23.645 Y-4.385 E0.04715
G1 X21.12 Y-4.34 E0.063
G1 X17.953 Y-4.32 E0.079
G1 X16.549 Y-4.344 E0.03503
G1 X14.409 Y-4.408 E0.05341
G1 X12.553 Y-4.444 E0.04631
G1 X9.911 Y-4.452 E0.06591
G1 X7.415 Y-4.488 E0.06227
G1 X4.455 Y-4.511 E0.07384
G1 X1.667 Y-4.452 E0.06956
G1 X-1.151 Y-4.603 E0.0704
G1 X-2.388 Y-4.578 E0.03086
G1 X-4.684 Y-4.476 E0.05733
G1 X-5.232 Y-4.476 E0.01367
G1 X-7.39 Y-4.396 E0.05387
G1 X-9.918 Y-4.403 E0.06306
G1 X-12.457 Y-4.384 E0.06334
G1 X-15.16 Y-4.34 E0.06744
G1 X-21.137 Y-4.34 E0.1491
G1 X-23.728 Y-4.378 E0.06464
G1 X-23.728 Y-2.492 E0.04705
G1 X-23.716 Y-1.603 E0.02218
G1 X-23.736 Y0.913 E0.06276
G1 X-23.708 Y2.46 E0.0386
G1 X-23.708 Y4.33 E0.04665
G1 X-18 Y4.276 E0.14239
G1 X-16.487 Y4.296 E0.03775
G1 X-14.299 Y4.372 E0.05461
G1 X-12.39 Y4.408 E0.04763
G1 X-7.011 Y4.436 E0.13418
G0 F7200 X-7.027 Y4.836
;TYPE:WALL-OUTER
G1 F1800 X-4.714 Y4.932 E0.05775
G1 X-1.16 Y4.968 E0.08866
G1 X1.86 Y4.828 E0.07542
G1 X4.838 Y4.879 E0.0743
G1 X7.442 Y4.804 E0.06498
G1 X10.039 Y4.776 E0.06479
G1 X12.616 Y4.771 E0.06428
G1 X14.544 Y4.747 E0.0481
G1 X16.616 Y4.68 E0.05171
G1 X17.994 Y4.656 E0.03438
G1 X21.092 Y4.68 E0.07728
G1 X24.073 Y4.74 E0.07438
G1 X24.064 Y4.053 E0.01714
G1 X24.052 Y-1.025 E0.12667
G1 X24.036 Y-2.493 E0.03662
G1 X24.047 Y-4.792 E0.05735
G1 X21.118 Y-4.74 E0.07308
G1 X17.96 Y-4.72 E0.07878
G1 X16.561 Y-4.744 E0.0349
G1 X14.417 Y-4.808 E0.05351
G1 X12.554 Y-4.844 E0.04648
G1 X9.917 Y-4.852 E0.06578
G1 X7.418 Y-4.888 E0.06234
G1 X4.447 Y-4.911 E0.07411
G1 X1.689 Y-4.852 E0.06881
G1 X-1.144 Y-5.003 E0.07077
G1 X-2.406 Y-4.978 E0.03149
G1 X-4.684 Y-4.876 E0.05688
G1 X-5.24 Y-4.876 E0.01387
G1 X-7.389 Y-4.796 E0.05364
G1 X-9.921 Y-4.803 E0.06316
G1 X-12.463 Y-4.784 E0.06341
G1 X-15.16 Y-4.74 E0.06729
G1 X-21.131 Y-4.74 E0.14895
G1 X-24.128 Y-4.784 E0.07477
G1 X-24.128 Y-2.487 E0.0573
G1 X-24.116 Y-1.606 E0.02198
G1 X-24.136 Y0.92 E0.06301
G1 X-24.108 Y2.46 E0.03842
G1 X-24.108 Y4.734 E0.05673
G1 X-18.005 Y4.676 E0.15225
G1 X-16.501 Y4.696 E0.03752
G1 X-14.31 Y4.772 E0.05469
G1 X-12.392 Y4.808 E0.04785
G1 X-7.027 Y4.836 E0.13383
G0 F7200 X-6.828 Y4.844
G0 X-6.787 Y3.849
;MESH:NONMESH
G0 F600 X-6.787 Y3.849 Z17
G0 F7200 X4.322 Y4.174
G0 X4.32 Y4.32
;TIME_ELAPSED:1260.139047
;LAYER:112
;TYPE:FILL
;MESH:pi 3mm_deformed_tet (6).stl
G1 F3600 X-4.335 Y-4.335 E0.30533
G1 X-4.405 Y-4.405
G0 F7200 X-4.397 Y-4.196
G0 X-7.061 Y-4.111
G0 X-7.065 Y-4.248
G1 F3600 X-15.486 Y4.172 E0.29706
G1 X-15.556 Y4.242
G0 F7200 X-15.549 Y4.034
G0 X-18.503 Y3.983
G0 X-18.503 Y4.125
G1 F3600 X-23.509 Y-.882 E0.17662
G1 X-23.579 Y-.952
G0 F7200 X-23.37 Y-.951
G0 X-23.385 Y0.895
G0 X-23.522 Y0.894
G1 F3600 X-18.445 Y-4.183 E0.1791
G1 X-18.375 Y-4.253
G0 F7200 X-18.375 Y-4.043
G0 X-15.497 Y-4.043
G0 X-15.497 Y-4.183
G1 F3600 X-7.028 Y4.286 E0.29877
G1 X-6.958 Y4.356
G0 F7200 X-6.95 Y4.153
G0 X-4.382 Y4.244
G0 X-4.384 Y4.384
G1 F3600 X4.353 Y-4.353 E0.30822
G1 X4.423 Y-4.423
G0 F7200 X4.427 Y-4.217
G0 X6.986 Y-4.191
G0 X6.988 Y-4.326
G1 F3600 X15.473 Y4.159 E0.29933
G1 X15.543 Y4.229
G0 F7200 X15.537 Y4.018
G0 X18.526 Y3.964
G0 X18.525 Y4.102
G1 F3600 X23.444 Y-.817 E0.17353
G1 X23.514 Y-.887
G0 F7200 X23.305 Y-.887
G0 X23.309 Y0.822
G0 X23.45 Y0.822
G1 F3600 X18.461 Y-4.166 E0.17598
G1 X18.391 Y-4.236
G0 F7200 X18.391 Y-4.026
G0 X15.525 Y-4.078
G0 X15.529 Y-4.216
G1 F3600 X7.056 Y4.258 E0.29893
G1 X6.986 Y4.328
G0 F7200 X6.98 Y4.12
G0 X1.671 Y4.138
G0 X1.684 Y4.436
;TYPE:WALL-INNER
G1 F3600 X4.7 Y4.487 E0.07525
G1 X7.518 Y4.404 E0.07033
G1 X10.066 Y4.38 E0.06356
G1 X12.601 Y4.375 E0.06324
G1 X14.633 Y4.347 E0.05069
G1 X16.708 Y4.28 E0.05179
G1 X17.97 Y4.256 E0.03149
G1 X21.485 Y4.288 E0.08769
G1 X23.621 Y4.332 E0.05329
G1 X23.604 Y-1.178 E0.13745
G1 X23.588 Y-2.491 E0.03276
G1 X23.597 Y-4.381 E0.04715
G1 X21.388 Y-4.344 E0.05511
G1 X17.922 Y-4.324 E0.08646
G1 X16.646 Y-4.344 E0.03183
G1 X14.52 Y-4.404 E0.05305
G1 X12.539 Y-4.444 E0.04943
G1 X10.039 Y-4.452 E0.06236
G1 X4.46 Y-4.515 E0.13918
G1 X1.587 Y-4.456 E0.07168
G1 X-1.306 Y-4.611 E0.07227
G1 X-2.248 Y-4.59 E0.0235
G1 X-4.702 Y-4.48 E0.06128
G1 X-5.115 Y-4.483 E0.0103
G1 X-7.376 Y-4.396 E0.05644
G1 X-9.914 Y-4.403 E0.06331
G1 X-12.431 Y-4.384 E0.06279
G1 X-15.139 Y-4.344 E0.06756
G1 X-21.361 Y-4.34 E0.15521
G1 X-23.68 Y-4.374 E0.05785
G1 X-23.68 Y-2.487 E0.04707
G1 X-23.664 Y-1.431 E0.02635
G1 X-23.684 Y1.073 E0.06246
G1 X-23.66 Y2.459 E0.03458
G1 X-23.656 Y4.327 E0.0466
G1 X-17.969 Y4.28 E0.14187
G1 X-16.584 Y4.296 E0.03455
G1 X-14.383 Y4.368 E0.05493
G1 X-12.379 Y4.412 E0.05
G1 X-7.175 Y4.44 E0.12982
G1 X-4.72 Y4.54 E0.06129
G1 X-1.323 Y4.576 E0.08474
G1 X1.684 Y4.436 E0.07509
G0 F7200 X1.716 Y4.836
;TYPE:WALL-OUTER
G1 F1800 X4.702 Y4.887 E0.0745
G1 X7.522 Y4.804 E0.07038
G1 X10.066 Y4.78 E0.06346
G1 X12.607 Y4.775 E0.06339
G1 X14.646 Y4.747 E0.05087
G1 X16.716 Y4.68 E0.05166
G1 X17.966 Y4.656 E0.03119
G1 X21.477 Y4.688 E0.08759
G1 X24.025 Y4.74 E0.06357
G1 X24.004 Y-1.183 E0.14775
G1 X23.988 Y-2.489 E0.03258
G1 X23.999 Y-4.788 E0.05735
G1 X21.386 Y-4.744 E0.06519
G1 X17.928 Y-4.724 E0.08626
G1 X16.658 Y-4.744 E0.03168
G1 X14.528 Y-4.804 E0.05315
G1 X12.54 Y-4.844 E0.0496
G1 X10.043 Y-4.852 E0.06229
G1 X4.452 Y-4.915 E0.13948
G1 X1.609 Y-4.856 E0.07093
G1 X-1.3 Y-5.011 E0.07267
G1 X-2.266 Y-4.99 E0.0241
G1 X-4.698 Y-4.88 E0.06073
G1 X-5.121 Y-4.883 E0.01055
G1 X-7.401 Y-4.796 E0.05692
G1 X-9.917 Y-4.803 E0.06276
G1 X-12.437 Y-4.784 E0.06286
G1 X-15.139 Y-4.744 E0.06741
G1 X-21.355 Y-4.74 E0.15506
G1 X-24.08 Y-4.78 E0.06798
G1 X-24.08 Y-2.481 E0.05735
G1 X-24.064 Y-1.434 E0.02612
G1 X-24.084 Y1.08 E0.06271
G1 X-24.06 Y2.459 E0.0344
G1 X-24.056 Y4.73 E0.05665
G1 X-17.973 Y4.68 E0.15175
G1 X-16.597 Y4.696 E0.03433
G1 X-14.392 Y4.768 E0.05503
G1 X-12.381 Y4.812 E0.05018
G1 X-7.191 Y4.84 E0.12947
G1 X-4.73 Y4.94 E0.06144
G1 X-1.316 Y4.976 E0.08517
G1 X1.716 Y4.836 E0.07571
G0 F7200 X1.916 Y4.839
G0 X1.934 Y3.84
;MESH:NONMESH
G0 F600 X1.934 Y3.84 Z17.15
G0 F7200 X4.332 Y4.183
G0 X4.33 Y4.33
;TIME_ELAPSED:1269.853829
;LAYER:113
;TYPE:FILL
;MESH:pi 3mm_deformed_tet (6).stl
G1 F3600 X-4.343 Y-4.343 E0.30596
G1 X-4.413 Y-4.413
G0 F7200 X-4.404 Y-4.203
G0 X-7.06 Y-4.112
G0 X-7.064 Y-4.25
G1 F3600 X-15.489 Y4.175 E0.29721
G1 X-15.559 Y4.245
G0 F7200 X-15.552 Y4.036
G0 X-18.504 Y3.984
G0 X-18.504 Y4.123
G1 F3600 X-23.46 Y-.832 E0.17482
G1 X-23.53 Y-.902
G0 F7200 X-23.319 Y-.901
G0 X-23.334 Y0.846
G0 X-23.472 Y0.845
G1 F3600 X-18.443 Y-4.184 E0.17741
G1 X-18.373 Y-4.254
G0 F7200 X-18.373 Y-4.044
G0 X-15.498 Y-4.044
G0 X-15.498 Y-4.184
G1 F3600 X-7.017 Y4.297 E0.29919
G1 X-6.947 Y4.367
G0 F7200 X-6.938 Y4.162
G0 X-4.391 Y4.254
G0 X-4.393 Y4.393
G1 F3600 X4.361 Y-4.361 E0.30882
G1 X4.431 Y-4.431
G0 F7200 X4.435 Y-4.224
G0 X6.967 Y-4.209
G0 X6.968 Y-4.346
G1 F3600 X15.472 Y4.158 E0.3
G1 X15.542 Y4.228
G0 F7200 X15.536 Y4.02
G0 X18.524 Y3.966
G0 X18.523 Y4.104
G1 F3600 X23.387 Y-.759 E0.17157
G1 X23.457 Y-.829
G0 F7200 X23.254 Y-.83
G0 X23.258 Y0.767
G0 X23.395 Y0.767
G1 F3600 X18.46 Y-4.167 E0.17408
G1 X18.39 Y-4.237
G0 F7200 X18.39 Y-4.027
G0 X15.527 Y-4.08
G0 X15.531 Y-4.217
G1 F3600 X7.054 Y4.26 E0.29905
G1 X6.984 Y4.33
G0 F7200 X6.979 Y4.124
G0 X-4.732 Y4.25
G0 X-4.736 Y4.548
;TYPE:WALL-INNER
G1 F3600 X-1.483 Y4.583 E0.08115
G1 X1.543 Y4.44 E0.07557
G1 X4.548 Y4.495 E0.07497
G1 X7.442 Y4.408 E0.07222
G1 X10.049 Y4.384 E0.06503
G1 X12.588 Y4.376 E0.06334
G1 X14.734 Y4.343 E0.05354
G1 X16.807 Y4.276 E0.05174
G1 X17.941 Y4.26 E0.02829
G1 X21.757 Y4.287 E0.09519
G1 X23.572 Y4.326 E0.04529
G1 X23.564 Y3.686 E0.01597
G1 X23.567 Y2.438 E0.03113
G1 X23.54 Y-2.491 E0.12296
G1 X23.549 Y-4.38 E0.04712
G1 X21.649 Y-4.344 E0.0474
G1 X17.899 Y-4.324 E0.09355
G1 X16.745 Y-4.34 E0.02879
G1 X14.613 Y-4.404 E0.05321
G1 X12.53 Y-4.444 E0.05197
G1 X9.989 Y-4.452 E0.06339
G1 X7.426 Y-4.488 E0.06394
G1 X7.258 Y-4.504 E0.00421
G1 X4.479 Y-4.523 E0.06932
G1 X1.553 Y-4.464 E0.073
G1 X-1.466 Y-4.619 E0.07541
G1 X-2.064 Y-4.608 E0.01492
G1 X-4.708 Y-4.488 E0.06602
G1 X-4.992 Y-4.488 E0.00708
G1 X-7.41 Y-4.396 E0.06036
G1 X-9.894 Y-4.403 E0.06196
G1 X-12.424 Y-4.384 E0.06311
G1 X-15.12 Y-4.344 E0.06726
G1 X-21.625 Y-4.344 E0.16227
G1 X-23.632 Y-4.371 E0.05007
G1 X-23.632 Y-2.489 E0.04695
G1 X-23.616 Y-1.255 E0.03078
G1 X-23.636 Y1.238 E0.06219
G1 X-23.612 Y2.456 E0.03039
G1 X-23.612 Y4.324 E0.0466
G1 X-21.524 Y4.3 E0.05209
G1 X-17.936 Y4.28 E0.0895
G1 X-16.684 Y4.296 E0.03123
G1 X-14.485 Y4.368 E0.05488
G1 X-12.368 Y4.412 E0.05282
G1 X-7.344 Y4.444 E0.12533
G1 X-4.736 Y4.548 E0.06511
G0 F7200 X-4.746 Y4.948
;TYPE:WALL-OUTER
G1 F1800 X-1.476 Y4.983 E0.08158
G1 X1.595 Y4.84 E0.07669
G1 X4.55 Y4.895 E0.07373
G1 X7.446 Y4.808 E0.07227
G1 X10.05 Y4.784 E0.06496
G1 X12.594 Y4.776 E0.06346
G1 X14.747 Y4.743 E0.05371
G1 X16.813 Y4.676 E0.05156
G1 X17.938 Y4.66 E0.02807
G1 X21.749 Y4.687 E0.09507
G1 X23.977 Y4.735 E0.05559
G1 X23.964 Y3.687 E0.02614
G1 X23.967 Y2.439 E0.03113
G1 X23.94 Y-2.489 E0.12293
G1 X23.951 Y-4.788 E0.05735
G1 X21.647 Y-4.744 E0.05748
G1 X17.905 Y-4.724 E0.09335
G1 X16.757 Y-4.74 E0.02864
G1 X14.621 Y-4.804 E0.05331
G1 X12.531 Y-4.844 E0.05214
G1 X9.995 Y-4.852 E0.06326
G1 X7.423 Y-4.889 E0.06417
G1 X7.28 Y-4.904 E0.00359
G1 X4.471 Y-4.923 E0.07007
G1 X1.573 Y-4.864 E0.07231
G1 X-1.46 Y-5.019 E0.07576
G1 X-2.077 Y-5.008 E0.01539
G1 X-4.708 Y-4.888 E0.0657
G1 X-5 Y-4.888 E0.00728
G1 X-7.409 Y-4.796 E0.06014
G1 X-9.897 Y-4.803 E0.06206
G1 X-12.43 Y-4.784 E0.06319
G1 X-15.12 Y-4.744 E0.06711
G1 X-21.619 Y-4.744 E0.16212
G1 X-24.032 Y-4.777 E0.0602
G1 X-24.032 Y-2.484 E0.0572
G1 X-24.016 Y-1.258 E0.03059
G1 X-24.036 Y1.246 E0.06246
G1 X-24.012 Y2.456 E0.03019
G1 X-24.012 Y4.729 E0.0567
G1 X-21.522 Y4.7 E0.06212
G1 X-17.941 Y4.68 E0.08933
G1 X-16.697 Y4.696 E0.03103
G1 X-14.493 Y4.768 E0.05501
G1 X-12.37 Y4.812 E0.05297
G1 X-7.36 Y4.844 E0.12498
G1 X-4.746 Y4.948 E0.06526
G0 F7200 X-4.546 Y4.95
G0 X-4.535 Y3.952
;MESH:NONMESH
G0 F600 X-4.535 Y3.952 Z17.3
G0 F7200 X4.345 Y4.193
G0 X4.343 Y4.343
;TIME_ELAPSED:1279.709593
;LAYER:114
;TYPE:FILL
;MESH:pi 3mm_deformed_tet (6).stl
G1 F3600 X-4.351 Y-4.351 E0.3067
G1 X-4.421 Y-4.421
G0 F7200 X-4.412 Y-4.21
G0 X-7.056 Y-4.114
G0 X-7.06 Y-4.254
G1 F3600 X-15.492 Y4.178 E0.29746
G1 X-15.562 Y4.248
G0 F7200 X-15.555 Y4.039
G0 X-18.504 Y3.985
G0 X-18.504 Y4.123
G1 F3600 X-23.407 Y-.779 E0.17295
G1 X-23.477 Y-.849
G0 F7200 X-23.268 Y-.848
G0 X-23.282 Y0.792
G0 X-23.419 Y0.791
G1 F3600 X-18.443 Y-4.184 E0.17552
G1 X-18.373 Y-4.254
G0 F7200 X-18.373 Y-4.045
G0 X-15.498 Y-4.045
G0 X-15.498 Y-4.184
G1 F3600 X-7.01 Y4.303 E0.29942
G1 X-6.94 Y4.373
G0 F7200 X-6.931 Y4.171
G0 X-4.398 Y4.263
G0 X-4.4 Y4.4
G1 F3600 X4.373 Y-4.373 E0.30949
G1 X4.443 Y-4.443
G0 F7200 X4.447 Y-4.236
G0 X6.956 Y-4.221
G0 X6.957 Y-4.356
G1 F3600 X15.475 Y4.161 E0.30048
G1 X15.545 Y4.231
G0 F7200 X15.539 Y4.022
G0 X18.523 Y3.967
G0 X18.522 Y4.105
G1 F3600 X23.337 Y-.71 E0.16986
G1 X23.407 Y-.78
G0 F7200 X23.203 Y-.781
G0 X23.209 Y0.721
G0 X23.349 Y0.721
G1 F3600 X18.46 Y-4.167 E0.17246
G1 X18.39 Y-4.237
G0 F7200 X18.39 Y-4.029
G0 X15.527 Y-4.08
G0 X15.531 Y-4.217
G1 F3600 X7.044 Y4.27 E0.2994
G1 X6.974 Y4.34
G0 F7200 X6.968 Y4.133
G0 X1.37 Y4.151
G0 X1.383 Y4.448
;TYPE:WALL-INNER
G1 F3600 X4.556 Y4.507 E0.07916
G1 X7.449 Y4.416 E0.0722
G1 X9.827 Y4.392 E0.05932
G1 X10.184 Y4.376 E0.00891
G1 X12.582 Y4.376 E0.05982
G1 X14.839 Y4.343 E0.05631
G1 X16.906 Y4.276 E0.05159
G1 X17.913 Y4.26 E0.02512
G1 X22.033 Y4.292 E0.10278
G1 X23.525 Y4.322 E0.03723
G1 X23.516 Y3.508 E0.02031
G1 X23.516 Y1.433 E0.05176
G1 X23.5 Y-0.03 E0.0365
G1 X23.492 Y-2.487 E0.06129
G1 X23.5 Y-4.376 E0.04712
G1 X21.916 Y-4.348 E0.03952
G1 X17.87 Y-4.324 E0.10093
G1 X16.846 Y-4.34 E0.02555
G1 X14.723 Y-4.4 E0.05298
G1 X12.684 Y-4.44 E0.05087
G1 X9.997 Y-4.448 E0.06703
G1 X9.772 Y-4.46 E0.00562
G1 X7.415 Y-4.492 E0.0588
G1 X7.127 Y-4.516 E0.00721
G1 X4.549 Y-4.536 E0.06431
G1 X1.38 Y-4.468 E0.07907
G1 X-1.703 Y-4.631 E0.07701
G1 X-4.698 Y-4.496 E0.07479
G1 X-7.442 Y-4.4 E0.06849
G1 X-9.745 Y-4.415 E0.05745
G1 X-10.042 Y-4.404 E0.00741
G1 X-12.422 Y-4.384 E0.05937
G1 X-15.1 Y-4.344 E0.06681
G1 X-21.889 Y-4.344 E0.16935
G1 X-23.584 Y-4.367 E0.04229
G1 X-23.584 Y-2.484 E0.04697
G1 X-23.564 Y-1.083 E0.03495
G1 X-23.584 Y1.394 E0.06179
G1 X-23.568 Y2.455 E0.02647
G1 X-23.565 Y4.32 E0.04652
G1 X-21.679 Y4.3 E0.04705
G1 X-17.903 Y4.28 E0.09419
G1 X-16.78 Y4.296 E0.02802
G1 X-14.62 Y4.368 E0.05391
G1 X-12.34 Y4.412 E0.05689
G1 X-9.713 Y4.422 E0.06553
G1 X-7.495 Y4.444 E0.05533
G1 X-4.752 Y4.556 E0.06848
G1 X-1.639 Y4.591 E0.07766
G1 X1.383 Y4.448 E0.07547
G0 F7200 X1.37 Y4.151
G0 X-4.753 Y4.259
G0 X-4.762 Y4.956
;TYPE:WALL-OUTER
G1 F1800 X-1.632 Y4.991 E0.07808
G1 X1.428 Y4.848 E0.07642
G1 X4.558 Y4.907 E0.07809
G1 X7.453 Y4.816 E0.07225
G1 X9.838 Y4.792 E0.0595
G1 X10.208 Y4.776 E0.00924
G1 X12.588 Y4.776 E0.05937
G1 X14.852 Y4.743 E0.05648
G1 X16.912 Y4.676 E0.05141
G1 X17.91 Y4.66 E0.0249
G1 X22.025 Y4.692 E0.10265
G1 X23.929 Y4.731 E0.04751
G1 X23.916 Y3.508 E0.03051
G1 X23.916 Y1.429 E0.05186
G1 X23.9 Y-0.03 E0.0364
G1 X23.892 Y-2.485 E0.06124
G1 X23.902 Y-4.784 E0.05735
G1 X21.914 Y-4.748 E0.0496
G1 X17.876 Y-4.724 E0.10073
G1 X16.858 Y-4.74 E0.0254
G1 X14.731 Y-4.8 E0.05308
G1 X12.685 Y-4.84 E0.05105
G1 X10.017 Y-4.848 E0.06655
G1 X9.785 Y-4.86 E0.00579
G1 X7.414 Y-4.892 E0.05915
G1 X7.146 Y-4.916 E0.00671
G1 X4.546 Y-4.936 E0.06486
G1 X1.401 Y-4.868 E0.07847
G1 X-1.701 Y-5.031 E0.07749
G1 X-4.712 Y-4.896 E0.07519
G1 X-7.439 Y-4.8 E0.06807
G1 X-9.752 Y-4.815 E0.0577
G1 X-10.046 Y-4.804 E0.00734
G1 X-12.428 Y-4.784 E0.05942
G1 X-15.1 Y-4.744 E0.06666
G1 X-21.883 Y-4.744 E0.1692
G1 X-23.984 Y-4.773 E0.05241
G1 X-23.984 Y-2.478 E0.05725
G1 X-23.964 Y-1.086 E0.03473
G1 X-23.984 Y1.4 E0.06202
G1 X-23.968 Y2.455 E0.02632
G1 X-23.964 Y4.725 E0.05663
G1 X-21.677 Y4.7 E0.05705
G1 X-17.909 Y4.68 E0.09399
G1 X-16.793 Y4.696 E0.02784
G1 X-14.63 Y4.768 E0.05399
G1 X-12.342 Y4.812 E0.05708
G1 X-9.717 Y4.822 E0.06548
G1 X-7.511 Y4.844 E0.05503
G1 X-4.762 Y4.956 E0.06863
G0 F7200 X-4.562 Y4.958
G0 X-4.55 Y3.961
;MESH:NONMESH
G0 F600 X-4.55 Y3.961 Z17.45
G0 F7200 X-4.353 Y-4.213
G0 X-4.359 Y-4.359
;TIME_ELAPSED:1289.638866
;LAYER:115
;TYPE:FILL
;MESH:pi 3mm_deformed_tet (6).stl
G1 F3600 X4.359 Y4.359 E0.30755
G1 X4.429 Y4.429
G0 F7200 X4.433 Y4.224
G0 X7.034 Y4.139
G0 X7.037 Y4.277
G1 F3600 X15.532 Y-4.218 E0.29968
G1 X15.602 Y-4.288
G0 F7200 X15.597 Y-4.08
G0 X18.457 Y-4.031
G0 X18.457 Y-4.171
G1 F3600 X23.295 Y0.668 E0.17069
G1 X23.365 Y0.738
G0 F7200 X23.158 Y0.738
G0 X23.152 Y-.662
G0 X23.289 Y-.661
G1 F3600 X18.518 Y4.109 E0.16829
G1 X18.448 Y4.179
G0 F7200 X18.449 Y3.969
G0 X15.472 Y4.026
G0 X15.476 Y4.162
G1 F3600 X6.942 Y-4.372 E0.30106
G1 X6.872 Y-4.442
G0 F7200 X6.871 Y-4.234
G0 X4.39 Y-4.248
G0 X4.388 Y-4.388
G1 F3600 X-4.412 Y4.412 E0.31044
G1 X-4.482 Y4.482
G0 F7200 X-4.479 Y4.275
G0 X-6.994 Y4.177
G0 X-7 Y4.314
G1 F3600 X-15.498 Y-4.184 E0.29979
G1 X-15.568 Y-4.254
G0 F7200 X-15.568 Y-4.046
G0 X-18.443 Y-4.046
G0 X-18.443 Y-4.185
G1 F3600 X-23.369 Y0.742 E0.1738
G1 X-23.439 Y0.812
G0 F7200 X-23.231 Y0.813
G0 X-23.218 Y-.73
G0 X-23.359 Y-.731
G1 F3600 X-18.504 Y4.124 E0.17127
G1 X-18.434 Y4.194
G0 F7200 X-18.434 Y3.985
G0 X-15.49 Y4.043
G0 X-15.495 Y4.181
G1 F3600 X-7.053 Y-4.261 E0.29781
G1 X-6.983 Y-4.331
G0 F7200 X-6.977 Y-4.126
G0 X-4.763 Y4.272
G0 X-4.767 Y4.568
;TYPE:WALL-INNER
G1 F3600 X-1.794 Y4.603 E0.07417
G1 X1.436 Y4.464 E0.08065
G1 X4.549 Y4.523 E0.07767
G1 X4.835 Y4.5 E0.00716
G1 X7.454 Y4.424 E0.06536
G1 X9.693 Y4.404 E0.05585
G1 X10.292 Y4.372 E0.01496
G1 X12.568 Y4.372 E0.05678
G1 X14.938 Y4.339 E0.05913
G1 X17.003 Y4.276 E0.05154
G1 X17.885 Y4.264 E0.022
G1 X22.305 Y4.296 E0.11026
G1 X23.478 Y4.319 E0.02927
G1 X23.464 Y3.328 E0.02472
G1 X23.464 Y1.594 E0.04325
G1 X23.448 Y-0.03 E0.04051
G1 X23.451 Y-1.662 E0.04071
G1 X23.44 Y-2.484 E0.02051
G1 X23.452 Y-4.373 E0.04712
G1 X22.184 Y-4.351 E0.03164
G1 X17.843 Y-4.328 E0.10829
G1 X16.948 Y-4.34 E0.02233
G1 X14.823 Y-4.396 E0.05303
G1 X12.321 Y-4.44 E0.06242
G1 X9.977 Y-4.448 E0.05847
G1 X9.626 Y-4.464 E0.00876
G1 X7.36 Y-4.494 E0.05653
G1 X6.987 Y-4.532 E0.00935
G1 X4.486 Y-4.551 E0.06239
G1 X1.527 Y-4.48 E0.07383
G1 X-1.773 Y-4.635 E0.08241
G1 X-4.706 Y-4.504 E0.07324
G1 X-7.437 Y-4.408 E0.06817
G1 X-9.628 Y-4.423 E0.05466
G1 X-10.179 Y-4.4 E0.01376
G1 X-12.402 Y-4.384 E0.05545
G1 X-15.076 Y-4.344 E0.06671
G1 X-22.149 Y-4.344 E0.17644
G1 X-23.536 Y-4.363 E0.0346
G1 X-23.54 Y-2.482 E0.04692
G1 X-23.516 Y-.911 E0.03919
G1 X-23.536 Y1.56 E0.06164
G1 X-23.52 Y2.451 E0.02223
G1 X-23.516 Y4.318 E0.04657
G1 X-17.876 Y4.28 E0.14069
G1 X-16.878 Y4.292 E0.0249
G1 X-14.727 Y4.368 E0.05369
G1 X-12.446 Y4.412 E0.05691
G1 X-10.105 Y4.42 E0.0584
G1 X-7.639 Y4.448 E0.06152
G1 X-4.767 Y4.568 E0.0717
G0 F7200 X-4.778 Y4.968
;TYPE:WALL-OUTER
G1 F1800 X-1.788 Y5.003 E0.07459
G1 X1.456 Y4.864 E0.081
G1 X4.561 Y4.923 E0.07747
G1 X4.862 Y4.9 E0.00753
G1 X7.458 Y4.824 E0.06479
G1 X9.705 Y4.804 E0.05605
G1 X10.324 Y4.772 E0.01546
G1 X12.574 Y4.772 E0.05613
G1 X14.95 Y4.739 E0.05928
G1 X17.009 Y4.676 E0.05139
G1 X17.882 Y4.664 E0.02178
G1 X22.297 Y4.696 E0.11014
G1 X23.884 Y4.727 E0.0396
G1 X23.864 Y3.328 E0.0349
G1 X23.864 Y1.59 E0.04335
G1 X23.848 Y-0.029 E0.04039
G1 X23.851 Y-1.668 E0.04089
G1 X23.84 Y-2.482 E0.02031
G1 X23.854 Y-4.78 E0.05732
G1 X22.182 Y-4.751 E0.04171
G1 X17.849 Y-4.728 E0.10809
G1 X16.958 Y-4.74 E0.02223
G1 X14.83 Y-4.796 E0.0531
G1 X12.323 Y-4.84 E0.06255
G1 X9.995 Y-4.848 E0.05807
G1 X9.638 Y-4.864 E0.00891
G1 X7.4 Y-4.892 E0.05583
G1 X7.009 Y-4.932 E0.0098
G1 X4.476 Y-4.951 E0.06319
G1 X1.546 Y-4.88 E0.07311
G1 X-1.773 Y-5.035 E0.08288
G1 X-4.72 Y-4.904 E0.07359
G1 X-7.434 Y-4.808 E0.06774
G1 X-9.636 Y-4.823 E0.05493
G1 X-10.182 Y-4.8 E0.01363
G1 X-12.408 Y-4.784 E0.05553
G1 X-15.076 Y-4.744 E0.06656
G1 X-22.143 Y-4.744 E0.17629
G1 X-23.936 Y-4.769 E0.04473
G1 X-23.94 Y-2.476 E0.0572
G1 X-23.916 Y-.914 E0.03897
G1 X-23.936 Y1.567 E0.06189
G1 X-23.92 Y2.451 E0.02206
G1 X-23.916 Y4.722 E0.05665
G1 X-17.881 Y4.68 E0.15055
G1 X-16.892 Y4.692 E0.02467
G1 X-14.738 Y4.768 E0.05377
G1 X-12.448 Y4.812 E0.05713
G1 X-10.118 Y4.82 E0.05812
G1 X-7.655 Y4.848 E0.06144
G1 X-4.778 Y4.968 E0.07183
G0 F7200 X-4.578 Y4.97
G0 X-4.567 Y3.974
;MESH:NONMESH
G0 F600 X-4.567 Y3.974 Z17.6
G0 F7200 X-4.363 Y-4.221
G0 X-4.369 Y-4.369
;TIME_ELAPSED:1299.372250
;LAYER:116
;TYPE:FILL
;MESH:pi 3mm_deformed_tet (6).stl
G1 F3600 X4.375 Y4.375 E0.30847
G1 X4.445 Y4.445
G0 F7200 X4.449 Y4.24
G0 X7.025 Y4.148
G0 X7.028 Y4.286
G1 F3600 X15.534 Y-4.221 E0.30009
G1 X15.604 Y-4.291
G0 F7200 X15.599 Y-4.082
G0 X18.457 Y-4.032
G0 X18.457 Y-4.171
G1 F3600 X23.245 Y0.618 E0.16893
G1 X23.315 Y0.688
G0 F7200 X23.106 Y0.688
G0 X23.098 Y-.612
G0 X23.24 Y-.612
G1 F3600 X18.518 Y4.109 E0.16656
G1 X18.448 Y4.179
G0 F7200 X18.449 Y3.97
G0 X15.475 Y4.028
G0 X15.479 Y4.165
G1 F3600 X6.938 Y-4.376 E0.30131
G1 X6.868 Y-4.446
G0 F7200 X6.849 Y-4.247
G0 X4.403 Y-4.26
G0 X4.401 Y-4.401
G1 F3600 X-4.429 Y4.429 E0.3115
G1 X-4.499 Y4.499
G0 F7200 X-4.496 Y4.291
G0 X-6.983 Y4.192
G0 X-6.988 Y4.325
G1 F3600 X-15.501 Y-4.187 E0.3003
G1 X-15.571 Y-4.257
G0 F7200 X-15.571 Y-4.048
G0 X-18.441 Y-4.047
G0 X-18.441 Y-4.187
G1 F3600 X-23.315 Y0.688 E0.17196
G1 X-23.385 Y0.758
G0 F7200 X-23.179 Y0.759
G0 X-23.167 Y-.676
G0 X-23.305 Y-.677
G1 F3600 X-18.499 Y4.128 E0.16953
G1 X-18.429 Y4.198
G0 F7200 X-18.429 Y3.988
G0 X-15.491 Y4.046
G0 X-15.496 Y4.183
G1 F3600 X-7.039 Y-4.274 E0.29834
G1 X-6.969 Y-4.344
G0 F7200 X-6.963 Y-4.137
G0 X-4.757 Y4.288
G0 X-4.771 Y4.584
;TYPE:WALL-INNER
G1 F3600 X-1.801 Y4.623 E0.07409
G1 X1.073 Y4.5 E0.07176
G1 X1.768 Y4.484 E0.01734
G1 X4.558 Y4.539 E0.06961
G1 X4.984 Y4.505 E0.01066
G1 X7.462 Y4.432 E0.06184
G1 X9.561 Y4.412 E0.05236
G1 X10.405 Y4.368 E0.02108
G1 X12.557 Y4.368 E0.05368
G1 X15.047 Y4.339 E0.06212
G1 X17.102 Y4.276 E0.05129
G1 X17.857 Y4.264 E0.01884
G1 X22.578 Y4.3 E0.11777
G1 X23.432 Y4.318 E0.02131
G1 X23.416 Y3.144 E0.02929
G1 X23.392 Y-2.484 E0.14039
G1 X23.403 Y-4.368 E0.047
G1 X22.448 Y-4.351 E0.02383
G1 X17.809 Y-4.328 E0.11572
G1 X14.204 Y-4.412 E0.08995
G1 X12.157 Y-4.439 E0.05107
G1 X9.946 Y-4.444 E0.05515
G1 X9.476 Y-4.468 E0.01174
G1 X7.353 Y-4.498 E0.05296
G1 X6.853 Y-4.544 E0.01253
G1 X4.565 Y-4.564 E0.05708
G1 X1.717 Y-4.496 E0.07106
G1 X1.076 Y-4.516 E0.016
G1 X-1.799 Y-4.651 E0.0718
G1 X-4.835 Y-4.508 E0.07582
G1 X-7.475 Y-4.419 E0.06589
G1 X-9.508 Y-4.431 E0.05071
G1 X-10.312 Y-4.396 E0.02007
G1 X-12.412 Y-4.384 E0.05239
G1 X-15.055 Y-4.348 E0.06594
G1 X-22.413 Y-4.344 E0.18355
G1 X-23.492 Y-4.359 E0.02692
G1 X-23.492 Y-2.479 E0.0469
G1 X-23.464 Y-.735 E0.04351
G1 X-23.484 Y1.72 E0.06124
G1 X-23.472 Y2.451 E0.01824
G1 X-23.469 Y4.317 E0.04655
G1 X-22.308 Y4.304 E0.02896
G1 X-20.844 Y4.304 E0.03652
G1 X-17.846 Y4.284 E0.07479
G1 X-16.979 Y4.292 E0.02163
G1 X-14.832 Y4.364 E0.05359
G1 X-12.368 Y4.408 E0.06147
G1 X-10.237 Y4.416 E0.05316
G1 X-9.884 Y4.432 E0.00881
G1 X-7.74 Y4.45 E0.05348
G1 X-4.99 Y4.566 E0.06866
G1 X-4.771 Y4.584 E0.00548
G0 F7200 X-4.79 Y4.984
;TYPE:WALL-OUTER
G1 F1800 X-1.795 Y5.023 E0.07472
G1 X1.083 Y4.9 E0.07186
G1 X1.76 Y4.884 E0.01689
G1 X4.57 Y4.939 E0.07011
G1 X5.026 Y4.904 E0.01141
G1 X7.466 Y4.832 E0.06089
G1 X9.573 Y4.812 E0.05256
G1 X10.436 Y4.768 E0.02156
G1 X12.561 Y4.768 E0.05301
G1 X15.059 Y4.739 E0.06232
G1 X17.108 Y4.676 E0.05114
G1 X17.854 Y4.664 E0.01861
G1 X22.569 Y4.7 E0.11762
G1 X23.837 Y4.727 E0.03164
G1 X23.816 Y3.144 E0.03949
G1 X23.792 Y-2.482 E0.14034
G1 X23.806 Y-4.776 E0.05723
G1 X22.446 Y-4.751 E0.03393
G1 X17.819 Y-4.728 E0.11542
G1 X14.21 Y-4.812 E0.09005
G1 X12.158 Y-4.839 E0.05119
G1 X9.966 Y-4.844 E0.05468
G1 X9.489 Y-4.868 E0.01191
G1 X7.389 Y-4.896 E0.05239
G1 X6.873 Y-4.944 E0.01293
G1 X4.562 Y-4.964 E0.05765
G1 X1.729 Y-4.896 E0.07069
G1 X1.094 Y-4.916 E0.01585
G1 X-1.799 Y-5.051 E0.07224
G1 X-4.849 Y-4.908 E0.07617
G1 X-7.473 Y-4.819 E0.06549
G1 X-9.516 Y-4.831 E0.05096
G1 X-10.314 Y-4.796 E0.01993
G1 X-12.418 Y-4.784 E0.05249
G1 X-15.055 Y-4.748 E0.06579
G1 X-22.407 Y-4.744 E0.1834
G1 X-23.892 Y-4.765 E0.03705
G1 X-23.892 Y-2.473 E0.05717
G1 X-23.864 Y-.738 E0.04329
G1 X-23.884 Y1.726 E0.06147
G1 X-23.872 Y2.451 E0.01809
G1 X-23.868 Y4.721 E0.05663
G1 X-22.308 Y4.704 E0.03892
G1 X-20.842 Y4.704 E0.03657
G1 X-17.85 Y4.684 E0.07464
G1 X-16.993 Y4.692 E0.02138
G1 X-14.842 Y4.764 E0.05369
G1 X-12.37 Y4.808 E0.06167
G1 X-10.255 Y4.816 E0.05276
G1 X-9.894 Y4.832 E0.00901
G1 X-7.764 Y4.849 E0.05313
G1 X-7.469 Y4.868 E0.00737
G1 X-4.964 Y4.968 E0.06254
G1 X-4.79 Y4.984 E0.00436
G0 F7200 X-4.59 Y4.986
G0 X-4.577 Y3.99
;MESH:NONMESH
G0 F600 X-4.577 Y3.99 Z17.75
G0 F7200 X4.394 Y4.239
G0 X4.391 Y4.391
;TIME_ELAPSED:1309.104964
;LAYER:117
;TYPE:FILL
;MESH:pi 3mm_deformed_tet (6).stl
G1 F3600 X-4.393 Y-4.393 E0.30988
G1 X-4.463 Y-4.463
G0 F7200 X-4.455 Y-4.254
G0 X-7.027 Y-4.144
G0 X-7.031 Y-4.282
G1 F3600 X-15.5 Y4.187 E0.29877
G1 X-15.57 Y4.257
G0 F7200 X-15.563 Y4.047
G0 X-18.501 Y3.99
G0 X-18.501 Y4.127
G1 F3600 X-23.257 Y-.63 E0.1678
G1 X-23.327 Y-.7
G0 F7200 X-23.117 Y-.702
G0 X-23.126 Y0.639
G0 X-23.265 Y0.638
G1 F3600 X-18.441 Y-4.187 E0.1702
G1 X-18.371 Y-4.257
G0 F7200 X-18.371 Y-4.048
G0 X-15.501 Y-4.048
G0 X-15.501 Y-4.187
G1 F3600 X-6.975 Y4.339 E0.30078
G1 X-6.905 Y4.409
G0 F7200 X-6.897 Y4.205
G0 X-4.446 Y4.308
G0 X-4.448 Y4.448
G1 F3600 X4.412 Y-4.412 E0.31256
G1 X4.482 Y-4.482
G0 F7200 X4.486 Y-4.274
G0 X6.926 Y-4.239
G0 X6.939 Y-4.375
G1 F3600 X15.483 Y4.169 E0.30141
G1 X15.553 Y4.239
G0 F7200 X15.547 Y4.027
G0 X18.518 Y3.973
G0 X18.517 Y4.11
G1 F3600 X23.191 Y-.564 E0.16489
G1 X23.261 Y-.634
G0 F7200 X23.048 Y-.634
G0 X23.054 Y0.569
G0 X23.196 Y0.569
G1 F3600 X18.455 Y-4.172 E0.16725
G1 X18.385 Y-4.242
G0 F7200 X18.385 Y-4.033
G0 X15.533 Y-4.086
G0 X15.536 Y-4.222
G1 F3600 X7.021 Y4.293 E0.30039
G1 X6.951 Y4.363
G0 F7200 X6.946 Y4.159
G0 X-2.131 Y4.333
G0 X-2.144 Y4.632
;TYPE:WALL-INNER
G1 F3600 X-1.803 Y4.643 E0.00851
G1 X0.901 Y4.528 E0.06751
G1 X1.952 Y4.504 E0.02622
G1 X4.566 Y4.555 E0.06522
G1 X5.149 Y4.509 E0.01459
G1 X7.465 Y4.44 E0.0578
G1 X9.422 Y4.42 E0.04882
G1 X10.008 Y4.384 E0.01465
G1 X10.552 Y4.364 E0.01358
G1 X12.541 Y4.364 E0.04962
G1 X15.136 Y4.339 E0.06474
G1 X17.829 Y4.264 E0.0672
G1 X22.853 Y4.304 E0.12533
G1 X23.383 Y4.315 E0.01322
G1 X23.364 Y2.964 E0.0337
G1 X23.344 Y-2.48 E0.1358
G1 X23.356 Y-4.366 E0.04705
G1 X22.716 Y-4.355 E0.01597
G1 X17.781 Y-4.328 E0.12311
G1 X14.952 Y-4.396 E0.07059
G1 X11.99 Y-4.435 E0.07389
G1 X9.901 Y-4.445 E0.05211
G1 X9.331 Y-4.468 E0.01423
G1 X7.34 Y-4.498 E0.04967
G1 X6.717 Y-4.556 E0.01561
G1 X4.573 Y-4.576 E0.05348
G1 X1.896 Y-4.512 E0.0668
G1 X0.904 Y-4.544 E0.02476
G1 X-1.809 Y-4.671 E0.06775
G1 X-4.715 Y-4.541 E0.07256
G1 X-4.995 Y-4.512 E0.00702
G1 X-7.456 Y-4.428 E0.06143
G1 X-9.393 Y-4.439 E0.04832
G1 X-10.444 Y-4.396 E0.02624
G1 X-12.394 Y-4.384 E0.04864
G1 X-12.702 Y-4.372 E0.00769
G1 X-15.187 Y-4.348 E0.06199
G1 X-22.677 Y-4.344 E0.18684
G1 X-23.444 Y-4.355 E0.01913
G1 X-23.444 Y-2.48 E0.04677
G1 X-23.416 Y-.563 E0.04782
G1 X-23.435 Y1.887 E0.06112
G1 X-23.424 Y2.447 E0.01397
G1 X-23.42 Y4.313 E0.04655
G1 X-17.813 Y4.284 E0.13987
G1 X-17.079 Y4.292 E0.01831
G1 X-15.008 Y4.364 E0.05169
G1 X-12.31 Y4.408 E0.06731
G1 X-10.367 Y4.416 E0.04847
G1 X-9.899 Y4.432 E0.01168
G1 X-7.91 Y4.449 E0.04962
G1 X-7.459 Y4.48 E0.01128
G1 X-5.157 Y4.57 E0.05747
G1 X-4.785 Y4.604 E0.00932
G1 X-2.144 Y4.632 E0.06588
G0 F7200 X-2.157 Y5.032
;TYPE:WALL-OUTER
G1 F1800 X-1.801 Y5.043 E0.00888
G1 X0.911 Y4.928 E0.06771
G1 X1.944 Y4.904 E0.02578
G1 X4.578 Y4.955 E0.06572
G1 X5.19 Y4.908 E0.01531
G1 X7.469 Y4.84 E0.05688
G1 X9.436 Y4.82 E0.04907
G1 X10.024 Y4.784 E0.0147
G1 X10.552 Y4.764 E0.01318
G1 X12.545 Y4.764 E0.04972
G1 X15.148 Y4.739 E0.06494
G1 X17.826 Y4.664 E0.06683
G1 X22.845 Y4.704 E0.1252
G1 X23.789 Y4.723 E0.02355
G1 X23.764 Y2.964 E0.04388
G1 X23.744 Y-2.478 E0.13575
G1 X23.758 Y-4.772 E0.05723
G1 X22.714 Y-4.755 E0.02605
G1 X17.791 Y-4.728 E0.12281
G1 X14.958 Y-4.796 E0.07069
G1 X11.992 Y-4.835 E0.07399
G1 X9.917 Y-4.845 E0.05176
G1 X9.342 Y-4.868 E0.01435
G1 X7.377 Y-4.896 E0.04902
G1 X6.737 Y-4.956 E0.01603
G1 X4.57 Y-4.976 E0.05406
G1 X1.909 Y-4.912 E0.0664
G1 X0.922 Y-4.944 E0.02463
G1 X-1.809 Y-5.071 E0.0682
G1 X-4.745 Y-4.94 E0.07331
G1 X-5.021 Y-4.912 E0.00692
G1 X-7.454 Y-4.828 E0.06073
G1 X-9.4 Y-4.839 E0.04854
G1 X-10.446 Y-4.796 E0.02611
G1 X-12.403 Y-4.784 E0.04882
G1 X-12.706 Y-4.772 E0.00756
G1 X-15.187 Y-4.748 E0.06189
G1 X-22.671 Y-4.744 E0.18669
G1 X-23.844 Y-4.761 E0.02926
G1 X-23.844 Y-2.474 E0.05705
G1 X-23.816 Y-.566 E0.0476
G1 X-23.835 Y1.895 E0.06139
G1 X-23.824 Y2.447 E0.01377
G1 X-23.82 Y4.717 E0.05663
G1 X-22.572 Y4.704 E0.03113
G1 X-20.896 Y4.704 E0.04181
G1 X-17.817 Y4.684 E0.07681
G1 X-17.093 Y4.692 E0.01806
G1 X-15.018 Y4.764 E0.05179
G1 X-12.312 Y4.808 E0.06751
G1 X-10.381 Y4.816 E0.04817
G1 X-9.907 Y4.832 E0.01183
G1 X-7.938 Y4.848 E0.04912
G1 X-7.481 Y4.88 E0.01143
G1 X-5.193 Y4.968 E0.05712
G1 X-4.805 Y5.004 E0.00972
G1 X-2.157 Y5.032 E0.06606
G0 F7200 X-1.957 Y5.038
G0 X-1.913 Y4.042
;MESH:NONMESH
G0 F600 X-1.913 Y4.042 Z17.9
G0 F7200 X4.41 Y4.254
G0 X4.407 Y4.407
;TIME_ELAPSED:1318.829285
;LAYER:118
;TYPE:FILL
;MESH:pi 3mm_deformed_tet (6).stl
G1 F3600 X-4.414 Y-4.414 E0.31118
G1 X-4.484 Y-4.484
G0 F7200 X-4.475 Y-4.273
G0 X-7.018 Y-4.155
G0 X-7.022 Y-4.291
G1 F3600 X-15.505 Y4.191 E0.29924
G1 X-15.575 Y4.261
G0 F7200 X-15.568 Y4.049
G0 X-18.499 Y3.991
G0 X-18.499 Y4.129
G1 F3600 X-23.208 Y-.581 E0.16614
G1 X-23.278 Y-.651
G0 F7200 X-23.069 Y-.653
G0 X-23.075 Y0.586
G0 X-23.212 Y0.585
G1 F3600 X-18.439 Y-4.189 E0.1684
G1 X-18.369 Y-4.259
G0 F7200 X-18.369 Y-4.048
G0 X-15.501 Y-4.048
G0 X-15.501 Y-4.187
G1 F3600 X-6.966 Y4.348 E0.3011
G1 X-6.896 Y4.418
G0 F7200 X-6.889 Y4.215
G0 X-4.462 Y4.324
G0 X-4.464 Y4.464
G1 F3600 X4.425 Y-4.425 E0.31358
G1 X4.495 Y-4.495
G0 F7200 X4.499 Y-4.286
G0 X6.924 Y-4.241
G0 X6.937 Y-4.376
G1 F3600 X15.48 Y4.166 E0.30136
G1 X15.55 Y4.236
G0 F7200 X15.546 Y4.025
G0 X18.514 Y3.974
G0 X18.513 Y4.114
G1 F3600 X23.137 Y-.51 E0.16312
G1 X23.207 Y-.58
G0 F7200 X22.996 Y-.58
G0 X23 Y0.514
G0 X23.141 Y0.514
G1 F3600 X18.447 Y-4.18 E0.16559
G1 X18.377 Y-4.25
G0 F7200 X18.377 Y-4.035
G0 X15.533 Y-4.086
G0 X15.537 Y-4.223
G1 F3600 X7.012 Y4.302 E0.30074
G1 X6.942 Y4.372
G0 F7200 X6.937 Y4.167
G0 X-2.312 Y4.347
G0 X-2.325 Y4.644
;TYPE:WALL-INNER
G1 F3600 X-1.807 Y4.667 E0.01293
G1 X0.73 Y4.556 E0.06335
G1 X2.14 Y4.524 E0.03518
G1 X4.574 Y4.571 E0.06073
G1 X5.317 Y4.513 E0.01859
G1 X7.474 Y4.448 E0.05383
G1 X9.291 Y4.432 E0.04533
G1 X10.009 Y4.388 E0.01794
G1 X10.666 Y4.364 E0.0164
G1 X12.521 Y4.36 E0.04627
G1 X14.982 Y4.339 E0.06139
G1 X17.801 Y4.268 E0.07034
G1 X23.336 Y4.312 E0.13808
G1 X23.296 Y-0.029 E0.10829
G1 X23.296 Y-2.476 E0.06104
G1 X23.308 Y-4.356 E0.0469
G1 X17.243 Y-4.336 E0.15129
G1 X15.501 Y-4.384 E0.04347
G1 X11.817 Y-4.435 E0.09191
G1 X9.897 Y-4.44 E0.04789
G1 X9.182 Y-4.472 E0.01785
G1 X7.329 Y-4.498 E0.04623
G1 X6.58 Y-4.572 E0.01877
G1 X4.581 Y-4.588 E0.04987
G1 X2.076 Y-4.528 E0.06251
G1 X1.388 Y-4.56 E0.01718
G1 X0.73 Y-4.572 E0.01642
G1 X-1.813 Y-4.691 E0.0635
G1 X-4.731 Y-4.561 E0.07286
G1 X-5.168 Y-4.516 E0.01096
G1 X-7.468 Y-4.436 E0.05741
G1 X-9.275 Y-4.447 E0.04508
G1 X-10.576 Y-4.392 E0.03248
G1 X-12.485 Y-4.378 E0.04762
G1 X-12.814 Y-4.368 E0.00821
G1 X-15.12 Y-4.347 E0.05753
G1 X-23.396 Y-4.353 E0.20645
G1 X-23.396 Y-2.476 E0.04682
G1 X-23.364 Y-.387 E0.05212
G1 X-23.384 Y2.029 E0.06027
G1 X-23.377 Y4.311 E0.05692
G1 X-17.783 Y4.284 E0.13954
G1 X-17.179 Y4.292 E0.01507
G1 X-15.228 Y4.36 E0.0487
G1 X-12.345 Y4.404 E0.07193
G1 X-10.483 Y4.412 E0.04645
G1 X-9.905 Y4.436 E0.01443
G1 X-8.051 Y4.449 E0.04625
G1 X-7.475 Y4.488 E0.0144
G1 X-5.327 Y4.574 E0.05363
G1 X-4.802 Y4.62 E0.01315
G1 X-2.325 Y4.644 E0.06179
G0 F7200 X-2.343 Y5.044
;TYPE:WALL-OUTER
G1 F1800 X-1.807 Y5.067 E0.01338
G1 X0.739 Y4.956 E0.06357
G1 X2.132 Y4.924 E0.03476
G1 X4.586 Y4.971 E0.06123
G1 X5.357 Y4.912 E0.01929
G1 X7.478 Y4.848 E0.05293
G1 X9.305 Y4.832 E0.04558
G1 X10.024 Y4.788 E0.01797
G1 X10.667 Y4.764 E0.01605
G1 X12.524 Y4.76 E0.04632
G1 X14.992 Y4.739 E0.06157
G1 X17.798 Y4.668 E0.07002
G1 X23.116 Y4.708 E0.13266
G1 X23.741 Y4.72 E0.01559
G1 X23.716 Y2.786 E0.04825
G1 X23.696 Y-0.029 E0.07022
G1 X23.696 Y-2.474 E0.06099
G1 X23.71 Y-4.771 E0.0573
G1 X22.977 Y-4.755 E0.01829
G1 X17.254 Y-4.736 E0.14276
G1 X15.574 Y-4.782 E0.04192
G1 X11.818 Y-4.835 E0.0937
G1 X9.915 Y-4.84 E0.04747
G1 X9.194 Y-4.872 E0.018
G1 X7.368 Y-4.896 E0.04555
G1 X6.601 Y-4.972 E0.01923
G1 X4.578 Y-4.988 E0.05047
G1 X2.094 Y-4.928 E0.06198
G1 X1.401 Y-4.96 E0.01731
G1 X0.749 Y-4.972 E0.01627
G1 X-1.813 Y-5.091 E0.06398
G1 X-4.761 Y-4.96 E0.07361
G1 X-5.192 Y-4.916 E0.01081
G1 X-7.466 Y-4.836 E0.05676
G1 X-9.283 Y-4.847 E0.04533
G1 X-10.578 Y-4.792 E0.03233
G1 X-12.497 Y-4.778 E0.04787
G1 X-12.818 Y-4.768 E0.00801
G1 X-15.12 Y-4.747 E0.05743
G1 X-22.935 Y-4.748 E0.19495
G1 X-23.796 Y-4.757 E0.02148
G1 X-23.796 Y-2.47 E0.05705
G1 X-23.764 Y-.39 E0.05189
G1 X-23.784 Y2.03 E0.06037
G1 X-23.776 Y4.717 E0.06703
G1 X-22.836 Y4.704 E0.02345
G1 X-20.86 Y4.704 E0.04929
G1 X-17.789 Y4.684 E0.07661
G1 X-17.193 Y4.692 E0.01487
G1 X-15.238 Y4.76 E0.0488
G1 X-12.347 Y4.804 E0.07212
G1 X-10.499 Y4.812 E0.0461
G1 X-9.915 Y4.836 E0.01458
G1 X-8.078 Y4.848 E0.04583
G1 X-7.497 Y4.888 E0.01453
G1 X-5.362 Y4.972 E0.0533
G1 X-4.822 Y5.02 E0.01352
G1 X-2.343 Y5.044 E0.06184
G0 F7200 X-2.143 Y5.052
G0 X-2.101 Y4.056
;MESH:NONMESH
G0 F600 X-2.101 Y4.056 Z18.05
G0 F7200 X4.427 Y4.27
G0 X4.424 Y4.424
;TIME_ELAPSED:1328.538552
;LAYER:119
;TYPE:FILL
;MESH:pi 3mm_deformed_tet (6).stl
G1 F3600 X-4.434 Y-4.434 E0.31249
G1 X-4.504 Y-4.504
G0 F7200 X-4.496 Y-4.293
G0 X-7.006 Y-4.164
G0 X-7.01 Y-4.304
G1 F3600 X-15.503 Y4.189 E0.29961
G1 X-15.573 Y4.259
G0 F7200 X-15.57 Y4.05
G0 X-18.496 Y3.992
G0 X-18.496 Y4.132
G1 F3600 X-23.161 Y-.533 E0.16457
G1 X-23.231 Y-.603
G0 F7200 X-23.021 Y-.605
G0 X-23.023 Y0.536
G0 X-23.162 Y0.535
G1 F3600 X-18.442 Y-4.185 E0.16651
G1 X-18.372 Y-4.255
G0 F7200 X-18.373 Y-4.048
G0 X-15.499 Y-4.047
G0 X-15.498 Y-4.184
G1 F3600 X-6.956 Y4.358 E0.30134
G1 X-6.886 Y4.428
G0 F7200 X-6.879 Y4.225
G0 X-4.478 Y4.34
G0 X-4.48 Y4.48
G1 F3600 X4.436 Y-4.436 E0.31454
G1 X4.506 Y-4.506
G0 F7200 X4.51 Y-4.298
G0 X6.924 Y-4.24
G0 X6.937 Y-4.377
G1 F3600 X15.474 Y4.161 E0.30118
G1 X15.544 Y4.231
G0 F7200 X15.541 Y4.024
G0 X18.514 Y3.976
G0 X18.513 Y4.115
G1 F3600 X23.084 Y-.456 E0.16125
G1 X23.154 Y-.526
G0 F7200 X23.09 Y0.462
G1 F3600 X18.452 Y-4.175 E0.1636
G1 X18.382 Y-4.245
G0 F7200 X18.382 Y-4.036
G0 X15.531 Y-4.08
G0 X15.533 Y-4.219
G1 F3600 X7.002 Y4.311 E0.30094
G1 X6.932 Y4.381
G0 F7200 X6.927 Y4.176
G0 X-2.5 Y4.363
G0 X-2.512 Y4.66
;TYPE:WALL-INNER
G1 F3600 X-1.818 Y4.687 E0.01732
G1 X0.558 Y4.584 E0.05933
G1 X2.322 Y4.544 E0.04401
G1 X4.582 Y4.587 E0.05639
G1 X5.481 Y4.517 E0.02249
G1 X7.478 Y4.456 E0.04984
G1 X9.158 Y4.44 E0.04191
G1 X10.039 Y4.387 E0.02202
G1 X10.784 Y4.36 E0.0186
G1 X12.523 Y4.36 E0.04338
G1 X16.174 Y4.312 E0.09108
G1 X17.774 Y4.268 E0.03993
G1 X23.289 Y4.318 E0.13758
G1 X23.244 Y-0.029 E0.10844
G1 X23.244 Y-2.477 E0.06107
G1 X23.259 Y-4.36 E0.04697
G1 X17.725 Y-4.332 E0.13805
G1 X16.039 Y-4.372 E0.04207
G1 X11.63 Y-4.432 E0.10999
G1 X9.893 Y-4.439 E0.04333
G1 X9.034 Y-4.476 E0.02145
G1 X7.32 Y-4.502 E0.04276
G1 X6.445 Y-4.584 E0.02192
G1 X4.589 Y-4.6 E0.0463
G1 X2.256 Y-4.544 E0.05821
G1 X1.389 Y-4.584 E0.02165
G1 X0.563 Y-4.596 E0.02061
G1 X-1.821 Y-4.711 E0.05954
G1 X-4.747 Y-4.581 E0.07306
G1 X-5.34 Y-4.52 E0.01487
G1 X-7.479 Y-4.448 E0.05339
G1 X-9.157 Y-4.455 E0.04186
G1 X-9.937 Y-4.416 E0.01948
G1 X-10.711 Y-4.392 E0.01932
G1 X-12.489 Y-4.378 E0.04435
G1 X-12.922 Y-4.364 E0.01081
G1 X-15.009 Y-4.344 E0.05206
G1 X-23.348 Y-4.349 E0.20802
G1 X-23.348 Y-2.476 E0.04672
G1 X-23.316 Y-.214 E0.05643
G1 X-23.336 Y2.192 E0.06002
G1 X-23.329 Y4.31 E0.05283
G1 X-20.822 Y4.308 E0.06254
G1 X-17.446 Y4.284 E0.08422
G1 X-15.752 Y4.344 E0.04228
G1 X-12.337 Y4.404 E0.0852
G1 X-10.604 Y4.408 E0.04323
G1 X-9.916 Y4.44 E0.01718
G1 X-8.198 Y4.453 E0.04286
G1 X-7.447 Y4.498 E0.01877
G1 X-5.496 Y4.578 E0.04871
G1 X-4.823 Y4.636 E0.01685
G1 X-2.512 Y4.66 E0.05765
G0 F7200 X-2.528 Y5.06
;TYPE:WALL-OUTER
G1 F1800 X-1.817 Y5.087 E0.01775
G1 X0.567 Y4.984 E0.05952
G1 X2.314 Y4.944 E0.04359
G1 X4.594 Y4.987 E0.05688
G1 X5.521 Y4.916 E0.02319
G1 X7.482 Y4.856 E0.04894
G1 X9.172 Y4.84 E0.04216
G1 X10.054 Y4.787 E0.02204
G1 X10.784 Y4.76 E0.01822
G1 X12.527 Y4.76 E0.04348
G1 X16.185 Y4.712 E0.09126
G1 X17.77 Y4.668 E0.03955
G1 X23.693 Y4.722 E0.14776
G1 X23.644 Y-0.029 E0.11852
G1 X23.644 Y-2.474 E0.06099
G1 X23.662 Y-4.761 E0.05705
G1 X17.735 Y-4.732 E0.14785
G1 X16.044 Y-4.772 E0.04219
G1 X11.632 Y-4.832 E0.11007
G1 X9.897 Y-4.839 E0.04328
G1 X9.046 Y-4.876 E0.02125
G1 X7.357 Y-4.9 E0.04214
G1 X6.465 Y-4.984 E0.02235
G1 X4.586 Y-5 E0.04687
G1 X2.274 Y-4.944 E0.05769
G1 X1.401 Y-4.984 E0.0218
G1 X0.582 Y-4.996 E0.02043
G1 X-1.821 Y-5.111 E0.06001
G1 X-4.777 Y-4.98 E0.07381
G1 X-5.365 Y-4.92 E0.01474
G1 X-7.477 Y-4.848 E0.05271
G1 X-9.167 Y-4.855 E0.04216
G1 X-9.949 Y-4.816 E0.01953
G1 X-10.714 Y-4.792 E0.01909
G1 X-12.501 Y-4.778 E0.04458
G1 X-12.926 Y-4.764 E0.01061
G1 X-15.009 Y-4.744 E0.05196
G1 X-23.748 Y-4.753 E0.218
G1 X-23.748 Y-2.47 E0.05695
G1 X-23.716 Y-.218 E0.05618
G1 X-23.736 Y2.193 E0.06014
G1 X-23.728 Y4.714 E0.06289
G1 X-20.819 Y4.708 E0.07257
G1 X-17.46 Y4.684 E0.08379
G1 X-15.762 Y4.744 E0.04238
G1 X-12.338 Y4.804 E0.08543
G1 X-10.622 Y4.808 E0.04281
G1 X-9.926 Y4.84 E0.01738
G1 X-8.223 Y4.852 E0.04248
G1 X-7.513 Y4.896 E0.01774
G1 X-5.53 Y4.976 E0.04951
G1 X-4.842 Y5.036 E0.01723
G1 X-2.528 Y5.06 E0.05773
G0 F7200 X-2.329 Y5.067
G0 X-2.288 Y4.071
;MESH:NONMESH
G0 F600 X-2.288 Y4.071 Z18.2
G0 F7200 X4.443 Y4.286
G0 X4.44 Y4.44
;TIME_ELAPSED:1338.200388
;LAYER:120
;TYPE:FILL
;MESH:pi 3mm_deformed_tet (6).stl
G1 F3600 X-4.453 Y-4.453 E0.31372
G1 X-4.523 Y-4.523
G0 F7200 X-4.515 Y-4.313
G0 X-6.997 Y-4.175
G0 X-7.001 Y-4.313
G1 F3600 X-15.496 Y4.182 E0.29968
G1 X-15.566 Y4.252
G0 F7200 X-15.562 Y4.045
G0 X-18.493 Y3.995
G0 X-18.493 Y4.134
G1 F3600 X-23.111 Y-.484 E0.16291
G1 X-23.181 Y-.554
G0 F7200 X-22.973 Y-.556
G0 X-22.971 Y0.482
G0 X-23.108 Y0.481
G1 F3600 X-18.436 Y-4.192 E0.16484
G1 X-18.366 Y-4.262
G0 F7200 X-18.366 Y-4.049
G0 X-15.498 Y-4.047
G0 X-15.497 Y-4.183
G1 F3600 X-6.944 Y4.37 E0.30173
G1 X-6.874 Y4.44
G0 F7200 X-6.866 Y4.235
G0 X-4.494 Y4.356
G0 X-4.496 Y4.496
G1 F3600 X4.448 Y-4.448 E0.31552
G1 X4.518 Y-4.518
G0 F7200 X4.522 Y-4.312
G0 X6.925 Y-4.241
G0 X6.938 Y-4.376
G1 F3600 X15.471 Y4.157 E0.30102
G1 X15.541 Y4.227
G0 F7200 X15.539 Y4.019
G0 X18.514 Y3.978
G0 X18.513 Y4.115
G1 F3600 X23.036 Y-.409 E0.15958
G1 X23.106 Y-.479
G0 F7200 X23.041 Y0.414
G1 F3600 X18.451 Y-4.176 E0.16192
G1 X18.381 Y-4.246
G0 F7200 X18.381 Y-4.037
G0 X15.525 Y-4.074
G0 X15.527 Y-4.213
G1 F3600 X6.991 Y4.323 E0.30113
G1 X6.921 Y4.393
G0 F7200 X6.916 Y4.185
G0 X-2.689 Y4.377
G0 X-2.7 Y4.672
;TYPE:WALL-INNER
G1 F3600 X-1.826 Y4.707 E0.02182
G1 X0.381 Y4.612 E0.0551
G1 X2.505 Y4.56 E0.053
G1 X4.591 Y4.603 E0.05205
G1 X5.645 Y4.521 E0.02637
G1 X7.485 Y4.468 E0.04592
G1 X9.025 Y4.452 E0.03842
G1 X10.005 Y4.388 E0.0245
G1 X10.896 Y4.356 E0.02224
G1 X12.509 Y4.356 E0.04024
G1 X14.615 Y4.336 E0.05254
G1 X17.746 Y4.268 E0.07812
G1 X23.24 Y4.314 E0.13705
G1 X23.196 Y-0.064 E0.10922
G1 X23.196 Y-2.441 E0.05929
G1 X23.211 Y-4.364 E0.04797
G1 X17.696 Y-4.332 E0.13757
G1 X16.564 Y-4.36 E0.02825
G1 X12.354 Y-4.412 E0.10503
G1 X11.451 Y-4.431 E0.02253
G1 X9.868 Y-4.435 E0.03949
G1 X8.886 Y-4.48 E0.02452
G1 X7.308 Y-4.502 E0.03937
G1 X6.309 Y-4.596 E0.02503
G1 X4.597 Y-4.611 E0.04271
G1 X2.436 Y-4.56 E0.05392
G1 X1.385 Y-4.608 E0.02624
G1 X0.391 Y-4.624 E0.0248
G1 X-1.83 Y-4.731 E0.05547
G1 X-4.763 Y-4.601 E0.07324
G1 X-5.509 Y-4.524 E0.01871
G1 X-7.493 Y-4.456 E0.04952
G1 X-9.042 Y-4.467 E0.03864
G1 X-9.981 Y-4.419 E0.02345
G1 X-10.844 Y-4.388 E0.02154
G1 X-12.424 Y-4.38 E0.03941
G1 X-13.033 Y-4.36 E0.0152
G1 X-14.998 Y-4.34 E0.04902
G1 X-16.413 Y-4.351 E0.0353
G1 X-23.3 Y-4.352 E0.1718
G1 X-23.3 Y-2.471 E0.04692
G1 X-23.264 Y-0.038 E0.0607
G1 X-23.284 Y2.355 E0.0597
G1 X-23.281 Y4.31 E0.04877
G1 X-17.376 Y4.292 E0.1473
G1 X-16.247 Y4.328 E0.02818
G1 X-12.359 Y4.4 E0.097
G1 X-10.732 Y4.408 E0.04059
G1 X-9.925 Y4.44 E0.02015
G1 X-8.34 Y4.453 E0.03954
G1 X-7.508 Y4.508 E0.0208
G1 X-5.665 Y4.582 E0.04601
G1 X-4.839 Y4.652 E0.02068
G1 X-2.7 Y4.672 E0.05336
G0 F7200 X-2.716 Y5.072
;TYPE:WALL-OUTER
G1 F1800 X-1.825 Y5.107 E0.02224
G1 X0.391 Y5.012 E0.05533
G1 X2.497 Y4.96 E0.05255
G1 X4.602 Y5.003 E0.05252
G1 X5.686 Y4.92 E0.02712
G1 X7.489 Y4.868 E0.04499
G1 X9.04 Y4.852 E0.03869
G1 X10.035 Y4.788 E0.02487
G1 X10.896 Y4.756 E0.02149
G1 X12.513 Y4.756 E0.04034
G1 X14.623 Y4.736 E0.05264
G1 X17.742 Y4.668 E0.07782
G1 X23.645 Y4.718 E0.14726
G1 X23.596 Y-0.064 E0.11929
G1 X23.596 Y-2.438 E0.05922
G1 X23.614 Y-4.766 E0.05807
G1 X17.706 Y-4.732 E0.14738
G1 X16.569 Y-4.76 E0.02837
G1 X12.363 Y-4.812 E0.10493
G1 X11.501 Y-4.831 E0.02151
G1 X9.87 Y-4.835 E0.04069
G1 X8.898 Y-4.88 E0.02427
G1 X7.345 Y-4.9 E0.03874
G1 X6.329 Y-4.996 E0.02546
G1 X4.594 Y-5.011 E0.04328
G1 X2.454 Y-4.96 E0.0534
G1 X1.397 Y-5.008 E0.02639
G1 X0.41 Y-5.024 E0.02462
G1 X-1.829 Y-5.131 E0.05592
G1 X-4.793 Y-5 E0.07401
G1 X-5.533 Y-4.924 E0.01856
G1 X-7.49 Y-4.856 E0.04885
G1 X-9.051 Y-4.867 E0.03894
G1 X-9.995 Y-4.819 E0.02358
G1 X-10.846 Y-4.788 E0.02124
G1 X-12.432 Y-4.78 E0.03956
G1 X-13.037 Y-4.76 E0.0151
G1 X-14.994 Y-4.74 E0.04882
G1 X-16.413 Y-4.751 E0.0354
G1 X-23.7 Y-4.752 E0.18177
G1 X-23.7 Y-2.465 E0.05705
G1 X-23.664 Y-0.042 E0.06045
G1 X-23.684 Y2.355 E0.0598
G1 X-23.68 Y4.711 E0.05877
G1 X-17.389 Y4.692 E0.15693
G1 X-16.255 Y4.728 E0.0283
G1 X-12.361 Y4.8 E0.09715
G1 X-10.748 Y4.808 E0.04024
G1 X-9.935 Y4.84 E0.0203
G1 X-8.366 Y4.852 E0.03914
G1 X-7.529 Y4.908 E0.02093
G1 X-5.699 Y4.98 E0.04568
G1 X-4.858 Y5.052 E0.02106
G1 X-2.716 Y5.072 E0.05343
G0 F7200 X-2.517 Y5.079
G0 X-2.478 Y4.085
;MESH:NONMESH
G0 F600 X-2.478 Y4.085 Z18.35
G0 F7200 X4.459 Y4.302
G0 X4.456 Y4.456
;TIME_ELAPSED:1347.846395
;LAYER:121
;TYPE:FILL
;MESH:pi 3mm_deformed_tet (6).stl
G1 F3600 X-4.47 Y-4.47 E0.31489
G1 X-4.54 Y-4.54
G0 F7200 X-4.532 Y-4.332
G0 X-6.988 Y-4.185
G0 X-6.992 Y-4.322
G1 F3600 X-15.492 Y4.178 E0.29986
G1 X-15.562 Y4.248
G0 F7200 X-15.558 Y4.041
G0 X-18.496 Y3.996
G0 X-18.496 Y4.132
G1 F3600 X-23.07 Y-.443 E0.16138
G1 X-23.14 Y-.513
G0 F7200 X-23.067 Y0.439
G1 F3600 X-18.436 Y-4.191 E0.16335
G1 X-18.366 Y-4.261
G0 F7200 X-18.366 Y-4.051
G0 X-15.494 Y-4.043
G0 X-15.493 Y-4.179
G1 F3600 X-6.935 Y4.378 E0.30189
G1 X-6.865 Y4.448
G0 F7200 X-6.858 Y4.246
G0 X-4.51 Y4.372
G0 X-4.512 Y4.512
G1 F3600 X4.46 Y-4.46 E0.31651
G1 X4.53 Y-4.53
G0 F7200 X4.534 Y-4.324
G0 X6.924 Y-4.24
G0 X6.937 Y-4.376
G1 F3600 X15.468 Y4.154 E0.30094
G1 X15.538 Y4.224
G0 F7200 X15.535 Y4.014
G0 X18.51 Y3.98
G0 X18.509 Y4.118
G1 F3600 X22.995 Y-.368 E0.15826
G0 F7200 X23 Y0.373
G1 F3600 X18.448 Y-4.18 E0.1606
G1 X18.378 Y-4.25
G0 F7200 X18.378 Y-4.04
G0 X15.519 Y-4.068
G0 X15.521 Y-4.207
G1 F3600 X6.983 Y4.331 E0.3012
G1 X6.913 Y4.401
G0 F7200 X6.908 Y4.193
G0 X-2.874 Y4.391
G0 X-2.887 Y4.688
;TYPE:WALL-INNER
G1 F3600 X-1.834 Y4.731 E0.02629
G1 X0.209 Y4.64 E0.05101
G1 X2.689 Y4.58 E0.06188
G1 X4.595 Y4.619 E0.04756
G1 X5.809 Y4.525 E0.03037
G1 X7.489 Y4.476 E0.04193
G1 X8.893 Y4.46 E0.03503
G1 X10.006 Y4.388 E0.02782
G1 X11.012 Y4.352 E0.02511
G1 X12.499 Y4.352 E0.03709
G1 X14.445 Y4.336 E0.04854
G1 X17.605 Y4.272 E0.07884
G1 X23.198 Y4.311 E0.13952
G1 X23.156 Y-0.037 E0.10847
G1 X23.152 Y-2.597 E0.06386
G1 X23.163 Y-4.361 E0.044
G1 X17.547 Y-4.336 E0.14009
G1 X17.124 Y-4.348 E0.01056
G1 X12.315 Y-4.404 E0.11997
G1 X11.322 Y-4.432 E0.02478
G1 X9.821 Y-4.436 E0.03744
G1 X8.739 Y-4.484 E0.02702
G1 X7.293 Y-4.502 E0.03607
G1 X6.172 Y-4.612 E0.0281
G1 X4.606 Y-4.624 E0.03907
G1 X2.621 Y-4.576 E0.04953
G1 X1.385 Y-4.632 E0.03086
G1 X0.205 Y-4.652 E0.02944
G1 X-1.834 Y-4.747 E0.05092
G1 X-4.785 Y-4.617 E0.07368
G1 X-5.679 Y-4.528 E0.02241
G1 X-7.505 Y-4.464 E0.04558
G1 X-8.926 Y-4.475 E0.03545
G1 X-9.965 Y-4.42 E0.02595
G1 X-10.976 Y-4.388 E0.02523
G1 X-12.431 Y-4.38 E0.0363
G1 X-13.146 Y-4.352 E0.01785
G1 X-14.985 Y-4.336 E0.04588
G1 X-16.991 Y-4.351 E0.05004
G1 X-23.253 Y-4.348 E0.15621
G1 X-23.26 Y-2.468 E0.0469
G1 X-23.224 Y-0.012 E0.06127
G1 X-23.24 Y2.453 E0.06149
G1 X-23.233 Y4.309 E0.0463
G1 X-17.474 Y4.288 E0.14366
G1 X-16.799 Y4.312 E0.01685
G1 X-12.344 Y4.4 E0.11115
G1 X-10.854 Y4.404 E0.03717
G1 X-9.933 Y4.444 E0.023
G1 X-8.484 Y4.453 E0.03615
G1 X-7.524 Y4.516 E0.024
G1 X-5.831 Y4.582 E0.04226
G1 X-4.854 Y4.668 E0.02447
G1 X-2.887 Y4.688 E0.04907
G0 F7200 X-2.903 Y5.088
;TYPE:WALL-OUTER
G1 F1800 X-1.833 Y5.131 E0.02671
G1 X0.219 Y5.04 E0.05124
G1 X2.681 Y4.98 E0.06143
G1 X4.606 Y5.019 E0.04803
G1 X5.85 Y4.924 E0.03112
G1 X7.493 Y4.876 E0.041
G1 X8.908 Y4.86 E0.0353
G1 X10.02 Y4.788 E0.0278
G1 X11.012 Y4.752 E0.02476
G1 X12.502 Y4.752 E0.03717
G1 X14.453 Y4.736 E0.04867
G1 X17.602 Y4.672 E0.07857
G1 X23.602 Y4.714 E0.14967
G1 X23.556 Y-0.037 E0.11852
G1 X23.552 Y-2.594 E0.06378
G1 X23.566 Y-4.763 E0.05411
G1 X17.558 Y-4.736 E0.14987
G1 X17.132 Y-4.748 E0.01063
G1 X12.326 Y-4.804 E0.11989
G1 X11.328 Y-4.832 E0.02491
G1 X9.839 Y-4.836 E0.03714
G1 X8.75 Y-4.884 E0.02719
G1 X7.332 Y-4.9 E0.03537
G1 X6.193 Y-5.012 E0.02855
G1 X4.602 Y-5.024 E0.03969
G1 X2.639 Y-4.976 E0.04898
G1 X1.397 Y-5.032 E0.03101
G1 X0.223 Y-5.052 E0.02929
G1 X-1.833 Y-5.147 E0.05134
G1 X-4.813 Y-5.016 E0.07441
G1 X-5.704 Y-4.928 E0.02233
G1 X-7.502 Y-4.864 E0.04488
G1 X-8.935 Y-4.875 E0.03575
G1 X-9.977 Y-4.82 E0.02603
G1 X-10.978 Y-4.788 E0.02498
G1 X-12.439 Y-4.78 E0.03645
G1 X-13.15 Y-4.752 E0.01775
G1 X-14.982 Y-4.736 E0.0457
G1 X-16.991 Y-4.751 E0.05012
G1 X-23.652 Y-4.748 E0.16616
G1 X-23.66 Y-2.462 E0.05702
G1 X-23.624 Y-0.014 E0.06107
G1 X-23.64 Y2.454 E0.06157
G1 X-23.632 Y4.711 E0.0563
G1 X-17.488 Y4.688 E0.15326
G1 X-16.81 Y4.712 E0.01692
G1 X-12.345 Y4.8 E0.1114
G1 X-10.871 Y4.804 E0.03677
G1 X-9.943 Y4.844 E0.02317
G1 X-8.51 Y4.852 E0.03575
G1 X-7.545 Y4.916 E0.02412
G1 X-5.866 Y4.98 E0.04191
G1 X-4.874 Y5.068 E0.02484
G1 X-2.903 Y5.088 E0.04917
G0 F7200 X-2.704 Y5.096
G0 X-2.663 Y4.099
;MESH:NONMESH
G0 F600 X-2.663 Y4.099 Z18.5
G0 F7200 X4.475 Y4.318
G0 X4.472 Y4.472
;TIME_ELAPSED:1357.443460
;LAYER:122
;TYPE:FILL
;MESH:pi 3mm_deformed_tet (6).stl
G1 F3600 X-4.491 Y-4.491 E0.31619
G1 X-4.561 Y-4.561
G0 F7200 X-4.552 Y-4.352
G0 X-6.975 Y-4.196
G0 X-6.979 Y-4.335
G1 F3600 X-15.485 Y4.171 E0.30007
G1 X-15.555 Y4.241
G0 F7200 X-15.55 Y4.035
G0 X-18.495 Y3.996
G0 X-18.495 Y4.132
G1 F3600 X-23.03 Y-.402 E0.15997
G1 X-23.1 Y-.472
G0 F7200 X-23.026 Y0.399
G1 F3600 X-18.436 Y-4.192 E0.16194
G1 X-18.366 Y-4.262
G0 F7200 X-18.366 Y-4.051
G0 X-15.494 Y-4.04
G0 X-15.493 Y-4.179
G1 F3600 X-6.925 Y4.388 E0.30224
G1 X-6.855 Y4.458
G0 F7200 X-6.848 Y4.256
G0 X-4.526 Y4.389
G0 X-4.528 Y4.528
G1 F3600 X4.473 Y-4.473 E0.31753
G1 X4.543 Y-4.543
G0 F7200 X4.547 Y-4.335
G0 X6.921 Y-4.242
G0 X6.934 Y-4.38
G1 F3600 X15.464 Y4.151 E0.30094
G1 X15.534 Y4.221
G0 F7200 X15.532 Y4.012
G0 X18.51 Y3.98
G0 X18.509 Y4.118
G1 F3600 X22.956 Y-.328 E0.15686
G0 F7200 X22.96 Y0.332
G1 F3600 X18.452 Y-4.175 E0.15901
G1 X18.382 Y-4.245
G0 F7200 X18.382 Y-4.038
G0 X15.511 Y-4.062
G0 X15.513 Y-4.2
G1 F3600 X6.974 Y4.34 E0.30125
G1 X6.904 Y4.41
G0 F7200 X6.899 Y4.202
G0 X-3.066 Y4.406
G0 X-3.077 Y4.704
;TYPE:WALL-INNER
G1 F3600 X-1.842 Y4.751 E0.03083
G1 X0.041 Y4.668 E0.04702
G1 X1.413 Y4.644 E0.03423
G1 X2.873 Y4.6 E0.03644
G1 X4.603 Y4.635 E0.04316
G1 X6.002 Y4.528 E0.035
G1 X7.496 Y4.484 E0.03728
G1 X8.761 Y4.468 E0.03156
G1 X10.006 Y4.392 E0.03111
G1 X11.126 Y4.351 E0.02796
G1 X14.264 Y4.332 E0.07828
G1 X17.689 Y4.272 E0.08545
G1 X23.158 Y4.314 E0.13643
G1 X23.116 Y-0.035 E0.10849
G1 X23.112 Y-2.753 E0.0678
G1 X23.123 Y-4.36 E0.04009
G1 X17.648 Y-4.332 E0.13658
G1 X12.285 Y-4.4 E0.13379
G1 X11.151 Y-4.427 E0.0283
G1 X9.792 Y-4.432 E0.0339
G1 X8.59 Y-4.488 E0.03002
G1 X7.332 Y-4.503 E0.03138
G1 X6.041 Y-4.624 E0.03235
G1 X4.613 Y-4.636 E0.03562
G1 X2.801 Y-4.592 E0.04521
G1 X1.385 Y-4.656 E0.03536
G1 X0.033 Y-4.68 E0.03373
G1 X-1.843 Y-4.767 E0.04685
G1 X-3.126 Y-4.719 E0.03203
G1 X-4.799 Y-4.637 E0.04178
G1 X-5.851 Y-4.532 E0.02637
G1 X-7.516 Y-4.476 E0.04156
G1 X-8.809 Y-4.483 E0.03225
G1 X-9.979 Y-4.42 E0.02923
G1 X-11.112 Y-4.384 E0.02828
G1 X-12.376 Y-4.377 E0.03153
G1 X-13.255 Y-4.348 E0.02194
G1 X-14.972 Y-4.336 E0.04283
G1 X-17.63 Y-4.352 E0.06631
G1 X-23.21 Y-4.348 E0.13919
G1 X-23.22 Y-2.461 E0.04707
G1 X-23.184 Y-0.012 E0.0611
G1 X-23.2 Y2.45 E0.06142
G1 X-23.19 Y4.311 E0.04642
G1 X-20.709 Y4.308 E0.06189
G1 X-17.592 Y4.287 E0.07776
G1 X-12.351 Y4.396 E0.13077
G1 X-10.981 Y4.404 E0.03418
G1 X-9.945 Y4.444 E0.02586
G1 X-8.63 Y4.457 E0.0328
G1 X-7.492 Y4.526 E0.02844
G1 X-5.999 Y4.586 E0.03727
G1 X-4.874 Y4.684 E0.02817
G1 X-3.077 Y4.704 E0.04483
G0 F7200 X-3.092 Y5.104
;TYPE:WALL-OUTER
G1 F1800 X-1.841 Y5.151 E0.03123
G1 X0.048 Y5.068 E0.04717
G1 X1.425 Y5.044 E0.03435
G1 X2.865 Y5 E0.03594
G1 X4.614 Y5.035 E0.04364
G1 X6.014 Y4.928 E0.03502
G1 X7.501 Y4.884 E0.03711
G1 X8.776 Y4.868 E0.03181
G1 X10.02 Y4.792 E0.03109
G1 X11.127 Y4.751 E0.02763
G1 X14.271 Y4.732 E0.07843
G1 X17.686 Y4.672 E0.0852
G1 X23.562 Y4.712 E0.14658
G1 X23.516 Y-0.035 E0.11842
G1 X23.512 Y-2.75 E0.06773
G1 X23.526 Y-4.762 E0.05019
G1 X17.653 Y-4.732 E0.1465
G1 X12.295 Y-4.8 E0.13367
G1 X11.157 Y-4.827 E0.0284
G1 X9.81 Y-4.832 E0.0336
G1 X8.602 Y-4.888 E0.03017
G1 X7.321 Y-4.904 E0.03196
G1 X6.061 Y-5.024 E0.03157
G1 X4.61 Y-5.036 E0.0362
G1 X2.819 Y-4.992 E0.04469
G1 X1.397 Y-5.056 E0.03551
G1 X0.051 Y-5.08 E0.03358
G1 X-1.841 Y-5.167 E0.04725
G1 X-3.065 Y-5.123 E0.03055
G1 X-4.829 Y-5.036 E0.04406
G1 X-5.877 Y-4.932 E0.02627
G1 X-7.514 Y-4.876 E0.04086
G1 X-8.819 Y-4.883 E0.03255
G1 X-9.991 Y-4.82 E0.02928
G1 X-11.114 Y-4.784 E0.02803
G1 X-12.378 Y-4.777 E0.03153
G1 X-13.258 Y-4.748 E0.02196
G1 X-14.97 Y-4.736 E0.04271
G1 X-17.63 Y-4.752 E0.06636
G1 X-23.608 Y-4.748 E0.14912
G1 X-23.62 Y-2.455 E0.0572
G1 X-23.584 Y-0.014 E0.0609
G1 X-23.6 Y2.452 E0.06152
G1 X-23.588 Y4.711 E0.05635
G1 X-20.707 Y4.708 E0.07187
G1 X-17.594 Y4.687 E0.07766
G1 X-12.353 Y4.796 E0.13077
G1 X-10.996 Y4.804 E0.03385
G1 X-9.955 Y4.844 E0.02599
G1 X-8.655 Y4.856 E0.03243
G1 X-7.561 Y4.924 E0.02734
G1 X-6.034 Y4.984 E0.03812
G1 X-4.894 Y5.084 E0.02855
G1 X-3.092 Y5.104 E0.04495
G0 F7200 X-2.893 Y5.111
G0 X-2.854 Y4.114
;MESH:NONMESH
G0 F600 X-2.854 Y4.114 Z18.65
G0 F7200 X4.487 Y-4.333
G0 X4.484 Y-4.484
;TIME_ELAPSED:1367.059956
;LAYER:123
;TYPE:FILL
;MESH:pi 3mm_deformed_tet (6).stl
G1 F3600 X-4.544 Y4.544 E0.31849
G1 X-4.614 Y4.614
G0 F7200 X-4.611 Y4.404
G0 X-6.908 Y4.264
G0 X-6.913 Y4.4
G1 F3600 X-15.488 Y-4.174 E0.30249
G1 X-15.558 Y-4.244
G0 F7200 X-15.559 Y-4.036
G0 X-18.441 Y-4.05
G0 X-18.441 Y-4.187
G1 F3600 X-22.987 Y0.359 E0.16037
G0 F7200 X-22.99 Y-.363
G1 F3600 X-18.493 Y4.134 E0.15864
G1 X-18.423 Y4.204
G0 F7200 X-18.423 Y3.995
G0 X-15.485 Y4.037
G0 X-15.488 Y4.175
G1 F3600 X-6.971 Y-4.343 E0.30048
G1 X-6.901 Y-4.413
G0 F7200 X-6.895 Y-4.209
G0 X-4.506 Y-4.375
G0 X-4.511 Y-4.511
G1 F3600 X4.488 Y4.488 E0.31746
G1 X4.558 Y4.558
G0 F7200 X4.562 Y4.352
G0 X6.963 Y4.208
G0 X6.966 Y4.347
G1 F3600 X15.507 Y-4.193 E0.30129
G1 X15.577 Y-4.263
G0 F7200 X15.574 Y-4.055
G0 X18.454 Y-4.037
G0 X18.454 Y-4.173
G1 F3600 X22.915 Y0.288 E0.15737
G0 F7200 X22.912 Y-.284
G1 F3600 X18.513 Y4.115 E0.15519
G1 X18.443 Y4.185
G0 F7200 X18.444 Y3.976
G0 X15.46 Y4.009
G0 X15.461 Y4.147
G1 F3600 X6.937 Y-4.376 E0.30069
G1 X6.867 Y-4.446
G0 F7200 X6.848 Y-4.248
G0 X-3.253 Y4.42
G0 X-3.264 Y4.716
;TYPE:WALL-INNER
G1 F3600 X-1.85 Y4.771 E0.0353
G1 X-.132 Y4.696 E0.0429
G1 X1.408 Y4.668 E0.03842
G1 X3.057 Y4.62 E0.04115
G1 X4.61 Y4.651 E0.03875
G1 X6.14 Y4.529 E0.03829
G1 X7.501 Y4.492 E0.03396
G1 X8.629 Y4.48 E0.02814
G1 X10.006 Y4.392 E0.03442
G1 X11.24 Y4.348 E0.0308
G1 X14.098 Y4.332 E0.07129
G1 X17.662 Y4.268 E0.08892
G1 X23.117 Y4.31 E0.13608
G1 X23.072 Y-0.031 E0.10829
G1 X23.08 Y-4.361 E0.10801
G1 X17.416 Y-4.328 E0.14129
G1 X12.257 Y-4.396 E0.1287
G1 X10.983 Y-4.428 E0.03179
G1 X9.769 Y-4.432 E0.03028
G1 X8.443 Y-4.492 E0.03311
G1 X7.271 Y-4.506 E0.02924
G1 X5.904 Y-4.636 E0.03425
G1 X4.621 Y-4.647 E0.03201
G1 X2.985 Y-4.608 E0.04082
G1 X1.385 Y-4.68 E0.03995
G1 X-.127 Y-4.704 E0.03772
G1 X-1.848 Y-4.787 E0.04298
G1 X-3.31 Y-4.731 E0.0365
G1 X-4.815 Y-4.657 E0.03759
G1 X-6.034 Y-4.536 E0.03056
G1 X-7.524 Y-4.484 E0.03719
G1 X-8.69 Y-4.491 E0.02909
G1 X-9.986 Y-4.424 E0.03237
G1 X-11.244 Y-4.384 E0.0314
G1 X-12.388 Y-4.377 E0.02854
G1 X-13.367 Y-4.344 E0.02444
G1 X-14.96 Y-4.332 E0.03974
G1 X-18.085 Y-4.347 E0.07795
G1 X-23.173 Y-4.344 E0.12692
G1 X-23.18 Y-2.464 E0.0469
G1 X-23.144 Y-0.012 E0.06117
G1 X-23.16 Y2.451 E0.06144
G1 X-23.15 Y4.308 E0.04632
G1 X-20.663 Y4.312 E0.06204
G1 X-17.626 Y4.288 E0.07576
G1 X-14.905 Y4.348 E0.06789
G1 X-13.307 Y4.372 E0.03987
G1 X-12.375 Y4.396 E0.02326
G1 X-11.103 Y4.4 E0.03173
G1 X-9.953 Y4.448 E0.02871
G1 X-8.772 Y4.457 E0.02946
G1 X-7.557 Y4.536 E0.03037
G1 X-6.172 Y4.59 E0.03458
G1 X-4.891 Y4.7 E0.03207
G1 X-3.264 Y4.716 E0.04059
G0 F7200 X-3.28 Y5.116
;TYPE:WALL-OUTER
G1 F1800 X-1.849 Y5.171 E0.03572
G1 X-.124 Y5.096 E0.04307
G1 X1.42 Y5.068 E0.03852
G1 X3.049 Y5.02 E0.04065
G1 X4.622 Y5.051 E0.03925
G1 X6.182 Y4.928 E0.03904
G1 X7.505 Y4.892 E0.03301
G1 X8.644 Y4.88 E0.02841
G1 X10.02 Y4.792 E0.03439
G1 X11.242 Y4.748 E0.0305
G1 X14.105 Y4.732 E0.07142
G1 X17.658 Y4.668 E0.08864
G1 X22.661 Y4.712 E0.12481
G1 X23.521 Y4.708 E0.02145
G1 X23.472 Y-0.031 E0.11822
G1 X23.472 Y-2.906 E0.07172
G1 X23.482 Y-4.76 E0.04625
G1 X22.761 Y-4.763 E0.01799
G1 X17.421 Y-4.728 E0.13321
G1 X12.267 Y-4.796 E0.12858
G1 X10.989 Y-4.828 E0.03189
G1 X9.787 Y-4.832 E0.02998
G1 X8.454 Y-4.892 E0.03329
G1 X7.309 Y-4.904 E0.02856
G1 X5.925 Y-5.036 E0.03468
G1 X4.618 Y-5.047 E0.0326
G1 X3.003 Y-5.008 E0.0403
G1 X1.397 Y-5.08 E0.0401
G1 X-.108 Y-5.104 E0.03755
G1 X-1.846 Y-5.187 E0.0434
G1 X-3.33 Y-5.131 E0.03704
G1 X-4.845 Y-5.056 E0.03784
G1 X-6.048 Y-4.936 E0.03016
G1 X-7.522 Y-4.884 E0.03679
G1 X-8.699 Y-4.891 E0.02936
G1 X-9.998 Y-4.824 E0.03245
G1 X-11.246 Y-4.784 E0.03115
G1 X-12.527 Y-4.774 E0.03196
G1 X-13.37 Y-4.744 E0.02104
G1 X-14.958 Y-4.732 E0.03961
G1 X-18.085 Y-4.747 E0.078
G1 X-23.572 Y-4.744 E0.13687
G1 X-23.58 Y-2.458 E0.05702
G1 X-23.544 Y-0.014 E0.06097
G1 X-23.56 Y2.453 E0.06154
G1 X-23.548 Y4.708 E0.05625
G1 X-20.66 Y4.712 E0.07204
G1 X-17.635 Y4.688 E0.07546
G1 X-14.911 Y4.748 E0.06797
G1 X-13.317 Y4.772 E0.03977
G1 X-12.381 Y4.796 E0.02336
G1 X-11.119 Y4.8 E0.03148
G1 X-9.963 Y4.848 E0.02886
G1 X-8.798 Y4.856 E0.02906
G1 X-7.577 Y4.936 E0.03052
G1 X-6.206 Y4.988 E0.03422
G1 X-4.91 Y5.1 E0.03245
G1 X-3.28 Y5.116 E0.04066
G0 F7200 X-3.081 Y5.123
G0 X-3.042 Y4.128
;MESH:NONMESH
G0 F600 X-3.042 Y4.128 Z18.8
G0 F7200 X4.499 Y-4.345
G0 X4.496 Y-4.496
;TIME_ELAPSED:1376.670937
;LAYER:124
;TYPE:FILL
;MESH:pi 3mm_deformed_tet (6).stl
G1 F3600 X-4.56 Y4.56 E0.31947
G1 X-4.63 Y4.63
G0 F7200 X-4.627 Y4.421
G0 X-6.899 Y4.274
G0 X-6.904 Y4.41
G1 F3600 X-15.484 Y-4.171 E0.3027
G1 X-15.554 Y-4.241
G0 F7200 X-15.555 Y-4.032
G0 X-18.442 Y-4.051
G0 X-18.441 Y-4.187
G1 F3600 X-22.946 Y0.318 E0.15893
G0 F7200 X-22.949 Y-.322
G1 F3600 X-18.496 Y4.132 E0.15711
G1 X-18.426 Y4.202
G0 F7200 X-18.427 Y3.993
G0 X-15.48 Y4.034
G0 X-15.483 Y4.169
G1 F3600 X-6.958 Y-4.356 E0.30074
G1 X-6.888 Y-4.426
G0 F7200 X-6.882 Y-4.219
G0 X-4.523 Y-4.394
G0 X-4.528 Y-4.528
G1 F3600 X4.505 Y4.505 E0.31866
G1 X4.575 Y4.575
G0 F7200 X4.579 Y4.367
G0 X6.955 Y4.217
G0 X6.958 Y4.356
G1 F3600 X15.505 Y-4.192 E0.30154
G1 X15.575 Y-4.262
G0 F7200 X15.572 Y-4.052
G0 X18.447 Y-4.041
G0 X18.446 Y-4.181
G1 F3600 X22.876 Y0.248 E0.15626
G0 F7200 X22.873 Y-.245
G1 F3600 X18.508 Y4.12 E0.15399
G1 X18.438 Y4.19
G0 F7200 X18.441 Y3.979
G0 X15.456 Y4.004
G0 X15.457 Y4.144
G1 F3600 X6.934 Y-4.38 E0.30069
G1 X6.864 Y-4.45
G0 F7200 X6.845 Y-4.249
G0 X-3.438 Y4.435
G0 X-3.449 Y4.732
;TYPE:WALL-INNER
G1 F3600 X-1.858 Y4.791 E0.03971
G1 X-.304 Y4.724 E0.0388
G1 X1.407 Y4.692 E0.04269
G1 X3.24 Y4.64 E0.04574
G1 X4.622 Y4.667 E0.03448
G1 X6.304 Y4.533 E0.04209
G1 X7.508 Y4.5 E0.03005
G1 X8.497 Y4.488 E0.02467
G1 X10.002 Y4.392 E0.03762
G1 X11.353 Y4.344 E0.03372
G1 X13.925 Y4.332 E0.06416
G1 X17.644 Y4.264 E0.09279
G1 X18.752 Y4.284 E0.02764
G1 X23.077 Y4.308 E0.10789
G1 X23.033 Y-0.011 E0.10774
G1 X23.04 Y-4.357 E0.10841
G1 X18.604 Y-4.344 E0.11066
G1 X17.577 Y-4.328 E0.02562
G1 X12.22 Y-4.388 E0.13364
G1 X10.811 Y-4.424 E0.03516
G1 X9.741 Y-4.428 E0.02669
G1 X8.293 Y-4.492 E0.03616
G1 X7.259 Y-4.51 E0.0258
G1 X5.769 Y-4.652 E0.03734
G1 X4.63 Y-4.659 E0.02841
G1 X3.165 Y-4.624 E0.03656
G1 X1.385 Y-4.704 E0.04445
G1 X-.297 Y-4.732 E0.04196
G1 X-1.854 Y-4.807 E0.03888
G1 X-4.832 Y-4.677 E0.07436
G1 X-6.192 Y-4.54 E0.0341
G1 X-7.535 Y-4.496 E0.03352
G1 X-8.573 Y-4.499 E0.02589
G1 X-9.98 Y-4.424 E0.03515
G1 X-11.377 Y-4.38 E0.03487
G1 X-12.389 Y-4.377 E0.02524
G1 X-13.479 Y-4.34 E0.02721
G1 X-14.944 Y-4.328 E0.03655
G1 X-18.854 Y-4.348 E0.09754
G1 X-23.134 Y-4.344 E0.10677
G1 X-23.144 Y-2.456 E0.0471
G1 X-23.104 Y-0.012 E0.06097
G1 X-23.12 Y2.451 E0.06144
G1 X-23.11 Y4.305 E0.04625
G1 X-20.624 Y4.312 E0.06201
G1 X-17.599 Y4.284 E0.07546
G1 X-12.337 Y4.396 E0.13129
G1 X-11.229 Y4.4 E0.02764
G1 X-9.962 Y4.448 E0.03163
G1 X-8.917 Y4.457 E0.02607
G1 X-7.572 Y4.544 E0.03362
G1 X-6.341 Y4.594 E0.03073
G1 X-4.907 Y4.716 E0.0359
G1 X-3.449 Y4.732 E0.03637
G0 F7200 X-3.464 Y5.132
;TYPE:WALL-OUTER
G1 F1800 X-1.857 Y5.191 E0.04011
G1 X-.296 Y5.124 E0.03898
G1 X1.418 Y5.092 E0.04276
G1 X3.232 Y5.04 E0.04527
G1 X4.634 Y5.067 E0.03498
G1 X6.346 Y4.932 E0.04284
G1 X7.513 Y4.9 E0.02912
G1 X8.512 Y4.888 E0.02492
G1 X10.016 Y4.792 E0.03759
G1 X11.355 Y4.744 E0.03342
G1 X13.932 Y4.732 E0.06428
G1 X17.636 Y4.664 E0.09241
G1 X18.749 Y4.684 E0.02777
G1 X22.181 Y4.708 E0.08561
G1 X23.481 Y4.708 E0.03243
G1 X23.433 Y-0.015 E0.11782
G1 X23.432 Y-3.062 E0.07601
G1 X23.442 Y-4.756 E0.04226
G1 X22.269 Y-4.76 E0.02926
G1 X18.598 Y-4.744 E0.09157
G1 X17.581 Y-4.728 E0.02537
G1 X12.23 Y-4.788 E0.13349
G1 X10.817 Y-4.824 E0.03526
G1 X9.759 Y-4.828 E0.02639
G1 X8.305 Y-4.892 E0.03631
G1 X7.297 Y-4.908 E0.02515
G1 X5.789 Y-5.052 E0.03779
G1 X4.626 Y-5.059 E0.02901
G1 X3.183 Y-5.024 E0.03601
G1 X1.397 Y-5.104 E0.0446
G1 X-.278 Y-5.132 E0.04179
G1 X-1.853 Y-5.207 E0.03933
G1 X-4.861 Y-5.076 E0.07511
G1 X-6.217 Y-4.94 E0.034
G1 X-7.533 Y-4.896 E0.03285
G1 X-8.583 Y-4.899 E0.02619
G1 X-9.993 Y-4.824 E0.03522
G1 X-11.379 Y-4.78 E0.03459
G1 X-12.542 Y-4.774 E0.02901
G1 X-13.482 Y-4.74 E0.02346
G1 X-14.942 Y-4.728 E0.03642
G1 X-18.854 Y-4.748 E0.09759
G1 X-23.532 Y-4.744 E0.11669
G1 X-23.544 Y-2.45 E0.05722
G1 X-23.504 Y-0.014 E0.06077
G1 X-23.52 Y2.453 E0.06154
G1 X-23.508 Y4.704 E0.05615
G1 X-20.62 Y4.712 E0.07204
G1 X-17.607 Y4.684 E0.07516
G1 X-12.339 Y4.796 E0.13144
G1 X-11.244 Y4.8 E0.02732
G1 X-9.971 Y4.848 E0.03178
G1 X-8.943 Y4.856 E0.02564
G1 X-7.593 Y4.944 E0.03375
G1 X-6.375 Y4.992 E0.03041
G1 X-4.926 Y5.116 E0.03628
G1 X-3.464 Y5.132 E0.03647
G0 F7200 X-3.265 Y5.139
G0 X-3.226 Y4.143
;MESH:NONMESH
G0 F600 X-3.226 Y4.143 Z18.95
G0 F7200 X4.513 Y-4.358
G0 X4.51 Y-4.51
;TIME_ELAPSED:1386.268482
;LAYER:125
;TYPE:FILL
;MESH:pi 3mm_deformed_tet (6).stl
G1 F3600 X-4.575 Y4.575 E0.3205
G1 X-4.645 Y4.645
G0 F7200 X-4.642 Y4.437
G0 X-6.886 Y4.285
G0 X-6.891 Y4.423
G1 F3600 X-15.48 Y-4.166 E0.303
G1 X-15.55 Y-4.236
G0 F7200 X-15.551 Y-4.029
G0 X-18.444 Y-4.047
G0 X-18.443 Y-4.184
G1 F3600 X-22.906 Y0.279 E0.15744
G0 F7200 X-22.909 Y-.281
G1 F3600 X-18.498 Y4.13 E0.15561
G1 X-18.428 Y4.2
G0 F7200 X-18.43 Y3.991
G0 X-15.474 Y4.026
G0 X-15.476 Y4.162
G1 F3600 X-6.949 Y-4.365 E0.30081
G1 X-6.879 Y-4.435
G0 F7200 X-6.873 Y-4.229
G0 X-4.544 Y-4.414
G0 X-4.549 Y-4.549
G1 F3600 X4.521 Y4.521 E0.31997
G1 X4.591 Y4.591
G0 F7200 X4.595 Y4.383
G0 X6.945 Y4.225
G0 X6.949 Y4.364
G1 F3600 X15.496 Y-4.183 E0.30152
G1 X15.566 Y-4.253
G0 F7200 X15.563 Y-4.042
G0 X18.451 Y-4.037
G0 X18.45 Y-4.178
G1 F3600 X22.835 Y0.208 E0.15471
G0 F7200 X22.832 Y-.205
G1 F3600 X18.511 Y4.116 E0.15243
G1 X18.441 Y4.186
G0 F7200 X18.444 Y3.976
G0 X15.451 Y4.001
G0 X15.452 Y4.138
G1 F3600 X6.935 Y-4.378 E0.30044
G1 X6.865 Y-4.448
G0 F7200 X6.846 Y-4.249
G0 X-.497 Y4.456
G0 X-.476 Y4.752
;TYPE:WALL-INNER
G1 F3600 X1.405 Y4.716 E0.04693
G1 X3.424 Y4.66 E0.05038
G1 X4.63 Y4.683 E0.03009
G1 X6.468 Y4.537 E0.04599
G1 X7.511 Y4.508 E0.02603
G1 X8.365 Y4.496 E0.02131
G1 X10 Y4.396 E0.04086
G1 X11.468 Y4.34 E0.03665
G1 X13.745 Y4.328 E0.0568
G1 X17.615 Y4.26 E0.09655
G1 X19.229 Y4.288 E0.04027
G1 X21.7 Y4.308 E0.06164
G1 X23.037 Y4.305 E0.03335
G1 X22.992 Y-0.036 E0.10829
G1 X22.988 Y-3.221 E0.07945
G1 X22.995 Y-4.354 E0.02826
G1 X21.767 Y-4.36 E0.03063
G1 X19.081 Y-4.348 E0.067
G1 X17.518 Y-4.324 E0.03899
G1 X16.952 Y-4.324 E0.01412
G1 X12.188 Y-4.384 E0.11885
G1 X10.638 Y-4.424 E0.03868
G1 X9.718 Y-4.428 E0.02295
G1 X8.146 Y-4.496 E0.03925
G1 X7.247 Y-4.51 E0.02243
G1 X5.633 Y-4.664 E0.04044
G1 X4.637 Y-4.672 E0.02485
G1 X3.35 Y-4.644 E0.03211
G1 X1.381 Y-4.728 E0.04916
G1 X-.481 Y-4.76 E0.04645
G1 X-1.862 Y-4.827 E0.03449
G1 X-4.848 Y-4.697 E0.07456
G1 X-6.364 Y-4.544 E0.03801
G1 X-7.547 Y-4.504 E0.02953
G1 X-8.457 Y-4.507 E0.0227
G1 X-10.003 Y-4.428 E0.03862
G1 X-11.513 Y-4.38 E0.03769
G1 X-12.397 Y-4.377 E0.02205
G1 X-13.586 Y-4.336 E0.02968
G1 X-14.932 Y-4.324 E0.03358
G1 X-19.02 Y-4.347 E0.10198
G1 X-23.095 Y-4.341 E0.10165
G1 X-23.104 Y-2.452 E0.04712
G1 X-23.064 Y-0.011 E0.0609
G1 X-23.084 Y2.449 E0.06137
G1 X-23.074 Y4.305 E0.0463
G1 X-20.583 Y4.312 E0.06214
G1 X-17.572 Y4.28 E0.07511
G1 X-13.531 Y4.36 E0.10082
G1 X-12.37 Y4.392 E0.02897
G1 X-11.347 Y4.396 E0.02552
G1 X-9.973 Y4.452 E0.0343
G1 X-9.057 Y4.461 E0.02285
G1 X-7.589 Y4.556 E0.0367
G1 X-6.509 Y4.598 E0.02696
G1 X-4.923 Y4.732 E0.0397
G1 X-3.636 Y4.744 E0.03211
G1 X-1.866 Y4.815 E0.04419
G1 X-.476 Y4.752 E0.03471
G0 F7200 X-.468 Y5.152
;TYPE:WALL-OUTER
G1 F1800 X1.416 Y5.116 E0.04701
G1 X3.416 Y5.06 E0.04991
G1 X4.642 Y5.083 E0.03059
G1 X6.51 Y4.936 E0.04674
G1 X7.517 Y4.908 E0.02513
G1 X8.38 Y4.896 E0.02153
G1 X10.016 Y4.796 E0.04089
G1 X11.47 Y4.74 E0.0363
G1 X13.752 Y4.728 E0.05693
G1 X17.608 Y4.66 E0.0962
G1 X19.226 Y4.688 E0.04037
G1 X21.7 Y4.708 E0.06172
G1 X23.441 Y4.704 E0.04343
G1 X23.392 Y-0.036 E0.11825
G1 X23.388 Y-3.218 E0.07938
G1 X23.398 Y-4.752 E0.03827
G1 X21.765 Y-4.76 E0.04074
G1 X19.075 Y-4.748 E0.0671
G1 X17.518 Y-4.724 E0.03884
G1 X16.957 Y-4.724 E0.01399
G1 X12.198 Y-4.784 E0.11872
G1 X10.644 Y-4.824 E0.03878
G1 X9.735 Y-4.828 E0.02268
G1 X8.158 Y-4.896 E0.03937
G1 X7.285 Y-4.908 E0.02178
G1 X5.653 Y-5.064 E0.0409
G1 X4.634 Y-5.072 E0.02542
G1 X3.367 Y-5.044 E0.03161
G1 X1.393 Y-5.128 E0.04929
G1 X-.462 Y-5.16 E0.04628
G1 X-1.861 Y-5.227 E0.03494
G1 X-4.877 Y-5.096 E0.07531
G1 X-6.389 Y-4.944 E0.03791
G1 X-7.545 Y-4.904 E0.02885
G1 X-8.467 Y-4.907 E0.023
G1 X-10.015 Y-4.828 E0.03867
G1 X-11.515 Y-4.78 E0.03744
G1 X-12.55 Y-4.774 E0.02582
G1 X-13.59 Y-4.736 E0.02596
G1 X-14.93 Y-4.724 E0.03343
G1 X-19.02 Y-4.747 E0.10203
G1 X-23.493 Y-4.74 E0.11158
G1 X-23.504 Y-2.446 E0.05722
G1 X-23.464 Y-0.014 E0.06067
G1 X-23.484 Y2.451 E0.06149
G1 X-23.472 Y4.704 E0.0562
G1 X-20.579 Y4.712 E0.07217
G1 X-17.58 Y4.68 E0.07481
G1 X-13.542 Y4.76 E0.10075
G1 X-12.376 Y4.792 E0.0291
G1 X-11.363 Y4.796 E0.02527
G1 X-9.983 Y4.852 E0.03445
G1 X-9.083 Y4.86 E0.02245
G1 X-7.609 Y4.956 E0.03685
G1 X-6.543 Y4.996 E0.02661
G1 X-4.942 Y5.132 E0.04008
G1 X-3.652 Y5.144 E0.03218
G1 X-1.865 Y5.215 E0.04461
G1 X-.468 Y5.152 E0.03488
G0 F7200 X-.268 Y5.149
G0 X-.286 Y4.15
;MESH:NONMESH
G0 F600 X-.286 Y4.15 Z19.1
G0 F7200 X4.524 Y-4.371
G0 X4.521 Y-4.521
;TIME_ELAPSED:1395.803683
;LAYER:126
;TYPE:FILL
;MESH:pi 3mm_deformed_tet (6).stl
G1 F3600 X-4.592 Y4.592 E0.32149
G1 X-4.662 Y4.662
G0 F7200 X-4.66 Y4.453
G0 X-6.875 Y4.295
G0 X-6.88 Y4.434
G1 F3600 X-9.165 Y2.149 E0.08061
G1 X-9.235 Y2.079
G0 F7200 X-9.072 Y2.024
G0 X-7.393 Y4.205
G0 X-11.868 Y4.221
G0 X-12.092 Y2.477
G0 X-11.553 Y0.105
G0 X-11.413 Y0.1
G1 F3600 X-15.474 Y4.161 E0.14326
G1 X-15.544 Y4.231
G0 F7200 X-15.54 Y4.022
G0 X-18.497 Y3.991
G0 X-18.496 Y4.132
G1 F3600 X-22.867 Y-.24 E0.15422
G0 F7200 X-22.864 Y0.237
G1 F3600 X-18.446 Y-4.181 E0.15586
G1 X-18.376 Y-4.251
G0 F7200 X-18.379 Y-4.039
G0 X-15.477 Y-4.026
G0 X-15.476 Y-4.163
G1 F3600 X-11.411 Y-0.098 E0.1434
G1 X-11.341 Y-0.028
G0 F7200 X-11.558 Y-0.02
G0 X-11.137 Y-2.78
G0 X-11.011 Y-4.227
G0 X-9.063 Y-4.307
G0 X-8.953 Y-2.647
G0 X-9.359 Y-1.955
G1 F3600 X-6.939 Y-4.375 E0.08537
G1 X-6.869 Y-4.445
G0 F7200 X-6.863 Y-4.239
G0 X-4.566 Y-4.435
G0 X-4.571 Y-4.571
G1 F3600 X4.537 Y4.537 E0.32131
G1 X4.607 Y4.607
G0 F7200 X4.61 Y4.399
G0 X5.133 Y-4.282
G0 X11.833 Y-4.22
G0 X12.15 Y-3.387
G0 X12.235 Y-2.527
G0 X12.195 Y-1.101
G0 X11.981 Y0.514
G0 X11.841 Y0.528
G1 F3600 X15.447 Y4.134 E0.12721
G1 X15.517 Y4.204
G0 F7200 X15.515 Y3.995
G0 X18.518 Y3.974
G0 X18.516 Y4.112
G1 F3600 X22.792 Y-.165 E0.15087
G0 F7200 X22.794 Y0.167
G1 F3600 X18.455 Y-4.173 E0.15309
G1 X18.385 Y-4.243
G0 F7200 X18.387 Y-4.032
G0 X15.492 Y-4.037
G0 X15.494 Y-4.18
G1 F3600 X12.107 Y-.793 E0.11949
G1 X12.037 Y-.723
G0 F7200 X12.209 Y-.659
G0 X12.235 Y-2.527
G0 X12.15 Y-3.387
G0 X11.833 Y-4.22
G0 X5.248 Y-4.512
G0 X-.67 Y4.484
G0 X-.652 Y4.78
;TYPE:WALL-INNER
G1 F3600 X1.331 Y4.742 E0.04948
G1 X3.608 Y4.68 E0.05682
G1 X4.634 Y4.699 E0.0256
G1 X6.632 Y4.541 E0.05
G1 X7.521 Y4.516 E0.02218
G1 X8.233 Y4.508 E0.01776
G1 X10.002 Y4.396 E0.04422
G1 X11.584 Y4.34 E0.03949
G1 X13.569 Y4.328 E0.04952
G1 X17.591 Y4.256 E0.10035
G1 X19.714 Y4.292 E0.05297
G1 X21.217 Y4.304 E0.03749
G1 X22.994 Y4.301 E0.04433
G1 X22.952 Y-0.035 E0.10817
G1 X22.948 Y-3.377 E0.08337
G1 X22.955 Y-4.354 E0.02437
G1 X21.274 Y-4.36 E0.04193
G1 X19.563 Y-4.352 E0.04268
G1 X17.508 Y-4.316 E0.05127
G1 X12.161 Y-4.38 E0.13339
G1 X10.431 Y-4.419 E0.04317
G1 X9.689 Y-4.424 E0.01851
G1 X7.999 Y-4.5 E0.0422
G1 X7.235 Y-4.51 E0.01906
G1 X5.496 Y-4.676 E0.04358
G1 X4.644 Y-4.684 E0.02125
G1 X3.53 Y-4.66 E0.0278
G1 X1.381 Y-4.752 E0.05366
G1 X-.671 Y-4.789 E0.0512
G1 X-1.866 Y-4.843 E0.02984
G1 X-3.719 Y-4.774 E0.04626
G1 X-4.866 Y-4.717 E0.02865
G1 X-6.536 Y-4.548 E0.04187
G1 X-7.534 Y-4.512 E0.02491
G1 X-8.338 Y-4.519 E0.02006
G1 X-10.004 Y-4.428 E0.04162
G1 X-11.642 Y-4.38 E0.04088
G1 X-12.524 Y-4.371 E0.022
G1 X-13.698 Y-4.332 E0.0293
G1 X-14.921 Y-4.32 E0.03051
G1 X-19.49 Y-4.347 E0.11398
G1 X-23.058 Y-4.337 E0.089
G1 X-23.064 Y-2.454 E0.04697
G1 X-23.023 Y-0.014 E0.06087
G1 X-23.043 Y2.449 E0.06144
G1 X-23.034 Y4.302 E0.04622
G1 X-20.542 Y4.316 E0.06216
G1 X-17.548 Y4.28 E0.07469
G1 X-13.635 Y4.356 E0.09763
G1 X-12.367 Y4.392 E0.03164
G1 X-11.47 Y4.392 E0.02238
G1 X-9.981 Y4.456 E0.03718
G1 X-9.201 Y4.461 E0.01946
G1 X-7.604 Y4.564 E0.03992
G1 X-6.677 Y4.601 E0.02314
G1 X-4.943 Y4.748 E0.04341
G1 X-3.82 Y4.76 E0.02801
G1 X-1.875 Y4.835 E0.04855
G1 X-.652 Y4.78 E0.03054
G0 F7200 X-.644 Y5.18
;TYPE:WALL-OUTER
G1 F1800 X1.339 Y5.142 E0.04948
G1 X3.6 Y5.08 E0.05642
G1 X4.646 Y5.099 E0.0261
G1 X6.674 Y4.94 E0.05074
G1 X7.525 Y4.916 E0.02124
G1 X8.248 Y4.908 E0.01804
G1 X10.016 Y4.796 E0.04419
G1 X11.586 Y4.74 E0.03919
G1 X13.576 Y4.728 E0.04964
G1 X17.584 Y4.656 E0.1
G1 X19.711 Y4.692 E0.05307
G1 X21.217 Y4.704 E0.03757
G1 X23.398 Y4.7 E0.05441
G1 X23.352 Y-0.035 E0.11812
G1 X23.348 Y-3.374 E0.08329
G1 X23.358 Y-4.752 E0.03438
G1 X21.272 Y-4.76 E0.05204
G1 X19.556 Y-4.752 E0.04281
G1 X17.51 Y-4.716 E0.05105
G1 X12.171 Y-4.78 E0.13319
G1 X10.433 Y-4.819 E0.04337
G1 X9.707 Y-4.824 E0.01811
G1 X8.01 Y-4.9 E0.04237
G1 X7.273 Y-4.908 E0.01839
G1 X5.517 Y-5.076 E0.044
G1 X4.642 Y-5.084 E0.02183
G1 X3.547 Y-5.06 E0.02732
G1 X1.393 Y-5.152 E0.05378
G1 X-.653 Y-5.189 E0.05105
G1 X-1.865 Y-5.243 E0.03026
G1 X-3.791 Y-5.171 E0.04808
G1 X-4.896 Y-5.116 E0.0276
G1 X-6.56 Y-4.948 E0.04172
G1 X-7.559 Y-4.912 E0.02494
G1 X-8.347 Y-4.919 E0.01966
G1 X-10.016 Y-4.828 E0.0417
G1 X-11.646 Y-4.78 E0.04068
G1 X-12.537 Y-4.771 E0.02223
G1 X-13.702 Y-4.732 E0.02908
G1 X-14.918 Y-4.72 E0.03033
G1 X-19.491 Y-4.747 E0.11408
G1 X-23.456 Y-4.736 E0.09891
G1 X-23.464 Y-2.448 E0.05707
G1 X-23.423 Y-0.013 E0.06075
G1 X-23.443 Y2.451 E0.06147
G1 X-23.432 Y4.7 E0.0561
G1 X-20.537 Y4.716 E0.07222
G1 X-17.556 Y4.68 E0.07437
G1 X-13.646 Y4.756 E0.09755
G1 X-12.373 Y4.792 E0.03177
G1 X-11.487 Y4.792 E0.0221
G1 X-9.991 Y4.856 E0.03735
G1 X-9.227 Y4.86 E0.01906
G1 X-7.625 Y4.964 E0.04005
G1 X-6.711 Y5 E0.02282
G1 X-4.962 Y5.148 E0.04378
G1 X-3.836 Y5.16 E0.02809
G1 X-1.873 Y5.235 E0.049
G1 X-.644 Y5.18 E0.03069
G0 F7200 X-.444 Y5.177
G0 X-.456 Y4.478
G0 X8.332 Y0.022
G0 X8.609 Y0.063
;TYPE:SKIN
G1 F1800 X8.597 Y-0.062 E0.00313
G1 X7.399 Y-1.896 E0.05464
G1 X7.19 Y-2.306 E0.01148
G1 X5.403 Y-4.301 E0.06681
G1 X7.2 Y-4.128 E0.04503
G1 X7.968 Y-4.119 E0.01916
G1 X9.671 Y-4.044 E0.04252
G1 X11.684 Y-4.01 E0.05022
G1 X11.935 Y-3.338 E0.01789
G1 X12.015 Y-2.525 E0.02038
G1 X11.965 Y-.807 E0.04287
G1 X11.648 Y0.042 E0.02261
G1 X11.755 Y1.045 E0.02516
G1 X11.657 Y2.517 E0.0368
G1 X11.413 Y3.508 E0.02546
G1 X11.399 Y3.963 E0.01136
G1 X9.988 Y4.016 E0.03522
G1 X8.236 Y4.127 E0.04379
G1 X7.517 Y4.136 E0.01794
G1 X6.564 Y4.163 E0.02378
G1 X7.113 Y2.696 E0.03907
G1 X7.493 Y2.784 E0.00973
G1 X7.648 Y2.713 E0.00425
G1 X8.108 Y1.061 E0.04278
G1 X8.609 Y0.063 E0.02786
G0 F7200 X8.332 Y0.022
G0 X7.238 Y1.986
G0 X6.541 Y3.428
G0 X6.989 Y3.595
G1 F1800 X7.338 Y3.944 E0.01231
G0 F7200 X7.893 Y3.934
G1 F1800 X7.143 Y3.183 E0.02648
G0 F7200 X7.509 Y2.983
G1 F1800 X8.439 Y3.913 E0.03281
G0 F7200 X8.97 Y3.879
G1 F1800 X7.833 Y2.741 E0.04013
G0 F7200 X7.968 Y2.311
G1 F1800 X9.502 Y3.845 E0.05412
G0 F7200 X10.036 Y3.813
G1 F1800 X8.091 Y1.868 E0.06862
G0 F7200 X8.214 Y1.426
G1 F1800 X10.581 Y3.793 E0.0835
G0 F7200 X11.126 Y3.772
G1 F1800 X8.359 Y1.005 E0.09761
G0 F7200 X8.548 Y0.629
G1 F1800 X11.251 Y3.332 E0.09536
G0 F7200 X11.363 Y2.878
G1 F1800 X8.737 Y0.252 E0.09264
G0 F7200 X8.545 Y-.506
G1 F1800 X11.464 Y2.413 E0.10298
G0 F7200 X11.5 Y1.883
G1 F1800 X7.519 Y-2.098 E0.14044
G1 X7.449 Y-2.168
G0 F7200 X7.05 Y-1.974
G0 X6.137 Y-3.135
G0 X7.388 Y-3.926
G1 F1800 X11.457 Y0.144 E0.14356
G0 F7200 X11.567 Y-.313
G1 F1800 X7.961 Y-3.919 E0.12721
G0 F7200 X8.552 Y-3.893
G1 F1800 X11.721 Y-.724 E0.1118
G0 F7200 X11.778 Y-1.233
G1 F1800 X9.144 Y-3.866 E0.0929
G0 F7200 X9.734 Y-3.842
G1 F1800 X11.794 Y-1.783 E0.07265
G0 F7200 X11.81 Y-2.332
G1 F1800 X10.31 Y-3.833 E0.05293
G0 F7200 X10.884 Y-3.823
G1 F1800 X11.774 Y-2.934 E0.03138
G0 F7200 X11.594 Y-3.68
G1 F1800 X11.46 Y-3.813 E0.00471
G0 F7200 X11.882 Y-4.137
G0 X12.235 Y-2.527
G0 X12.195 Y-1.101
G0 X12.004 Y0.727
G0 X11.525 Y0.777
G1 F1800 X6.781 Y-3.967 E0.16736
G0 F7200 X6.155 Y-4.028
G1 F1800 X11.534 Y1.352 E0.18978
G1 X11.604 Y1.422
G0 F7200 X12.009 Y1.449
G0 X12.185 Y-.767
G0 X12.235 Y-2.527
G0 X12.15 Y-3.387
G0 X11.833 Y-4.22
G0 X5.248 Y-4.512
G0 X-9.021 Y2.129
G0 X-9.235 Y2.304
G1 F1800 X-7.694 Y4.175 E0.06046
G1 X-9.175 Y4.08 E0.03702
G1 X-9.947 Y4.076 E0.01926
G1 X-11.682 Y3.999 E0.04332
G1 X-11.868 Y2.494 E0.03783
G1 X-11.264 Y0.502 E0.05192
G1 X-11.278 Y-0.046 E0.01367
G1 X-11.148 Y-.548 E0.01294
G1 X-10.946 Y-2.625 E0.05206
G1 X-10.916 Y-2.755 E0.00333
G1 X-10.815 Y-4.021 E0.03168
G1 X-9.993 Y-4.048 E0.02052
G1 X-9.256 Y-4.089 E0.01841
G1 X-9.173 Y-2.717 E0.03429
G1 X-9.512 Y-2.264 E0.01411
G1 X-9.389 Y-0.028 E0.05586
G1 X-9.347 Y2.091 E0.05287
G1 X-9.235 Y2.304 E0.006
G1 F4200 E-3.5
G1 F600 Z19.6
G0 F7200 X-8.771 Y1.939 Z19.6
G0 X-10.873 Y3.835
G1 F600 Z19.1
G1 F4200 E3.5
G1 F1800 X-11.589 Y3.118 E0.02528
G0 F7200 X-11.656 Y2.486
G1 F1800 X-10.281 Y3.861 E0.04851
G0 F7200 X-9.699 Y3.877
G1 F1800 X-11.525 Y2.051 E0.06442
G0 F7200 X-11.394 Y1.616
G1 F1800 X-9.129 Y3.881 E0.0799
G0 F7200 X-8.524 Y3.921
G1 F1800 X-11.264 Y1.182 E0.09664
G0 F7200 X-11.133 Y0.747
G1 F1800 X-9.11 Y2.769 E0.07135
G1 X-9.04 Y2.839
G0 F7200 X-8.679 Y2.543
G0 X-9.074 Y1.753
G0 X-9.553 Y1.761
G1 F1800 X-11.068 Y0.245 E0.05346
G0 F7200 X-11.015 Y-.267
G1 F1800 X-9.564 Y1.184 E0.05119
G0 F7200 X-9.576 Y0.607
G1 F1800 X-10.928 Y-.745 E0.0477
G0 F7200 X-10.878 Y-1.261
G1 F1800 X-9.587 Y0.03 E0.04554
G0 F7200 X-9.617 Y-.566
G1 F1800 X-10.828 Y-1.777 E0.04272
G0 F7200 X-10.778 Y-2.293
G1 F1800 X-9.65 Y-1.165 E0.03979
G0 F7200 X-9.682 Y-1.763
G1 F1800 X-10.713 Y-2.793 E0.03635
G0 F7200 X-10.671 Y-3.317
G1 F1800 X-9.689 Y-2.335 E0.03464
G0 F7200 X-9.467 Y-2.679
G1 F1800 X-10.616 Y-3.828 E0.04053
G0 F7200 X-10.068 Y-3.845
G1 F1800 X-9.4 Y-3.178 E0.02355
G0 F7200 X-9.436 Y-3.779
G1 F1800 X-9.53 Y-3.874 E0.00333
G1 F4200 E-3.5
G1 F600 Z19.6
;MESH:NONMESH
G0 F7200 X4.056 Y4.056 Z19.6
;TIME_ELAPSED:1415.649782
;LAYER:127
;MESH:pi 3mm_deformed_tet (6).stl
G0 X4.056 Y4.056 Z19.75
;TYPE:FILL
G1 F600 Z19.25
G1 F4200 E3.5
G1 F3600 X-4.588 Y-4.588 E0.30494
G1 X-4.658 Y-4.658
G0 F7200 X-4.65 Y-4.45
G0 X4.013 Y-4.015
G0 X4.113 Y-4.113
G1 F3600 X-4.608 Y4.608 E0.30766
G1 X-4.678 Y4.678
G0 F7200 X-4.675 Y4.469
G0 X-13.387 Y4.192
G0 X-13.803 Y2.344
G0 X-13.666 Y2.352
G1 F3600 X-15.471 Y4.157 E0.06368
G1 X-15.541 Y4.227
G0 F7200 X-15.536 Y4.018
G0 X-18.5 Y3.989
G0 X-18.499 Y4.129
G1 F3600 X-22.83 Y-.203 E0.15281
G0 F7200 X-22.828 Y0.201
G1 F3600 X-18.455 Y-4.173 E0.15429
G1 X-18.385 Y-4.243
G0 F7200 X-18.388 Y-4.034
G0 X-15.472 Y-4.022
G0 X-15.471 Y-4.157
G1 F3600 X-13.465 Y-2.151 E0.07077
G1 X-13.395 Y-2.081
G0 F7200 X-13.605 Y-2.087
G0 X-13.514 Y-4.165
G0 X-6.544 Y-4.401
G0 X5.353 Y-4.531
G0 X13.101 Y-4.19
G0 X13.577 Y-2.141
G0 X13.438 Y-2.124
G1 F3600 X15.483 Y-4.169 E0.07214
G1 X15.553 Y-4.239
G0 F7200 X15.55 Y-4.029
G0 X18.46 Y-4.03
G0 X18.459 Y-4.168
G1 F3600 X22.754 Y0.127 E0.15152
G0 F7200 X22.752 Y-.124
G1 F3600 X18.519 Y4.108 E0.14931
G1 X18.449 Y4.178
G0 F7200 X18.452 Y3.97
G0 X15.443 Y3.992
G0 X15.444 Y4.13
G1 F3600 X13.359 Y2.046 E0.07354
G1 X13.289 Y1.976
G0 F7200 X13.506 Y2.004
G0 X13.349 Y4.155
G0 X4.642 Y4.554
G0 X-.843 Y4.513
G0 X-.824 Y4.812
;TYPE:WALL-INNER
G1 F3600 X1.404 Y4.768 E0.05559
G1 X3.794 Y4.696 E0.05965
G1 X4.647 Y4.715 E0.02128
G1 X6.8 Y4.545 E0.05387
G1 X8.1 Y4.516 E0.03244
G1 X9.998 Y4.396 E0.04744
G1 X11.697 Y4.336 E0.04241
G1 X13.396 Y4.328 E0.04238
G1 X17.567 Y4.252 E0.10406
G1 X20.204 Y4.296 E0.06579
G1 X22.954 Y4.296 E0.0686
G1 X22.912 Y-0.035 E0.10804
G1 X22.914 Y-4.349 E0.10761
G1 X20.034 Y-4.356 E0.07184
G1 X17.473 Y-4.312 E0.06389
G1 X16.492 Y-4.316 E0.02447
G1 X12.124 Y-4.372 E0.10897
G1 X10.298 Y-4.42 E0.04557
G1 X9.661 Y-4.424 E0.01589
G1 X7.85 Y-4.504 E0.04522
G1 X7.223 Y-4.514 E0.01564
G1 X5.361 Y-4.692 E0.04666
G1 X4.653 Y-4.696 E0.01766
G1 X3.71 Y-4.676 E0.02353
G1 X1.382 Y-4.776 E0.05813
G1 X-.806 Y-4.812 E0.05459
G1 X-1.875 Y-4.863 E0.0267
G1 X-4.885 Y-4.737 E0.07515
G1 X-6.703 Y-4.552 E0.04558
G1 X-7.572 Y-4.524 E0.02169
G1 X-8.221 Y-4.527 E0.01619
G1 X-10.008 Y-4.432 E0.04464
G1 X-11.776 Y-4.376 E0.04413
G1 X-12.426 Y-4.373 E0.01621
G1 X-13.809 Y-4.328 E0.03452
G1 X-14.908 Y-4.316 E0.02742
G1 X-17.691 Y-4.324 E0.06942
G1 X-19.959 Y-4.347 E0.05658
G1 X-23.017 Y-4.337 E0.07628
G1 X-23.024 Y-2.451 E0.04705
G1 X-22.987 Y-0.014 E0.0608
G1 X-23.003 Y2.447 E0.06139
G1 X-22.994 Y4.299 E0.0462
G1 X-20.502 Y4.316 E0.06216
G1 X-17.519 Y4.276 E0.07442
G1 X-13.744 Y4.352 E0.09419
G1 X-12.366 Y4.388 E0.03439
G1 X-11.596 Y4.392 E0.01921
G1 X-9.994 Y4.456 E0.03999
G1 X-9.345 Y4.461 E0.01619
G1 X-7.621 Y4.572 E0.04309
G1 X-6.844 Y4.602 E0.0194
G1 X-4.958 Y4.764 E0.04722
G1 X-4.009 Y4.776 E0.02367
G1 X-1.882 Y4.855 E0.05309
G1 X-.824 Y4.812 E0.02641
G0 F7200 X-.816 Y5.212
;TYPE:WALL-OUTER
G1 F1800 X1.416 Y5.168 E0.05569
G1 X3.785 Y5.096 E0.05912
G1 X4.658 Y5.115 E0.02178
G1 X6.842 Y4.944 E0.05465
G1 X8.116 Y4.916 E0.03179
G1 X10.012 Y4.796 E0.04739
G1 X11.699 Y4.736 E0.04211
G1 X13.403 Y4.728 E0.04251
G1 X17.56 Y4.652 E0.10371
G1 X20.204 Y4.696 E0.06596
G1 X23.358 Y4.696 E0.07868
G1 X23.312 Y-0.035 E0.11802
G1 X23.308 Y-3.53 E0.08718
G1 X23.318 Y-4.748 E0.03038
G1 X20.027 Y-4.756 E0.08209
G1 X17.475 Y-4.712 E0.06367
G1 X16.497 Y-4.716 E0.0244
G1 X12.134 Y-4.772 E0.10884
G1 X10.304 Y-4.82 E0.04567
G1 X9.679 Y-4.824 E0.01559
G1 X7.862 Y-4.904 E0.04537
G1 X7.261 Y-4.912 E0.01499
G1 X5.381 Y-5.092 E0.04711
G1 X4.65 Y-5.096 E0.01824
G1 X3.727 Y-5.076 E0.02303
G1 X1.394 Y-5.176 E0.05825
G1 X-.787 Y-5.212 E0.05441
G1 X-1.873 Y-5.263 E0.02712
G1 X-4.913 Y-5.136 E0.0759
G1 X-6.729 Y-4.952 E0.04553
G1 X-7.57 Y-4.924 E0.02099
G1 X-8.231 Y-4.927 E0.01649
G1 X-10.021 Y-4.832 E0.04471
G1 X-11.778 Y-4.776 E0.04385
G1 X-12.561 Y-4.77 E0.01953
G1 X-13.813 Y-4.728 E0.03125
G1 X-14.906 Y-4.716 E0.02727
G1 X-17.687 Y-4.724 E0.06937
G1 X-19.96 Y-4.747 E0.0567
G1 X-23.416 Y-4.736 E0.08621
G1 X-23.424 Y-2.445 E0.05715
G1 X-23.387 Y-0.013 E0.06067
G1 X-23.403 Y2.449 E0.06142
G1 X-23.392 Y4.697 E0.05608
G1 X-20.497 Y4.716 E0.07222
G1 X-17.527 Y4.676 E0.07409
G1 X-12.372 Y4.788 E0.12862
G1 X-11.612 Y4.792 E0.01896
G1 X-10.003 Y4.856 E0.04017
G1 X-9.371 Y4.86 E0.01577
G1 X-7.641 Y4.972 E0.04325
G1 X-6.878 Y5 E0.01905
G1 X-4.978 Y5.164 E0.04757
G1 X-4.024 Y5.176 E0.0238
G1 X-1.881 Y5.255 E0.05349
G1 X-.816 Y5.212 E0.02659
G0 F7200 X-.616 Y5.209
G0 X-.628 Y4.507
G0 X5.59 Y3.219
G0 X5.674 Y3.483
;TYPE:SKIN
G1 F1800 X5.8 Y3.363 E0.00434
G1 X6.16 Y2.407 E0.02548
G1 X6.961 Y-0.026 E0.0639
G1 X6.052 Y-2.352 E0.0623
G1 X4.119 Y-4.304 E0.06853
G1 X4.655 Y-4.315 E0.01337
G1 X5.337 Y-4.311 E0.01701
G1 X7.188 Y-4.132 E0.04639
G1 X7.834 Y-4.124 E0.01612
G1 X9.643 Y-4.044 E0.04517
G1 X10.257 Y-4.04 E0.01532
G1 X12.93 Y-3.978 E0.0667
G1 X13.234 Y-2.577 E0.03576
G1 X13.324 Y-1.887 E0.01736
G1 X13.395 Y-0.025 E0.04648
G1 X13.237 Y1.894 E0.04803
G1 X13.109 Y2.857 E0.02423
G1 X13.134 Y3.948 E0.02722
G1 X11.695 Y3.956 E0.0359
G1 X9.984 Y4.016 E0.04271
G1 X8.083 Y4.136 E0.04752
G1 X6.783 Y4.164 E0.03244
G1 X4.63 Y4.332 E0.05387
G1 X3.97 Y4.318 E0.01647
G1 X4.463 Y3.877 E0.0165
G1 X5.674 Y3.483 E0.03177
G0 F7200 X5.564 Y3.209
G0 X4.174 Y3.374
G0 X3.337 Y4.209
G0 X4.642 Y4.554
G0 X13.349 Y4.155
G0 X12.923 Y3.482
G1 F1800 X12.654 Y3.751 E0.00949
G0 F7200 X12.085 Y3.754
G1 F1800 X12.912 Y2.927 E0.02917
G0 F7200 X12.982 Y2.291
G1 F1800 X11.51 Y3.763 E0.05193
G0 F7200 X10.924 Y3.784
G1 F1800 X13.056 Y1.652 E0.07521
G0 F7200 X13.107 Y1.035
G1 F1800 X10.338 Y3.804 E0.09768
G0 F7200 X9.745 Y3.831
G1 F1800 X13.158 Y0.419 E0.12039
G0 F7200 X13.189 Y-.178
G1 F1800 X9.141 Y3.869 E0.14279
G0 F7200 X8.538 Y3.907
G1 F1800 X13.168 Y-.723 E0.16334
G0 F7200 X13.147 Y-1.268
G1 F1800 X7.94 Y3.939 E0.18369
G0 F7200 X7.362 Y3.951
G1 F1800 X13.127 Y-1.813 E0.20336
G0 F7200 X13.066 Y-2.318
G1 F1800 X6.785 Y3.963 E0.22158
G0 F7200 X6.171 Y4.011
G1 F1800 X12.981 Y-2.799 E0.24024
G0 F7200 X12.88 Y-3.263
G1 F1800 X5.556 Y4.06 E0.25836
G0 F7200 X5.206 Y3.845
G1 F1800 X4.943 Y4.108 E0.00928
G0 F7200 X4.98 Y4.588
G0 X3.791 Y4.53
G0 X3.824 Y3.675
G0 X5.766 Y2.671
G0 X6.211 Y2.84
G1 F1800 X12.78 Y-3.729 E0.23174
G0 F7200 X12.278 Y-3.793
G1 F1800 X6.516 Y1.969 E0.20327
G1 X6.446 Y2.039
G0 F7200 X6.796 Y1.124
G1 F1800 X11.725 Y-3.806 E0.1739
G0 F7200 X11.172 Y-3.818
G1 F1800 X7.076 Y0.278 E0.1445
G0 F7200 X7.072 Y-.284
G1 F1800 X10.619 Y-3.831 E0.12513
G0 F7200 X10.064 Y-3.841
G1 F1800 X6.914 Y-.692 E0.11111
G0 F7200 X6.756 Y-1.099
G1 F1800 X9.506 Y-3.849 E0.09701
G0 F7200 X8.965 Y-3.874
G1 F1800 X6.597 Y-1.505 E0.08356
G0 F7200 X6.438 Y-1.913
G1 F1800 X8.423 Y-3.898 E0.07003
G0 F7200 X7.881 Y-3.922
G1 F1800 X6.28 Y-2.32 E0.0565
G0 F7200 X6.042 Y-2.648
G1 F1800 X7.325 Y-3.931 E0.04526
G0 F7200 X6.797 Y-3.969
G1 F1800 X5.761 Y-2.932 E0.03657
G0 F7200 X5.479 Y-3.217
G1 F1800 X6.282 Y-4.019 E0.02831
G0 F7200 X5.766 Y-4.069
G1 F1800 X5.198 Y-3.501 E0.02004
G0 F7200 X4.917 Y-3.785
G1 F1800 X5.243 Y-4.112 E0.01152
G0 F7200 X5.246 Y-4.592
G0 X3.909 Y-4.514
G0 X-7.383 Y2.42
G0 X-7.571 Y2.633
G1 F1800 X-6.609 Y3.206 E0.02793
G1 X-5.225 Y4.264 E0.04346
G1 X-5.26 Y4.352 E0.00236
G1 X-6.831 Y4.22 E0.03933
G1 X-7.592 Y4.192 E0.019
G1 X-9.322 Y4.08 E0.04325
G1 X-9.979 Y4.076 E0.01639
G1 X-11.58 Y4.012 E0.03997
G1 X-12.348 Y4.008 E0.01916
G1 X-13.214 Y3.984 E0.02161
G1 X-13.534 Y2.535 E0.03702
G1 X-13.421 Y0.498 E0.05089
G1 X-13.384 Y-0.013 E0.01278
G1 X-13.312 Y-2.469 E0.06129
G1 X-13.288 Y-2.793 E0.0081
G1 X-13.301 Y-3.962 E0.02916
G1 X-12.43 Y-3.992 E0.02174
G1 X-11.774 Y-3.996 E0.01636
G1 X-9.997 Y-4.052 E0.04435
G1 X-8.21 Y-4.144 E0.04464
G1 X-7.552 Y-4.143 E0.01641
G1 X-6.695 Y-4.171 E0.02139
G1 X-7.302 Y-3.566 E0.02138
G1 X-8.316 Y-2.383 E0.03887
G1 X-8.363 Y-2.279 E0.00285
G1 X-8.487 Y-1.351 E0.02335
G1 X-8.412 Y-0.012 E0.03345
G1 X-8.39 Y1.091 E0.02752
G1 X-7.789 Y2.354 E0.03489
G1 X-7.571 Y2.633 E0.00883
G0 F7200 X-7.385 Y2.421
G0 X-5.815 Y3.464
G0 X-6.105 Y3.842
G1 F1800 X-6.326 Y4.063 E0.0078
G0 F7200 X-6.791 Y3.963
G1 F1800 X-6.425 Y3.597 E0.01291
G0 F7200 X-6.749 Y3.355
G1 F1800 X-7.394 Y3.999 E0.02274
G0 F7200 X-7.929 Y3.97
G1 F1800 X-7.104 Y3.144 E0.02912
G0 F7200 X-7.458 Y2.932
G1 F1800 X-8.461 Y3.935 E0.03538
G0 F7200 X-8.992 Y3.901
G1 F1800 X-7.768 Y2.676 E0.0432
G0 F7200 X-8.012 Y2.355
G1 F1800 X-9.535 Y3.878 E0.05373
G0 F7200 X-10.094 Y3.871
G1 F1800 X-8.193 Y1.971 E0.06705
G0 F7200 X-8.376 Y1.587
G1 F1800 X-10.638 Y3.849 E0.0798
G0 F7200 X-11.181 Y3.828
G1 F1800 X-8.558 Y1.204 E0.09255
G0 F7200 X-8.598 Y0.679
G1 F1800 X-11.731 Y3.811 E0.11051
G0 F7200 X-12.294 Y3.808
G1 F1800 X-8.61 Y0.124 E0.12996
G0 F7200 X-8.637 Y-.414
G1 F1800 X-12.845 Y3.794 E0.14845
G0 F7200 X-13.116 Y3.499
G1 F1800 X-8.668 Y-.949 E0.15692
G0 F7200 X-8.667 Y-1.515
G1 F1800 X-13.219 Y3.036 E0.16057
G0 F7200 X-13.32 Y2.572
G1 F1800 X-8.579 Y-2.169 E0.16725
G1 X-8.509 Y-2.239
G0 F7200 X-8.096 Y-2.185
G0 X-7.242 Y-3.213
G0 X-7.704 Y-3.61
G1 F1800 X-13.304 Y1.99 E0.19756
G0 F7200 X-13.27 Y1.391
G1 F1800 X-7.92 Y-3.96 E0.18875
G0 F7200 X-7.703 Y-3.61
G1 F1800 X-7.371 Y-3.943 E0.01173
G0 F7200 X-7.386 Y-4.43
G0 X-8.541 Y-4.409
G0 X-8.516 Y-3.929
G1 F1800 X-13.237 Y0.792 E0.16655
G0 F7200 X-13.198 Y0.187
G1 F1800 X-9.113 Y-3.898 E0.14411
G0 F7200 X-9.71 Y-3.866
G1 F1800 X-13.173 Y-.404 E0.12215
G0 F7200 X-13.156 Y-.986
G1 F1800 X-10.3 Y-3.842 E0.10075
G0 F7200 X-10.884 Y-3.824
G1 F1800 X-13.138 Y-1.57 E0.07952
G0 F7200 X-13.12 Y-2.153
G1 F1800 X-11.468 Y-3.806 E0.0583
G0 F7200 X-12.045 Y-3.794
G1 F1800 X-13.091 Y-2.748 E0.0369
G0 F7200 X-13.094 Y-3.311
G1 F1800 X-12.62 Y-3.785 E0.01672
G0 F7200 X-12.635 Y-4.266
G0 X-13.798 Y-4.09
G0 X-13.743 Y4.114
G0 X-12.356 Y4.151
G0 X-9.355 Y4.223
G0 X-7.607 Y4.336
G0 X-6.792 Y3.963
G1 F1800 X-6.849 Y4.021 E0.00203
G1 F4200 E-3.5
G1 F600 Z19.75
;MESH:NONMESH
G0 F7200 X3.56 Y3.56 Z19.75
;TIME_ELAPSED:1440.344839
;LAYER:128
;MESH:pi 3mm_deformed_tet (6).stl
G0 X3.56 Y3.56 Z19.9
;TYPE:FILL
G1 F600 Z19.4
G1 F4200 E3.5
G1 F3600 X-3.972 Y-3.972 E0.26571
G1 X-4.042 Y-4.042
G0 F7200 X-3.988 Y-3.823
G0 X3.507 Y-3.501
G0 X3.603 Y-3.603
G1 F3600 X-3.793 Y3.793 E0.26091
G1 X-3.863 Y3.863
G0 F7200 X-3.803 Y3.646
G0 X-2.469 Y3.809
G0 X-2.875 Y4.667
G0 X-4.966 Y4.619
G0 X-14.209 Y4.172
G0 X-14.518 Y3.095
G0 X-14.381 Y3.067
G1 F3600 X-15.467 Y4.154 E0.03833
G1 X-15.537 Y4.224
G0 F7200 X-15.532 Y4.015
G0 X-18.502 Y3.988
G0 X-18.501 Y4.127
G1 F3600 X-22.789 Y-.162 E0.15129
G0 F7200 X-22.787 Y0.16
G1 F3600 X-18.459 Y-4.168 E0.15268
G1 X-18.389 Y-4.238
G0 F7200 X-18.392 Y-4.029
G0 X-15.47 Y-4.02
G0 X-15.469 Y-4.155
G1 F3600 X-14.223 Y-2.91 E0.04394
G1 X-14.153 Y-2.84
G0 F7200 X-14.367 Y-2.858
G0 X-14.245 Y-4.147
G0 X-3.897 Y-4.627
G0 X5.217 Y-4.543
G0 X13.925 Y-4.175
G0 X14.297 Y-2.877
G0 X14.161 Y-2.848
G1 F3600 X15.476 Y-4.163 E0.04639
G1 X15.546 Y-4.233
G0 F7200 X15.543 Y-4.023
G0 X18.464 Y-4.027
G0 X18.463 Y-4.164
G1 F3600 X22.709 Y0.082 E0.14979
G1 X22.708 Y-0.081
G1 X18.523 Y4.105 E0.14765
G1 X18.453 Y4.175
G0 F7200 X18.456 Y3.966
G0 X15.437 Y3.988
G0 X15.438 Y4.125
G1 F3600 X14.132 Y2.819 E0.04607
G1 X14.062 Y2.749
G0 F7200 X14.278 Y2.776
G0 X14.12 Y4.136
G0 X4.646 Y4.57
G0 X-1.016 Y4.541
G0 X-.997 Y4.84
;TYPE:WALL-INNER
G1 F3600 X1.402 Y4.792 E0.05986
G1 X3.978 Y4.716 E0.06429
G1 X4.651 Y4.731 E0.01679
G1 X6.984 Y4.548 E0.05838
G1 X7.97 Y4.528 E0.0246
G1 X9.997 Y4.4 E0.05066
G1 X11.812 Y4.332 E0.04531
G1 X13.22 Y4.324 E0.03512
G1 X17.538 Y4.248 E0.10773
G1 X20.461 Y4.296 E0.07292
G1 X22.913 Y4.292 E0.06117
G1 X22.868 Y-0.036 E0.10797
G1 X22.872 Y-4.346 E0.10751
G1 X20.38 Y-4.356 E0.06216
G1 X17.437 Y-4.308 E0.07342
G1 X16.259 Y-4.312 E0.02939
G1 X12.092 Y-4.368 E0.10396
G1 X10.132 Y-4.42 E0.04891
G1 X9.636 Y-4.42 E0.01237
G1 X7.703 Y-4.508 E0.04827
G1 X7.262 Y-4.511 E0.011
G1 X5.225 Y-4.704 E0.05104
G1 X4.661 Y-4.708 E0.01407
G1 X3.894 Y-4.692 E0.01914
G1 X1.381 Y-4.8 E0.06274
G1 X-.973 Y-4.84 E0.05873
G1 X-1.878 Y-4.883 E0.0226
G1 X-4.901 Y-4.757 E0.07547
G1 X-6.874 Y-4.556 E0.04947
G1 X-7.585 Y-4.532 E0.01775
G1 X-8.105 Y-4.535 E0.01297
G1 X-10.022 Y-4.432 E0.04789
G1 X-11.911 Y-4.376 E0.04714
G1 X-12.495 Y-4.372 E0.01457
G1 X-13.916 Y-4.324 E0.03547
G1 X-14.897 Y-4.312 E0.02447
G1 X-16.587 Y-4.323 E0.04216
G1 X-17.663 Y-4.32 E0.02684
G1 X-20.42 Y-4.347 E0.06878
G1 X-22.979 Y-4.335 E0.06384
G1 X-22.988 Y-2.448 E0.04707
G1 X-22.947 Y-0.014 E0.06072
G1 X-22.963 Y2.443 E0.06129
G1 X-22.954 Y4.299 E0.0463
G1 X-20.461 Y4.316 E0.06219
G1 X-17.495 Y4.272 E0.074
G1 X-13.851 Y4.348 E0.09092
G1 X-12.363 Y4.388 E0.03713
G1 X-11.718 Y4.388 E0.01609
G1 X-10.003 Y4.46 E0.04282
G1 X-9.488 Y4.461 E0.01285
G1 X-7.634 Y4.584 E0.04635
G1 X-7.012 Y4.606 E0.01553
G1 X-4.975 Y4.78 E0.051
G1 X-4.197 Y4.788 E0.01941
G1 X-1.889 Y4.875 E0.05761
G1 X-.997 Y4.84 E0.02227
G0 F7200 X-.989 Y5.24
;TYPE:WALL-OUTER
G1 F1800 X1.414 Y5.192 E0.05996
G1 X3.969 Y5.116 E0.06376
G1 X4.662 Y5.131 E0.01729
G1 X7.007 Y4.948 E0.05867
G1 X7.987 Y4.928 E0.02445
G1 X10.012 Y4.8 E0.05061
G1 X11.814 Y4.732 E0.04498
G1 X13.227 Y4.724 E0.03525
G1 X17.532 Y4.648 E0.10741
G1 X20.461 Y4.696 E0.07307
G1 X23.317 Y4.692 E0.07124
G1 X23.268 Y-0.036 E0.11795
G1 X23.274 Y-4.744 E0.11744
G1 X20.374 Y-4.756 E0.07234
G1 X17.439 Y-4.708 E0.07322
G1 X16.265 Y-4.712 E0.02929
G1 X12.102 Y-4.768 E0.10386
G1 X10.137 Y-4.82 E0.04903
G1 X9.654 Y-4.82 E0.01205
G1 X7.714 Y-4.908 E0.04844
G1 X7.248 Y-4.912 E0.01162
G1 X5.245 Y-5.104 E0.05019
G1 X4.658 Y-5.108 E0.01464
G1 X3.911 Y-5.092 E0.01864
G1 X1.393 Y-5.2 E0.06287
G1 X-.954 Y-5.24 E0.05855
G1 X-1.877 Y-5.283 E0.02305
G1 X-4.929 Y-5.156 E0.0762
G1 X-6.9 Y-4.956 E0.04942
G1 X-7.582 Y-4.932 E0.01702
G1 X-8.115 Y-4.935 E0.0133
G1 X-10.034 Y-4.832 E0.04794
G1 X-11.914 Y-4.776 E0.04692
G1 X-12.503 Y-4.772 E0.01469
G1 X-13.921 Y-4.724 E0.03539
G1 X-14.894 Y-4.712 E0.02427
G1 X-16.589 Y-4.723 E0.04228
G1 X-17.659 Y-4.72 E0.02669
G1 X-20.422 Y-4.747 E0.06893
G1 X-23.377 Y-4.733 E0.07371
G1 X-23.388 Y-2.442 E0.05715
G1 X-23.347 Y-0.013 E0.0606
G1 X-23.363 Y2.445 E0.06132
G1 X-23.352 Y4.697 E0.05618
G1 X-20.455 Y4.716 E0.07227
G1 X-17.503 Y4.672 E0.07365
G1 X-13.862 Y4.748 E0.09084
G1 X-12.369 Y4.788 E0.03726
G1 X-11.735 Y4.788 E0.01582
G1 X-10.011 Y4.86 E0.04304
G1 X-9.514 Y4.86 E0.0124
G1 X-7.654 Y4.984 E0.0465
G1 X-7.046 Y5.004 E0.01517
G1 X-4.994 Y5.18 E0.05138
G1 X-4.212 Y5.188 E0.01951
G1 X-1.889 Y5.275 E0.05799
G1 X-.989 Y5.24 E0.02247
G0 F7200 X-.789 Y5.237
G0 X-.801 Y4.535
G0 X-6.955 Y-2.183
G0 X-7.232 Y-2.203
;TYPE:SKIN
G1 F1800 X-7.288 Y-1.461 E0.01856
G1 X-7.452 Y-.186 E0.03207
G1 X-7.442 Y0.065 E0.00627
G1 X-7.299 Y0.383 E0.0087
G1 X-6.96 Y1.877 E0.03822
G1 X-6.579 Y2.325 E0.01467
G1 X-4.87 Y3.64 E0.05379
G1 X-3.006 Y4.155 E0.04824
G1 X-3.052 Y4.448 E0.0074
G1 X-4.18 Y4.408 E0.02816
G1 X-4.95 Y4.399 E0.01921
G1 X-6.978 Y4.224 E0.05078
G1 X-7.614 Y4.204 E0.01587
G1 X-9.462 Y4.08 E0.0462
G1 X-9.991 Y4.08 E0.0132
G1 X-11.703 Y4.008 E0.04274
G1 X-12.331 Y4.008 E0.01567
G1 X-14.038 Y3.964 E0.0426
G1 X-14.358 Y2.519 E0.03692
G1 X-14.289 Y1.312 E0.03016
G1 X-14.192 Y-0.021 E0.03334
G1 X-14.12 Y-2.46 E0.06087
G1 X-14.028 Y-3.53 E0.02679
G1 X-14.033 Y-3.945 E0.01035
G1 X-12.546 Y-3.991 E0.03711
G1 X-11.906 Y-3.996 E0.01597
G1 X-10.01 Y-4.052 E0.04732
G1 X-8.118 Y-4.151 E0.04726
G1 X-7.552 Y-4.152 E0.01412
G1 X-6.876 Y-4.176 E0.01687
G1 X-6.166 Y-4.246 E0.0178
G1 F1698.1 X-5.004 Y-4.338 E0.03082
G1 F1621.6 X-4.87 Y-4.357 E0.00375
G1 F1640.1 X-4.092 Y-4.389 E0.02132
G1 X-4.053 Y-4.116 E0.00755
G1 F1621.6 X-4.905 Y-3.903 E0.02432
G1 F1651.4 X-6.037 Y-3.463 E0.03302
G1 F1747.6 X-7.188 Y-2.315 E0.04177
G1 F1800 X-7.232 Y-2.203 E0.003
G0 F7200 X-6.955 Y-2.183
G0 X-4.992 Y-3.549
G0 X-5.169 Y-4.038
G1 F1800 X-5.23 Y-4.099 E0.00215
G0 F7200 X-5.569 Y-3.872
G1 F1800 X-5.766 Y-4.069 E0.00695
G0 F7200 X-5.969 Y-3.707
G1 F1800 X-6.295 Y-4.032 E0.01148
G0 F7200 X-6.807 Y-3.978
G1 F1800 X-6.306 Y-3.478 E0.01766
G0 F7200 X-6.589 Y-3.195
G1 F1800 X-7.352 Y-3.958 E0.02692
G0 F7200 X-7.911 Y-3.951
G1 F1800 X-6.872 Y-2.912 E0.03665
G0 F7200 X-7.155 Y-2.629
G1 F1800 X-8.458 Y-3.933 E0.04598
G0 F7200 X-8.996 Y-3.905
G1 F1800 X-7.396 Y-2.305 E0.05644
G0 F7200 X-7.462 Y-1.805
G1 F1800 X-9.533 Y-3.876 E0.07306
G0 F7200 X-10.073 Y-3.85
G1 F1800 X-7.511 Y-1.288 E0.09038
G0 F7200 X-7.575 Y-.787
G1 F1800 X-10.621 Y-3.833 E0.10746
G0 F7200 X-11.171 Y-3.817
G1 F1800 X-7.64 Y-.286 E0.12457
G0 F7200 X-7.502 Y0.417
G1 F1800 X-11.72 Y-3.801 E0.1488
G0 F7200 X-12.278 Y-3.793
G1 F1800 X-7.328 Y1.157 E0.17462
G0 F7200 X-7.162 Y1.889
G1 F1800 X-12.833 Y-3.782 E0.20006
G0 F7200 X-13.382 Y-3.765
G1 F1800 X-5.464 Y4.153 E0.27933
G0 F7200 X-4.851 Y4.2
G1 F1800 X-6.111 Y2.94 E0.04445
G1 X-6.181 Y2.87
G0 F7200 X-5.898 Y2.502
G0 X-5.127 Y3.156
G0 X-6.083 Y4.1
G1 F1800 X-13.819 Y-3.637 E0.27293
G0 F7200 X-13.864 Y-3.116
G1 F1800 X-6.701 Y4.047 E0.25269
G0 F7200 X-7.3 Y4.014
G1 F1800 X-13.908 Y-2.594 E0.23312
G0 F7200 X-13.932 Y-2.053
G1 F1800 X-7.896 Y3.984 E0.21295
G0 F7200 X-8.502 Y3.943
G1 F1800 X-13.948 Y-1.503 E0.19212
G0 F7200 X-13.965 Y-.955
G1 F1800 X-9.108 Y3.903 E0.17136
G0 F7200 X-9.697 Y3.88
G1 F1800 X-13.982 Y-.405 E0.15116
G0 F7200 X-14.004 Y0.139
G1 F1800 X-10.275 Y3.867 E0.13153
G0 F7200 X-10.865 Y3.842
G1 F1800 X-14.042 Y0.666 E0.11206
G0 F7200 X-14.08 Y1.194
G1 F1800 X-11.456 Y3.818 E0.09257
G0 F7200 X-12.031 Y3.808
G1 F1800 X-14.112 Y1.727 E0.07341
G0 F7200 X-14.144 Y2.261
G1 F1800 X-12.604 Y3.801 E0.05433
G0 F7200 X-13.185 Y3.786
G1 F1800 X-14.069 Y2.902 E0.03119
G0 F7200 X-13.907 Y3.63
G1 F1800 X-13.765 Y3.771 E0.00499
G0 F7200 X-14.298 Y4.1
G0 X-4.189 Y4.627
G0 X-2.875 Y4.667
G0 X-2.469 Y3.809
G0 X-4.422 Y3.475
G0 X-4.55 Y3.936
G1 F1800 X-4.279 Y4.207 E0.00956
G0 F7200 X-3.768 Y4.151
G1 F1800 X-3.695 Y4.224 E0.00258
G0 F7200 X-3.493 Y3.784
G0 X4.759 Y2.531
G0 X5.018 Y2.629
G1 F1800 X5.92 Y-0.026 E0.06995
G1 X5.381 Y-1.544 E0.04018
G1 X5.045 Y-2.402 E0.02299
G1 X4.447 Y-3.006 E0.0212
G1 X3.008 Y-4.35 E0.04912
G1 X3.875 Y-4.312 E0.02165
G1 X4.658 Y-4.327 E0.01954
G1 X5.201 Y-4.324 E0.01355
G1 X7.244 Y-4.128 E0.0512
G1 X7.691 Y-4.128 E0.01115
G1 X9.618 Y-4.04 E0.04812
G1 X10.125 Y-4.04 E0.01265
G1 X12.078 Y-3.988 E0.04874
G1 X13.774 Y-3.962 E0.04231
G1 X14.078 Y-2.561 E0.03576
G1 X14.284 Y-.999 E0.0393
G1 X14.319 Y-0.025 E0.02431
G1 X14.233 Y0.998 E0.02561
G1 X14.033 Y2.469 E0.03703
G1 X13.897 Y3.551 E0.0272
G1 X13.906 Y3.931 E0.00948
G1 X13.217 Y3.944 E0.01719
G1 X11.81 Y3.951 E0.0351
G1 X9.98 Y4.02 E0.04568
G1 X7.951 Y4.148 E0.05071
G1 X6.975 Y4.168 E0.02435
G1 X4.633 Y4.348 E0.05859
G1 X3.944 Y4.336 E0.01719
G1 X2.939 Y4.366 E0.02508
G1 X2.898 Y4.054 E0.00785
G1 X3.365 Y3.918 E0.01213
G1 X4.547 Y2.869 E0.03942
G1 X4.892 Y2.754 E0.00907
G1 X5.018 Y2.629 E0.00443
G0 F7200 X4.759 Y2.531
G0 X3.183 Y3.708
G0 X3.501 Y4.067
G1 F1800 X3.581 Y4.147 E0.00282
G0 F7200 X3.8 Y3.8
G1 F1800 X4.139 Y4.139 E0.01196
G0 F7200 X4.706 Y4.14
G1 F1800 X4.1 Y3.534 E0.02138
G0 F7200 X4.4 Y3.268
G1 F1800 X5.232 Y4.101 E0.02937
G0 F7200 X5.757 Y4.06
G1 F1800 X4.72 Y3.023 E0.03658
G0 F7200 X5.081 Y2.819
G1 F1800 X6.283 Y4.021 E0.0424
G0 F7200 X6.809 Y3.98
G1 F1800 X5.286 Y2.458 E0.05371
G0 F7200 X5.43 Y2.036
G1 F1800 X7.355 Y3.961 E0.06791
G0 F7200 X7.908 Y3.948
G1 F1800 X5.573 Y1.614 E0.08236
G0 F7200 X5.717 Y1.191
G1 F1800 X8.441 Y3.915 E0.0961
G0 F7200 X8.973 Y3.882
G1 F1800 X5.861 Y0.769 E0.1098
G0 F7200 X6.004 Y0.347
G1 F1800 X9.506 Y3.849 E0.12354
G0 F7200 X10.04 Y3.817
G1 F1800 X6.095 Y-.128 E0.13917
G1 X6.025 Y-.198
G0 F7200 X5.784 Y-1.004
G1 F1800 X10.585 Y3.796 E0.16935
G0 F7200 X11.13 Y3.776
G1 F1800 X5.457 Y-1.897 E0.20013
G1 X5.387 Y-1.967
G0 F7200 X4.979 Y-1.809
G0 X2.415 Y-4.208
G0 X5.57 Y-4.57
G0 X5.525 Y-4.092
G1 F1800 X13.354 Y3.738 E0.27621
G0 F7200 X13.7 Y3.518
G1 F1800 X6.15 Y-4.032 E0.26635
G0 F7200 X6.776 Y-3.972
G1 F1800 X13.764 Y3.016 E0.24652
G0 F7200 X13.827 Y2.513
G1 F1800 X7.386 Y-3.928 E0.22722
G0 F7200 X7.964 Y-3.915
G1 F1800 X13.894 Y2.015 E0.2092
G0 F7200 X13.961 Y1.516
G1 F1800 X8.557 Y-3.888 E0.19064
G0 F7200 X9.15 Y-3.861
G1 F1800 X14.029 Y1.018 E0.17212
G0 F7200 X14.075 Y0.499
G1 F1800 X9.736 Y-3.84 E0.15307
G0 F7200 X10.307 Y-3.835
G1 F1800 X14.12 Y-0.023 E0.1345
G0 F7200 X14.099 Y-.609
G1 F1800 X10.889 Y-3.819 E0.11324
G0 F7200 X11.47 Y-3.804
G1 F1800 X14.054 Y-1.22 E0.09116
G0 F7200 X13.968 Y-1.871
G1 F1800 X12.051 Y-3.788 E0.06763
G0 F7200 X12.625 Y-3.779
G1 F1800 X13.881 Y-2.524 E0.04429
G0 F7200 X13.725 Y-3.246
G1 F1800 X13.2 Y-3.77 E0.0185
G0 F7200 X13.968 Y-4.094
G0 X14.296 Y-2.598
G0 X14.504 Y-1.023
G0 X14.535 Y-.207
G0 X14.141 Y4.06
G0 X12.794 Y3.743
G1 F1800 X4.925 Y-4.126 E0.2776
G0 F7200 X4.365 Y-4.12
G1 F1800 X12.232 Y3.747 E0.27753
G0 F7200 X11.676 Y3.756
G1 F1800 X3.809 Y-4.11 E0.27751
G1 X3.739 Y-4.18
;MESH:NONMESH
G0 F600 X3.739 Y-4.18 Z19.55
G0 F7200 X3.197 Y-3.858
G0 X3.062 Y3.062
;TIME_ELAPSED:1468.317596
;LAYER:129
;TYPE:FILL
;MESH:pi 3mm_deformed_tet (6).stl
G1 F3600 X-3.3 Y-3.3 E0.22444
G1 X-3.37 Y-3.37
G0 F7200 X-3.282 Y-3.156
G0 X3.004 Y-2.998
G0 X3.1 Y-3.1
G1 F3600 X-3.211 Y3.211 E0.22264
G1 X-3.281 Y3.281
G1 F4200 E-3.5
G1 F600 Z20.05
G0 F7200 X-3.065 Y2.794 Z20.05
G0 X-15.02 Y3.707
G1 F600 Z19.55
G1 F4200 E3.5
G1 F3600 X-15.464 Y4.15 E0.01565
G0 F7200 X-15.461 Y4.014
G0 X-18.507 Y3.984
G0 X-18.506 Y4.121
G1 F3600 X-22.749 Y-.122 E0.14968
G0 F7200 X-22.748 Y0.12
G1 F3600 X-18.466 Y-4.161 E0.15104
G1 X-18.396 Y-4.231
G0 F7200 X-18.399 Y-4.024
G0 X-15.469 Y-4.017
G0 X-15.468 Y-4.154
G1 F3600 X-14.962 Y-3.648 E0.01785
G0 F7200 X-15.101 Y-3.66
G0 X-1.887 Y-4.743
G0 X4.971 Y-4.566
G0 X14.679 Y-4.159
G0 X14.806 Y-3.492
G1 F3600 X15.47 Y-4.156 E0.02342
G1 X15.54 Y-4.226
G0 F7200 X15.537 Y-4.016
G0 X18.467 Y-4.023
G0 X18.466 Y-4.161
G1 F3600 X22.67 Y0.042 E0.14829
G1 X22.668 Y-0.04
G1 X18.525 Y4.102 E0.14614
G1 X18.455 Y4.172
G0 F7200 X18.458 Y3.963
G0 X15.433 Y3.983
G0 X15.434 Y4.12
G1 F3600 X14.911 Y3.598 E0.01843
G0 F7200 X15.05 Y3.615
G0 X4.124 Y4.576
G0 X-1.899 Y4.739
G0 X-14.969 Y4.151
G0 X-1.173 Y4.868
;TYPE:WALL-INNER
G1 F3600 X1.328 Y4.818 E0.0624
G1 X4.162 Y4.736 E0.07072
G1 X4.659 Y4.747 E0.0124
G1 X7.129 Y4.553 E0.0618
G1 X7.838 Y4.536 E0.01769
G1 X9.997 Y4.4 E0.05396
G1 X11.978 Y4.327 E0.04945
G1 X13.051 Y4.324 E0.02677
G1 X17.511 Y4.244 E0.11127
G1 X20.112 Y4.288 E0.06489
G1 X22.873 Y4.288 E0.06887
G1 X22.828 Y-0.039 E0.10794
G1 X22.827 Y-4.342 E0.10734
G1 X20.344 Y-4.352 E0.06194
G1 X17.402 Y-4.304 E0.0734
G1 X16.027 Y-4.308 E0.0343
G1 X11.847 Y-4.368 E0.10428
G1 X9.609 Y-4.42 E0.05584
G1 X7.558 Y-4.511 E0.05121
G1 X7.203 Y-4.514 E0.00886
G1 X4.978 Y-4.727 E0.05576
G1 X4.074 Y-4.708 E0.02256
G1 X1.377 Y-4.824 E0.06734
G1 X-1.169 Y-4.869 E0.06352
G1 X-1.886 Y-4.903 E0.01791
G1 X-4.917 Y-4.777 E0.07567
G1 X-7.047 Y-4.56 E0.05341
G1 X-7.592 Y-4.544 E0.0136
G1 X-7.988 Y-4.544 E0.00988
G1 X-10.037 Y-4.436 E0.05118
G1 X-12.042 Y-4.372 E0.05004
G1 X-12.553 Y-4.367 E0.01275
G1 X-14.03 Y-4.32 E0.03686
G1 X-14.884 Y-4.312 E0.0213
G1 X-16.36 Y-4.319 E0.03682
G1 X-17.635 Y-4.312 E0.03181
G1 X-20.487 Y-4.343 E0.07115
G1 X-22.942 Y-4.334 E0.06124
G1 X-22.948 Y-2.446 E0.0471
G1 X-22.907 Y-0.007 E0.06085
G1 X-22.927 Y2.446 E0.06119
G1 X-22.915 Y4.296 E0.04615
G1 X-20.716 Y4.312 E0.05486
G1 X-17.467 Y4.268 E0.08105
G1 X-13.955 Y4.34 E0.08763
G1 X-12.357 Y4.384 E0.03988
G1 X-11.844 Y4.388 E0.0128
G1 X-10.008 Y4.46 E0.04583
G1 X-9.633 Y4.465 E0.00936
G1 X-7.649 Y4.592 E0.04959
G1 X-7.185 Y4.61 E0.01158
G1 X-4.994 Y4.796 E0.05485
G1 X-4.385 Y4.804 E0.01519
G1 X-1.898 Y4.899 E0.06208
G1 X-1.173 Y4.868 E0.0181
G0 F7200 X-1.165 Y5.268
;TYPE:WALL-OUTER
G1 F1800 X1.336 Y5.218 E0.0624
G1 X4.153 Y5.136 E0.0703
G1 X4.67 Y5.147 E0.0129
G1 X7.171 Y4.952 E0.06258
G1 X7.855 Y4.936 E0.01707
G1 X10.012 Y4.8 E0.05391
G1 X11.98 Y4.727 E0.04913
G1 X13.058 Y4.724 E0.02689
G1 X17.504 Y4.644 E0.11092
G1 X20.112 Y4.688 E0.06507
G1 X23.277 Y4.688 E0.07895
G1 X23.228 Y-0.039 E0.11792
G1 X23.23 Y-4.74 E0.11727
G1 X20.338 Y-4.752 E0.07214
G1 X17.403 Y-4.704 E0.07322
G1 X16.033 Y-4.708 E0.03417
G1 X11.856 Y-4.768 E0.10421
G1 X9.627 Y-4.82 E0.05562
G1 X7.567 Y-4.911 E0.05144
G1 X7.241 Y-4.912 E0.00813
G1 X4.992 Y-5.127 E0.05636
G1 X4.091 Y-5.108 E0.02248
G1 X1.389 Y-5.224 E0.06746
G1 X-1.15 Y-5.269 E0.06335
G1 X-1.885 Y-5.303 E0.01835
G1 X-4.945 Y-5.176 E0.0764
G1 X-7.073 Y-4.96 E0.05336
G1 X-7.592 Y-4.944 E0.01295
G1 X-7.998 Y-4.944 E0.01013
G1 X-10.05 Y-4.836 E0.05126
G1 X-12.046 Y-4.772 E0.04982
G1 X-12.565 Y-4.767 E0.01295
G1 X-14.034 Y-4.72 E0.03666
G1 X-14.882 Y-4.712 E0.02115
G1 X-16.362 Y-4.719 E0.03692
G1 X-17.631 Y-4.712 E0.03166
G1 X-20.489 Y-4.743 E0.0713
G1 X-23.34 Y-4.732 E0.07112
G1 X-23.348 Y-2.44 E0.05717
G1 X-23.307 Y-0.01 E0.06063
G1 X-23.327 Y2.448 E0.06132
G1 X-23.313 Y4.693 E0.056
G1 X-20.711 Y4.712 E0.06491
G1 X-17.475 Y4.668 E0.08073
G1 X-13.966 Y4.74 E0.08755
G1 X-12.364 Y4.784 E0.03998
G1 X-11.86 Y4.788 E0.01257
G1 X-10.018 Y4.86 E0.04598
G1 X-9.659 Y4.864 E0.00896
G1 X-7.669 Y4.992 E0.04974
G1 X-7.219 Y5.008 E0.01123
G1 X-5.014 Y5.196 E0.0552
G1 X-4.4 Y5.204 E0.01532
G1 X-1.897 Y5.299 E0.06248
G1 X-1.165 Y5.268 E0.01828
G0 F7200 X-.965 Y5.265
G1 F4200 E-3.5
G0 F7200 X-.596 Y4.757
G0 X1.324 Y4.618
G0 X1.423 Y3.606
G0 X4.576 Y-0.019
G0 X4.869 Y-0.017
;TYPE:SKIN
G1 F4200 E3.5
G1 F1800 X3.999 Y-2.448 E0.06441
G1 F1698.1 X2.834 Y-3.536 E0.04215
G1 F1528.7 X1.48 Y-3.901 E0.04119
G1 F1457.5 X0.048 Y-3.926 E0.04412
G1 F1555.1 X-1.839 Y-4.076 E0.05466
G1 F1730.8 X-3.836 Y-3.226 E0.05631
G1 F1800 X-4.93 Y-2.946 E0.02817
G1 X-5.326 Y-2.806 E0.01048
G1 X-5.79 Y-2.342 E0.01637
G1 X-6.515 Y-1.563 E0.02655
G1 X-6.626 Y-0.029 E0.03837
G1 X-6.324 Y1.318 E0.03444
G1 X-5.287 Y2.419 E0.03773
G1 X-4.917 Y2.706 E0.01168
G1 X-4.34 Y2.865 E0.01493
G1 F1714.3 X-3.093 Y3.434 E0.0359
G1 F1565.2 X-1.846 Y4.003 E0.03932
G1 F1440 X-0.039 Y3.885 E0.05646
G1 F1384.6 X1.472 Y3.859 E0.04901
G1 F1469.4 X2.783 Y3.492 E0.0416
G1 F1674.4 X4.03 Y2.389 E0.04464
G1 F1800 X4.348 Y1.526 E0.02294
G1 X4.869 Y-0.017 E0.04063
G1 F4200 E-3.5
G1 F600 Z20.05
G0 F7200 X4.261 Y-0.011 Z20.05
G0 X-0.015 Y4.404
G1 F600 Z19.55
G1 F4200 E3.5
G1 F1469.4 X-2.005 Y4.482 E0.06086
G1 F1674.4 X-4.97 Y4.416 E0.07953
G1 F1800 X-7.15 Y4.228 E0.05458
G1 X-7.626 Y4.212 E0.01188
G1 X-9.607 Y4.084 E0.04952
G1 X-9.995 Y4.08 E0.00968
G1 X-11.828 Y4.008 E0.04576
G1 X-12.327 Y4.004 E0.01245
G1 X-14.807 Y3.939 E0.06189
G1 X-15.185 Y2.591 E0.03492
G1 X-14.996 Y-0.025 E0.06543
G1 X-14.924 Y-2.448 E0.06047
G1 X-14.796 Y-3.933 E0.03718
G1 X-14.026 Y-3.94 E0.01921
G1 X-10.025 Y-4.056 E0.09985
G1 X-7.974 Y-4.164 E0.05123
G1 X-7.592 Y-4.164 E0.00953
G1 X-7.04 Y-4.18 E0.01378
G1 X-4.861 Y-4.398 E0.05463
G1 F1730.8 X-1.865 Y-4.508 E0.07778
G1 F1647.6 X-1.182 Y-4.468 E0.01865
G1 F1541.8 X0.056 Y-4.42 E0.03608
G1 F1457.5 X1.546 Y-4.388 E0.04591
G1 F1607.1 X2.89 Y-4.378 E0.03755
G1 F1800 X4.059 Y-4.328 E0.02919
G1 X4.96 Y-4.343 E0.02248
G1 X7.213 Y-4.132 E0.05645
G1 X7.546 Y-4.128 E0.00831
G1 X9.591 Y-4.04 E0.05106
G1 X11.835 Y-3.988 E0.05599
G1 X14.518 Y-3.946 E0.06694
G1 X14.903 Y-2.673 E0.03318
G1 X15.25 Y-0.025 E0.06662
G1 X14.909 Y2.452 E0.06237
G1 X14.73 Y3.914 E0.03674
G1 X13.058 Y3.943 E0.04171
G1 X11.976 Y3.943 E0.02699
G1 X9.98 Y4.02 E0.04983
G1 X7.815 Y4.156 E0.05411
G1 X7.111 Y4.172 E0.01757
G1 X4.641 Y4.364 E0.0618
G1 X4.128 Y4.356 E0.0128
G1 X2.842 Y4.393 E0.03209
G1 F1565.2 X1.543 Y4.37 E0.03727
G1 F1384.6 X-0.015 Y4.404 E0.05054
G0 F7200 X-0.01 Y4.745
G0 X14.917 Y4.12
G0 X14.381 Y3.721
G1 F1800 X14.576 Y3.526 E0.00688
G0 F7200 X14.655 Y2.881
G1 F1800 X13.806 Y3.73 E0.02995
G0 F7200 X13.231 Y3.74
G1 F1800 X14.738 Y2.233 E0.05316
G0 F7200 X14.827 Y1.578
G1 F1800 X12.662 Y3.743 E0.07638
G0 F7200 X12.096 Y3.743
G1 F1800 X14.917 Y0.922 E0.09952
G0 F7200 X15.008 Y0.266
G1 F1800 X11.512 Y3.761 E0.12331
G0 F7200 X10.924 Y3.784
G1 F1800 X15.011 Y-.303 E0.14418
G0 F7200 X14.946 Y-.804
G1 F1800 X10.336 Y3.806 E0.16263
G0 F7200 X9.742 Y3.835
G1 F1800 X14.88 Y-1.304 E0.18127
G0 F7200 X14.815 Y-1.804
G1 F1800 X9.138 Y3.873 E0.20027
G0 F7200 X8.534 Y3.911
G1 F1800 X14.75 Y-2.304 E0.21927
G0 F7200 X14.661 Y-2.782
G1 F1800 X7.931 Y3.948 E0.23742
G0 F7200 X7.347 Y3.967
G1 F1800 X14.53 Y-3.216 E0.2534
G0 F7200 X14.398 Y-3.65
G1 F1800 X6.748 Y4 E0.26987
G0 F7200 X6.135 Y4.047
G1 F1800 X13.938 Y-3.755 E0.27525
G0 F7200 X13.381 Y-3.764
G1 F1800 X5.521 Y4.096 E0.27728
G0 F7200 X4.908 Y4.143
G1 F1800 X12.824 Y-3.773 E0.27926
G0 F7200 X12.267 Y-3.782
G1 F1800 X4.326 Y4.159 E0.28014
G0 F7200 X3.752 Y4.168
G1 F1800 X11.71 Y-3.791 E0.28076
G0 F7200 X11.158 Y-3.804
G1 F1800 X3.169 Y4.185 E0.28183
G0 F7200 X2.609 Y4.179
G1 F1800 X10.605 Y-3.817 E0.28208
G0 F7200 X10.052 Y-3.83
G1 F1800 X4.483 Y1.739 E0.19646
G1 X4.413 Y1.809
G0 F7200 X4.777 Y0.88
G1 F1800 X9.501 Y-3.844 E0.16665
G0 F7200 X8.958 Y-3.867
G1 F1800 X5.056 Y0.035 E0.13765
G0 F7200 X4.942 Y-.416
G1 F1800 X8.416 Y-3.891 E0.12257
G0 F7200 X7.874 Y-3.914
G1 F1800 X4.792 Y-.832 E0.10873
G0 F7200 X4.643 Y-1.249
G1 F1800 X7.326 Y-3.932 E0.09465
G0 F7200 X6.799 Y-3.97
G1 F1800 X4.493 Y-1.665 E0.08133
G0 F7200 X4.343 Y-2.08
G1 F1800 X6.281 Y-4.018 E0.06837
G0 F7200 X5.764 Y-4.067
G1 F1800 X4.194 Y-2.497 E0.05539
G0 F7200 X3.921 Y-2.79
G1 F1800 X5.247 Y-4.115 E0.04676
G0 F7200 X4.705 Y-4.139
G1 F1800 X3.629 Y-3.063 E0.03796
G0 F7200 X3.337 Y-3.337
G1 F1800 X4.13 Y-4.13 E0.02798
G0 F7200 X3.582 Y-4.148
G1 F1800 X3.044 Y-3.61 E0.01898
G0 F7200 X2.664 Y-3.795
G1 F1800 X3.04 Y-4.171 E0.01326
G0 F7200 X2.47 Y-4.167
G1 F1800 X2.231 Y-3.928 E0.00843
G0 F7200 X1.889 Y-4.152
G1 F1800 X1.799 Y-4.062 E0.00317
G1 F4200 E-3.5
G0 F7200 X1.674 Y-3.524
G0 X-1.794 Y-3.866
G0 X-1.887 Y-4.703
G0 X-2.513 Y-4.275
G1 F4200 E3.5
G1 F1800 X-2.971 Y-3.817 E0.01616
G0 F7200 X-3.095 Y-4.259
G1 F1800 X-3.951 Y-3.403 E0.0302
G0 F7200 X-4.711 Y-3.209
G1 F1800 X-3.678 Y-4.242 E0.03644
G0 F7200 X-4.262 Y-4.223
G1 F1800 X-12.29 Y3.805 E0.28321
G0 F7200 X-12.842 Y3.791
G1 F1800 X-4.854 Y-4.197 E0.2818
G0 F7200 X-5.481 Y-4.136
G1 F1800 X-13.393 Y3.777 E0.27913
G0 F7200 X-13.945 Y3.763
G1 F1800 X-6.109 Y-4.073 E0.27644
G0 F7200 X-6.738 Y-4.01
G1 F1800 X-14.496 Y3.748 E0.27368
G0 F7200 X-14.742 Y3.429
G1 F1800 X-7.342 Y-3.972 E0.26107
G0 F7200 X-7.915 Y-3.964
G1 F1800 X-14.866 Y2.987 E0.24522
G0 F7200 X-14.981 Y2.536
G1 F1800 X-8.509 Y-3.936 E0.22832
G0 F7200 X-9.106 Y-3.905
G1 F1800 X-14.937 Y1.926 E0.2057
G0 F7200 X-14.893 Y1.317
G1 F1800 X-9.704 Y-3.873 E0.18307
G0 F7200 X-10.294 Y-3.848
G1 F1800 X-14.849 Y0.707 E0.16069
G0 F7200 X-14.805 Y0.098
G1 F1800 X-10.877 Y-3.831 E0.13859
G0 F7200 X-11.459 Y-3.815
G1 F1800 X-14.782 Y-.491 E0.11725
G0 F7200 X-14.764 Y-1.075
G1 F1800 X-12.041 Y-3.798 E0.09606
G0 F7200 X-12.624 Y-3.781
G1 F1800 X-14.747 Y-1.658 E0.07489
G0 F7200 X-14.729 Y-2.242
G1 F1800 X-13.207 Y-3.764 E0.05369
G0 F7200 X-13.789 Y-3.747
G1 F1800 X-14.688 Y-2.848 E0.03171
G0 F7200 X-14.634 Y-3.468
G1 F1800 X-14.365 Y-3.737 E0.00949
G0 F7200 X-15.089 Y-3.8
G0 X-15.409 Y2.611
G0 X-15.01 Y4.071
G0 X-11.732 Y3.812
G1 F1800 X-6.743 Y-1.177 E0.176
G0 F7200 X-6.786 Y-.568
G1 F1800 X-11.188 Y3.834 E0.15529
G0 F7200 X-10.643 Y3.855
G1 F1800 X-6.817 Y0.029 E0.13497
G0 F7200 X-6.714 Y0.491
G1 F1800 X-10.099 Y3.876 E0.11942
G0 F7200 X-9.544 Y3.887
G1 F1800 X-6.611 Y0.954 E0.10347
G0 F7200 X-6.486 Y1.395
G1 F1800 X-9.013 Y3.922 E0.08915
G0 F7200 X-8.482 Y3.956
G1 F1800 X-6.232 Y1.707 E0.07936
G0 F7200 X-5.957 Y1.998
G1 F1800 X-7.951 Y3.991 E0.07033
G0 F7200 X-7.414 Y4.02
G1 F1800 X-5.682 Y2.288 E0.0611
G0 F7200 X-5.407 Y2.579
G1 F1800 X-6.879 Y4.051 E0.05193
G0 F7200 X-6.359 Y4.096
G1 F1800 X-5.073 Y2.81 E0.04537
G0 F7200 X-4.676 Y2.979
G1 F1800 X-5.838 Y4.141 E0.04099
G0 F7200 X-5.317 Y4.185
G1 F1800 X-4.256 Y3.125 E0.03741
G0 F7200 X-3.87 Y3.304
G1 F1800 X-4.784 Y4.219 E0.03226
G0 F7200 X-4.225 Y4.225
G1 F1800 X-3.485 Y3.485 E0.02611
G0 F7200 X-3.099 Y3.665
G1 F1800 X-3.666 Y4.232 E0.02
G0 F7200 X-3.108 Y4.239
G1 F1800 X-2.714 Y3.845 E0.0139
G0 F7200 X-2.329 Y4.026
G1 F1800 X-2.549 Y4.246 E0.00776
G0 F7200 X-15.059 Y4.084
G0 X-1.899 Y4.739
G0 X2.092 Y4.695
G0 X2.077 Y4.145
G1 F1800 X2.397 Y3.825 E0.01129
G0 F7200 X2.218 Y3.034
;MESH:NONMESH
G0 F600 X2.218 Y3.034 Z19.7
G0 F7200 X2.565 Y2.565
;TIME_ELAPSED:1501.120345
;LAYER:130
;TYPE:FILL
;MESH:pi 3mm_deformed_tet (6).stl
G1 F3600 X-2.833 Y-2.833 E0.19043
G1 X-2.903 Y-2.903
G0 F7200 X-2.815 Y-2.689
G0 X2.499 Y-2.493
G0 X2.596 Y-2.596
G1 F3600 X-2.764 Y2.764 E0.18909
G1 X-2.834 Y2.834
G1 F4200 E-3.5
G1 F600 Z20.2
G0 F7200 X-2.619 Y2.347 Z20.2
G0 X-18.505 Y4.122
G1 F600 Z19.7
G1 F4200 E3.5
G1 F3600 X-22.709 Y-0.082 E0.14831
G1 X-22.709 Y0.081
G1 X-18.47 Y-4.158 E0.14954
G1 X-18.4 Y-4.228
G0 F7200 X-18.403 Y-4.018
G0 X-1.895 Y-4.763
G0 X4.951 Y-4.57
G0 X15.388 Y-4.141
G0 X15.344 Y-4.03
G1 F3600 X15.459 Y-4.145 E0.00406
G0 F7200 X15.457 Y-4.01
G0 X18.471 Y-4.019
G0 X18.47 Y-4.158
G1 F3600 X22.629 Y0.001 E0.14672
G1 X22.628 Y-0.001
G1 X18.53 Y4.098 E0.14459
G1 X18.46 Y4.168
G0 F7200 X18.463 Y3.96
G0 X7.281 Y4.477
G0 X-1.535 Y4.804
G0 X-1.345 Y4.896
;TYPE:WALL-INNER
G1 F3600 X1.328 Y4.842 E0.06669
G1 X4.339 Y4.756 E0.07514
G1 X4.664 Y4.759 E0.00811
G1 X7.321 Y4.556 E0.06647
G1 X7.703 Y4.544 E0.00953
G1 X9.994 Y4.4 E0.05726
G1 X12.044 Y4.328 E0.05117
G1 X12.872 Y4.324 E0.02065
G1 X17.487 Y4.24 E0.11514
G1 X19.857 Y4.28 E0.05913
G1 X22.833 Y4.283 E0.07424
G1 X22.788 Y-0.041 E0.10787
G1 X22.791 Y-4.338 E0.10719
G1 X21.156 Y-4.347 E0.04079
G1 X19.808 Y-4.34 E0.03363
G1 X17.366 Y-4.3 E0.06092
G1 X15.799 Y-4.304 E0.03909
G1 X11.981 Y-4.357 E0.09525
G1 X9.582 Y-4.416 E0.05986
G1 X7.186 Y-4.518 E0.05982
G1 X4.958 Y-4.731 E0.05583
G1 X4.254 Y-4.724 E0.01756
G1 X1.377 Y-4.848 E0.07183
G1 X-1.335 Y-4.896 E0.06766
G1 X-1.894 Y-4.923 E0.01396
G1 X-4.936 Y-4.797 E0.07595
G1 X-7.215 Y-4.564 E0.05715
G1 X-7.866 Y-4.552 E0.01624
G1 X-10.037 Y-4.436 E0.05423
G1 X-12.558 Y-4.367 E0.06291
G1 X-14.144 Y-4.312 E0.03959
G1 X-17.607 Y-4.308 E0.08638
G1 X-20.451 Y-4.339 E0.07095
G1 X-22.902 Y-4.33 E0.06114
G1 X-22.908 Y-2.442 E0.0471
G1 X-22.868 Y-0.007 E0.06075
G1 X-22.888 Y2.442 E0.06109
G1 X-22.875 Y4.295 E0.04622
G1 X-21.004 Y4.308 E0.04667
G1 X-20 Y4.304 E0.02505
G1 X-17.443 Y4.268 E0.06379
G1 X-14.063 Y4.336 E0.08433
G1 X-12.359 Y4.384 E0.04252
G1 X-11.967 Y4.384 E0.00978
G1 X-10.023 Y4.464 E0.04853
G1 X-9.777 Y4.465 E0.00614
G1 X-7.374 Y4.612 E0.06006
G1 X-5.012 Y4.812 E0.05913
G1 X-4.568 Y4.816 E0.01108
G1 X-1.905 Y4.919 E0.06648
G1 X-1.345 Y4.896 E0.01398
G0 F7200 X-1.337 Y5.296
;TYPE:WALL-OUTER
G1 F1800 X1.336 Y5.242 E0.06669
G1 X4.335 Y5.156 E0.07484
G1 X4.677 Y5.159 E0.00853
G1 X7.333 Y4.956 E0.06645
G1 X7.722 Y4.944 E0.00971
G1 X10.008 Y4.8 E0.05714
G1 X12.046 Y4.728 E0.05087
G1 X12.879 Y4.724 E0.02078
G1 X17.48 Y4.64 E0.11479
G1 X19.857 Y4.68 E0.0593
G1 X23.237 Y4.683 E0.08431
G1 X23.188 Y-0.041 E0.11785
G1 X23.191 Y-4.736 E0.11712
G1 X21.154 Y-4.747 E0.05081
G1 X19.802 Y-4.74 E0.03373
G1 X17.367 Y-4.7 E0.06075
G1 X15.805 Y-4.704 E0.03896
G1 X11.991 Y-4.757 E0.09515
G1 X9.599 Y-4.816 E0.05969
G1 X7.224 Y-4.916 E0.0593
G1 X4.975 Y-5.131 E0.05636
G1 X4.271 Y-5.124 E0.01756
G1 X1.389 Y-5.248 E0.07196
G1 X-1.317 Y-5.296 E0.06751
G1 X-1.893 Y-5.323 E0.01438
G1 X-4.965 Y-5.196 E0.0767
G1 X-7.244 Y-4.964 E0.05714
G1 X-7.88 Y-4.952 E0.01587
G1 X-10.049 Y-4.836 E0.05418
G1 X-12.572 Y-4.767 E0.06296
G1 X-14.146 Y-4.712 E0.03929
G1 X-17.603 Y-4.708 E0.08624
G1 X-20.453 Y-4.739 E0.0711
G1 X-23.3 Y-4.728 E0.07102
G1 X-23.308 Y-2.436 E0.05717
G1 X-23.268 Y-0.01 E0.06053
G1 X-23.288 Y2.444 E0.06122
G1 X-23.273 Y4.693 E0.0561
G1 X-21.002 Y4.708 E0.05665
G1 X-19.994 Y4.704 E0.02514
G1 X-17.451 Y4.668 E0.06344
G1 X-14.074 Y4.736 E0.08426
G1 X-12.365 Y4.784 E0.04265
G1 X-11.983 Y4.784 E0.00953
G1 X-10.031 Y4.864 E0.04873
G1 X-9.803 Y4.864 E0.00569
G1 X-7.685 Y5 E0.05294
G1 X-7.387 Y5.012 E0.00744
G1 X-5.03 Y5.212 E0.05901
G1 X-4.584 Y5.216 E0.01113
G1 X-1.905 Y5.319 E0.06688
G1 X-1.337 Y5.296 E0.01418
G0 F7200 X-1.138 Y5.292
G0 X-.95 Y4.787
G0 X-5.003 Y4.651
G0 X-15.694 Y4.135
G0 X-16.435 Y2.53
G0 X-15.752 Y-4.139
G0 X-.669 Y-4.784
G0 X-.681 Y-4.1
;TYPE:SKIN
G1 F1782.2 X1.032 Y-4.07 E0.04316
G1 F1786.6 X0.982 Y-3.668 E0.01018
G1 F1782.2 X-.688 Y-3.695 E0.04208
G1 F1836.7 X-1.481 Y-3.759 E0.01945
G1 F1899.7 X-1.563 Y-4.13 E0.00898
G1 F1836.7 X-.681 Y-4.1 E0.02157
G1 F4200 E-3.5
G0 F7200 X-.669 Y-4.784
G0 X1.371 Y-4.648
G0 X1.5 Y-3.064
G0 X3.585 Y-0.012
G0 X3.875 Y0.007
G1 F4200 E3.5
G1 F1800 X3.87 Y-0.07 E0.00192
G1 X3.664 Y-.389 E0.00947
G1 X2.888 Y-2.514 E0.05643
G1 X2.269 Y-3.092 E0.02113
G1 X1.545 Y-3.256 E0.01852
G1 X-.728 Y-3.292 E0.05671
G1 X-1.828 Y-3.404 E0.02758
G1 X-4.462 Y-2.301 E0.07123
G1 X-5.803 Y-.853 E0.04923
G1 X-5.862 Y-0.024 E0.02073
G1 X-5.7 Y0.702 E0.01856
G1 X-4.776 Y1.687 E0.03369
G1 X-4.446 Y2.061 E0.01244
G1 X-3.978 Y2.383 E0.01417
G1 X-1.836 Y3.324 E0.05836
G1 X-.79 Y3.244 E0.02617
G1 X1.533 Y3.208 E0.05795
G1 X2.231 Y3.047 E0.01787
G1 X2.883 Y2.468 E0.02175
G1 X3.647 Y0.37 E0.0557
G1 X3.875 Y0.007 E0.01069
G1 F4200 E-3.5
G0 F7200 X3.585 Y-0.012
G0 X1.494 Y3.015
G0 X1.54 Y4.636
G0 X1.319 Y4.46
G1 F4200 E3.5
G1 F1800 X-1.349 Y4.516 E0.06657
G1 X-1.903 Y4.536 E0.01383
G1 X-4.552 Y4.436 E0.06613
G1 X-4.986 Y4.432 E0.01083
G1 X-7.318 Y4.232 E0.05839
G1 X-9.755 Y4.084 E0.0609
G1 X-10.011 Y4.083 E0.00639
G1 X-11.951 Y4.004 E0.04843
G1 X-12.353 Y4.004 E0.01003
G1 X-15.523 Y3.923 E0.0791
G1 X-15.853 Y2.485 E0.0368
G1 X-15.672 Y0.188 E0.05748
G1 X-15.648 Y-2.444 E0.06566
G1 X-15.556 Y-3.928 E0.03709
G1 X-14.143 Y-3.932 E0.03525
G1 X-10.045 Y-4.055 E0.10227
G1 X-7.848 Y-4.172 E0.05488
G1 X-7.187 Y-4.184 E0.01649
G1 X-4.901 Y-4.416 E0.05732
G1 X-1.893 Y-4.54 E0.0751
G1 X-1.349 Y-4.516 E0.01358
G1 X1.355 Y-4.468 E0.06746
G1 X4.235 Y-4.344 E0.07191
G1 X4.935 Y-4.347 E0.01746
G1 X7.153 Y-4.136 E0.05558
G1 X9.563 Y-4.036 E0.06017
G1 X11.971 Y-3.976 E0.06009
G1 X15.218 Y-3.93 E0.081
G1 X15.546 Y-2.595 E0.03429
G1 X15.67 Y-2.011 E0.01489
G1 X15.902 Y-0.029 E0.04978
G1 X15.662 Y1.963 E0.05005
G1 X15.552 Y2.503 E0.01375
G1 X15.488 Y3.895 E0.03476
G1 X12.88 Y3.944 E0.06507
G1 X12.043 Y3.948 E0.02088
G1 X9.98 Y4.02 E0.05149
G1 X7.682 Y4.164 E0.05744
G1 X7.313 Y4.176 E0.00921
G1 X4.644 Y4.376 E0.06677
G1 X4.344 Y4.376 E0.00748
G1 X1.319 Y4.46 E0.07549
G0 F7200 X1.326 Y4.741
G0 X15.691 Y4.101
G0 X16.487 Y-0.029
G0 X16.292 Y-1.703
G0 X15.477 Y-4.071
G0 X14.934 Y-3.734
G1 F1800 X15.103 Y-3.565 E0.00596
G0 F7200 X14.36 Y-3.742
G1 F1800 X15.287 Y-2.815 E0.0327
G0 F7200 X15.45 Y-2.087
G1 F1800 X13.786 Y-3.75 E0.05868
G0 F7200 X13.212 Y-3.758
G1 F1800 X15.536 Y-1.435 E0.08197
G0 F7200 X15.612 Y-.793
G1 F1800 X12.639 Y-3.766 E0.10488
G0 F7200 X12.065 Y-3.775
G1 F1800 X15.687 Y-.152 E0.12779
G0 F7200 X15.653 Y0.379
G1 F1800 X11.486 Y-3.787 E0.14698
G0 F7200 X10.906 Y-3.802
G1 F1800 X15.591 Y0.883 E0.16528
G0 F7200 X15.53 Y1.388
G1 F1800 X10.326 Y-3.816 E0.18359
G0 F7200 X9.745 Y-3.831
G1 F1800 X15.469 Y1.892 E0.20191
G0 F7200 X15.376 Y2.365
G1 F1800 X9.158 Y-3.852 E0.21934
G0 F7200 X8.569 Y-3.876
G1 F1800 X15.336 Y2.891 E0.23872
G0 F7200 X15.309 Y3.429
G1 F1800 X7.978 Y-3.901 E0.2586
G0 F7200 X7.388 Y-3.926
G1 F1800 X15.018 Y3.704 E0.26917
G0 F7200 X14.462 Y3.714
G1 F1800 X6.778 Y-3.97 E0.27107
G0 F7200 X6.153 Y-4.03
G1 F1800 X13.907 Y3.724 E0.27354
G0 F7200 X13.352 Y3.735
G1 F1800 X5.527 Y-4.089 E0.27603
G0 F7200 X4.904 Y-4.146
G1 F1800 X12.795 Y3.744 E0.27836
G0 F7200 X12.232 Y3.746
G1 F1800 X4.342 Y-4.144 E0.27834
G0 F7200 X3.756 Y-4.163
G1 F1800 X11.679 Y3.76 E0.27951
G0 F7200 X11.133 Y3.779
G1 F1800 X3.165 Y-4.189 E0.28109
G0 F7200 X2.575 Y-4.214
G1 F1800 X10.586 Y3.798 E0.28263
G0 F7200 X10.04 Y3.817
G1 F1800 X1.982 Y-4.241 E0.28427
G0 F7200 X1.391 Y-4.266
G1 F1800 X2.577 Y-3.08 E0.04184
G0 F7200 X3.044 Y-2.613
G1 F1800 X9.506 Y3.849 E0.22796
G0 F7200 X8.973 Y3.882
G1 F1800 X3.402 Y-1.689 E0.19653
G1 X3.332 Y-1.759
G0 F7200 X2.921 Y-1.609
G0 X3.279 Y-.634
G0 X3.727 Y-.798
G1 F1800 X8.441 Y3.915 E0.16628
G0 F7200 X7.909 Y3.949
G1 F1800 X4.055 Y0.095 E0.13596
G0 F7200 X3.838 Y0.444
G1 F1800 X7.368 Y3.974 E0.12453
G0 F7200 X6.839 Y4.011
G1 F1800 X3.683 Y0.855 E0.11134
G0 F7200 X3.532 Y1.269
G1 F1800 X6.313 Y4.05 E0.09811
G0 F7200 X5.787 Y4.09
G1 F1800 X3.381 Y1.684 E0.08488
G0 F7200 X3.23 Y2.099
G1 F1800 X5.26 Y4.129 E0.07161
G0 F7200 X4.734 Y4.168
G1 F1800 X3.075 Y2.509 E0.05853
G0 F7200 X2.805 Y2.805
G1 F1800 X4.18 Y4.18 E0.04851
G0 F7200 X3.63 Y4.195
G1 F1800 X2.506 Y3.072 E0.03963
G0 F7200 X2.143 Y3.274
G1 F1800 X3.079 Y4.211 E0.03304
G0 F7200 X2.529 Y4.226
G1 F1800 X1.682 Y3.379 E0.02988
G0 F7200 X1.154 Y3.417
G1 F1800 X1.978 Y4.241 E0.02907
G0 F7200 X1.428 Y4.256
G1 F1800 X0.597 Y3.425 E0.02932
G0 F7200 X0.039 Y3.433
G1 F1800 X0.875 Y4.269 E0.02949
G0 F7200 X0.32 Y4.28
G1 F1800 X-.518 Y3.441 E0.02958
G0 F7200 X-1.059 Y3.467
G1 F1800 X-.233 Y4.292 E0.02912
G0 F7200 X-.787 Y4.304
G1 F1800 X-1.583 Y3.509 E0.02806
G0 F7200 X-2.333 Y3.324
G1 F1800 X-1.341 Y4.315 E0.03498
G0 F7200 X-1.887 Y4.335
G1 F1800 X-3.342 Y2.881 E0.05131
G1 X-3.412 Y2.811
G1 F4200 E-3.5
G0 F7200 X-3.232 Y2.405
G0 X-2.842 Y4.701
G0 X-3.65 Y4.27
G1 F4200 E3.5
G1 F1800 X-11.724 Y-3.804 E0.28483
G0 F7200 X-12.273 Y-3.788
G1 F1800 X-4.238 Y4.247 E0.28346
G0 F7200 X-4.818 Y4.233
G1 F1800 X-12.823 Y-3.772 E0.2824
G0 F7200 X-13.371 Y-3.755
G1 F1800 X-5.424 Y4.193 E0.28037
G0 F7200 X-6.042 Y4.141
G1 F1800 X-13.921 Y-3.738 E0.27795
G0 F7200 X-14.479 Y-3.731
G1 F1800 X-6.66 Y4.088 E0.27584
G0 F7200 X-7.278 Y4.035
G1 F1800 X-15.042 Y-3.729 E0.2739
G0 F7200 X-15.382 Y-3.503
G1 F1800 X-7.881 Y3.998 E0.26462
G0 F7200 X-8.485 Y3.961
G1 F1800 X-15.416 Y-2.971 E0.24453
G0 F7200 X-15.448 Y-2.437
G1 F1800 X-9.087 Y3.924 E0.2244
G0 F7200 X-9.689 Y3.887
G1 F1800 X-15.454 Y-1.877 E0.20336
G0 F7200 X-15.459 Y-1.317
G1 F1800 X-10.27 Y3.872 E0.18306
G0 F7200 X-10.86 Y3.848
G1 F1800 X-15.464 Y-.757 E0.16244
G0 F7200 X-15.469 Y-.196
G1 F1800 X-11.449 Y3.824 E0.14182
G0 F7200 X-12.035 Y3.804
G1 F1800 X-15.485 Y0.354 E0.12171
G0 F7200 X-15.526 Y0.879
G1 F1800 X-12.608 Y3.797 E0.10294
G0 F7200 X-13.188 Y3.782
G1 F1800 X-15.567 Y1.404 E0.08391
G0 F7200 X-15.609 Y1.928
G1 F1800 X-13.769 Y3.767 E0.06489
G0 F7200 X-14.35 Y3.752
G1 F1800 X-15.65 Y2.452 E0.04586
G0 F7200 X-15.488 Y3.179
G1 F1800 X-14.931 Y3.736 E0.01965
G0 F7200 X-15.781 Y4.063
G0 X-16.435 Y2.53
G0 X-15.752 Y-4.139
G0 X-10.792 Y-4.315
G0 X-11.174 Y-3.82
G1 F1800 X-3.062 Y4.291 E0.28616
G0 F7200 X-2.474 Y4.314
G1 F1800 X-10.626 Y-3.837 E0.28757
G0 F7200 X-10.076 Y-3.854
G1 F1800 X-6.013 Y0.21 E0.14335
G0 F7200 X-6.034 Y-.377
G1 F1800 X-9.538 Y-3.881 E0.12361
G0 F7200 X-9.001 Y-3.91
G1 F1800 X-5.981 Y-.89 E0.10654
G0 F7200 X-5.74 Y-1.214
G1 F1800 X-8.464 Y-3.939 E0.09611
G0 F7200 X-7.927 Y-3.967
G1 F1800 X-5.467 Y-1.507 E0.08678
G0 F7200 X-5.194 Y-1.8
G1 F1800 X-7.375 Y-3.981 E0.07694
G0 F7200 X-6.846 Y-4.018
G1 F1800 X-4.92 Y-2.092 E0.06794
G0 F7200 X-4.658 Y-2.395
G1 F1800 X-6.332 Y-4.069 E0.05905
G0 F7200 X-5.819 Y-4.122
G1 F1800 X-4.288 Y-2.591 E0.05401
G0 F7200 X-3.889 Y-2.758
G1 F1800 X-5.305 Y-4.173 E0.04994
G0 F7200 X-4.784 Y-4.219
G1 F1800 X-3.49 Y-2.925 E0.04565
G0 F7200 X-3.092 Y-3.092
G1 F1800 X-4.241 Y-4.241 E0.04053
G0 F7200 X-3.698 Y-4.264
G1 F1800 X-2.693 Y-3.259 E0.03545
G0 F7200 X-2.295 Y-3.426
G1 F1800 X-3.156 Y-4.287 E0.03037
G0 F7200 X-2.613 Y-4.31
G1 F1800 X-1.896 Y-3.593 E0.02529
G0 F7200 X-1.727 Y-3.989
G1 F1800 X-2.07 Y-4.333 E0.01212
G0 F7200 X-2.089 Y-4.815
G0 X15.388 Y-4.141
G0 X1.211 Y-3.88
G1 F1800 X1.655 Y-3.437 E0.01565
G0 F7200 X1.48 Y-2.679
;MESH:NONMESH
G0 F600 X1.48 Y-2.679 Z19.85
G0 F7200 X1.85 Y1.85
;TIME_ELAPSED:1537.457869
;LAYER:131
;TYPE:FILL
;MESH:pi 3mm_deformed_tet (6).stl
G1 F3600 X-2.365 Y-2.365 E0.1487
G1 X-2.435 Y-2.435
G0 F7200 X-2.346 Y-2.22
G0 X1.75 Y-1.834
G0 X1.881 Y-1.881
G1 F3600 X-2.316 Y2.316 E0.14806
G1 X-2.386 Y2.386
G1 F4200 E-3.5
G1 F600 Z20.35
G0 F7200 X-2.17 Y1.9 Z20.35
G0 X-18.509 Y4.119
G1 F600 Z19.85
G1 F4200 E3.5
G1 F3600 X-22.668 Y-0.04 E0.14672
G1 X-22.667 Y0.04
G1 X-18.476 Y-4.151 E0.14785
G1 X-18.406 Y-4.221
G0 F7200 X-18.407 Y-4.012
G0 X-1.899 Y-4.779
G0 X1.908 Y-4.668
G0 X18.474 Y-4.016
G0 X18.473 Y-4.154
G1 F3600 X22.592 Y-0.035 E0.14531
G1 X22.591 Y0.036
G1 X18.533 Y4.095 E0.14317
G1 X18.463 Y4.165
G0 F7200 X18.466 Y3.957
G0 X7.285 Y4.49
G0 X-1.682 Y4.831
G0 X-1.517 Y4.924
;TYPE:WALL-INNER
G1 F3600 X1.394 Y4.864 E0.07263
G1 X4.668 Y4.776 E0.0817
G1 X7.466 Y4.561 E0.07
G1 X9.993 Y4.404 E0.06316
G1 X12.155 Y4.324 E0.05397
G1 X17.463 Y4.236 E0.13243
G1 X19.593 Y4.272 E0.05314
G1 X22.789 Y4.284 E0.07973
G1 X22.752 Y0.585 E0.09228
G1 X22.748 Y-4.338 E0.1228
G1 X21.491 Y-4.344 E0.03136
G1 X19.544 Y-4.332 E0.04857
G1 X17.33 Y-4.296 E0.05524
G1 X15.567 Y-4.3 E0.04398
G1 X11.996 Y-4.352 E0.08909
G1 X9.597 Y-4.412 E0.05986
G1 X7.174 Y-4.518 E0.0605
G1 X4.822 Y-4.743 E0.05894
G1 X4.438 Y-4.74 E0.00958
G1 X1.378 Y-4.872 E0.0764
G1 X-1.495 Y-4.92 E0.07168
G1 X-1.899 Y-4.939 E0.01009
G1 X-4.953 Y-4.817 E0.07624
G1 X-7.387 Y-4.568 E0.06103
G1 X-7.749 Y-4.56 E0.00903
G1 X-10.049 Y-4.44 E0.05745
G1 X-14.251 Y-4.308 E0.10487
G1 X-17.581 Y-4.304 E0.08307
G1 X-21.473 Y-4.335 E0.09709
G1 X-22.861 Y-4.33 E0.03462
G1 X-22.868 Y-2.442 E0.0471
G1 X-22.827 Y-0.007 E0.06075
G1 X-22.848 Y2.442 E0.06109
G1 X-22.835 Y4.292 E0.04615
G1 X-21.419 Y4.304 E0.03532
G1 X-19.737 Y4.296 E0.04196
G1 X-17.41 Y4.264 E0.05805
G1 X-12.089 Y4.384 E0.13277
G1 X-9.917 Y4.465 E0.05422
G1 X-7.521 Y4.618 E0.05989
G1 X-5.026 Y4.828 E0.06246
G1 X-1.913 Y4.939 E0.0777
G1 X-1.517 Y4.924 E0.00989
G0 F7200 X-1.682 Y4.831
G0 X1.368 Y4.764
G0 X1.405 Y5.264
;TYPE:WALL-OUTER
G1 F1800 X4.684 Y5.176 E0.08182
G1 X7.491 Y4.96 E0.07023
G1 X10.008 Y4.804 E0.06291
G1 X12.158 Y4.724 E0.05367
G1 X17.456 Y4.636 E0.13218
G1 X19.591 Y4.672 E0.05327
G1 X23.193 Y4.684 E0.08985
G1 X23.152 Y0.585 E0.10226
G1 X23.148 Y-4.736 E0.13273
G1 X21.489 Y-4.744 E0.04138
G1 X19.538 Y-4.732 E0.04867
G1 X17.331 Y-4.696 E0.05506
G1 X15.573 Y-4.7 E0.04385
G1 X12.006 Y-4.752 E0.08899
G1 X9.615 Y-4.812 E0.05966
G1 X7.212 Y-4.916 E0.06
G1 X4.839 Y-5.143 E0.05946
G1 X4.455 Y-5.14 E0.00958
G1 X1.39 Y-5.272 E0.07653
G1 X-1.477 Y-5.32 E0.07153
G1 X-1.897 Y-5.339 E0.01049
G1 X-4.981 Y-5.216 E0.07699
G1 X-7.415 Y-4.968 E0.06103
G1 X-7.764 Y-4.96 E0.00871
G1 X-10.061 Y-4.84 E0.05738
G1 X-14.254 Y-4.708 E0.10465
G1 X-17.578 Y-4.704 E0.08292
G1 X-21.475 Y-4.735 E0.09721
G1 X-23.26 Y-4.728 E0.04453
G1 X-23.268 Y-2.436 E0.05717
G1 X-23.227 Y-0.01 E0.06053
G1 X-23.248 Y2.444 E0.06122
G1 X-23.233 Y4.689 E0.056
G1 X-21.417 Y4.704 E0.0453
G1 X-19.731 Y4.696 E0.04206
G1 X-17.419 Y4.664 E0.05768
G1 X-12.104 Y4.784 E0.13262
G1 X-9.943 Y4.864 E0.05394
G1 X-7.555 Y5.016 E0.05969
G1 X-5.046 Y5.228 E0.06281
G1 X-1.913 Y5.339 E0.0782
G1 X1.405 Y5.264 E0.08279
G0 F7200 X1.604 Y5.259
G0 X1.588 Y4.758
G0 X16.266 Y4.084
G0 X16.437 Y2.472
G0 X16.159 Y2.416
;TYPE:SKIN
G1 F1800 X16.088 Y3.308 E0.02232
G1 X16.064 Y3.879 E0.01426
G1 X12.148 Y3.944 E0.0977
G1 X9.98 Y4.024 E0.05412
G1 X7.443 Y4.18 E0.06341
G1 X4.649 Y4.396 E0.0699
G1 X1.384 Y4.484 E0.08148
G1 X-1.911 Y4.556 E0.08221
G1 X-5 Y4.448 E0.0771
G1 X-7.487 Y4.236 E0.06226
G1 X-9.891 Y4.084 E0.06009
G1 X-12.072 Y4.004 E0.05444
G1 X-16.111 Y3.911 E0.10078
G1 X-16.438 Y2.473 E0.03679
G1 X-16.316 Y0.9 E0.03936
G1 X-16.284 Y0.008 E0.02227
G1 X-16.284 Y-.883 E0.02223
G1 X-16.264 Y-2.436 E0.03874
G1 X-16.172 Y-3.924 E0.03719
G1 X-14.247 Y-3.928 E0.04802
G1 X-10.037 Y-4.06 E0.10507
G1 X-7.695 Y-4.182 E0.0585
G1 X-7.399 Y-4.188 E0.00739
G1 X-4.922 Y-4.436 E0.0621
G1 X-1.931 Y-4.555 E0.07467
G1 X-1.509 Y-4.54 E0.01053
G1 X1.354 Y-4.492 E0.07143
G1 X4.419 Y-4.36 E0.07653
G1 X4.798 Y-4.36 E0.00945
G1 X7.181 Y-4.136 E0.05971
G1 X9.579 Y-4.032 E0.05987
G1 X11.987 Y-3.972 E0.06009
G1 X15.806 Y-3.918 E0.09527
G1 X16.141 Y-2.563 E0.03482
G1 X16.39 Y-1.375 E0.03028
G1 X16.546 Y-0.029 E0.0338
G1 X16.382 Y1.32 E0.0339
G1 X16.159 Y2.416 E0.0279
G1 F4200 E-3.5
G1 F600 Z20.35
G0 F7200 X16.732 Y2.533 Z20.35
G0 X-5.072 Y0.065
G1 F600 Z19.85
G1 F4200 E3.5
G1 F1800 X-3.814 Y1.493 E0.04747
G1 X-2.46 Y2.403 E0.0407
G1 X-1.836 Y2.68 E0.01703
G1 X-1.547 Y2.664 E0.00722
G1 X1.612 Y2.616 E0.07881
G1 X1.734 Y2.56 E0.00335
G1 X1.979 Y1.897 E0.01763
G1 X3.213 Y0.093 E0.05452
G1 X3.237 Y-0.089 E0.00458
G1 X2.028 Y-1.885 E0.05401
G1 X1.761 Y-2.608 E0.01923
G1 X1.609 Y-2.664 E0.00404
G1 X-1.485 Y-2.708 E0.07719
G1 X-1.834 Y-2.738 E0.00874
G1 X-2.654 Y-2.393 E0.02219
G1 X-3.905 Y-1.607 E0.03685
G1 X-5.057 Y-0.099 E0.04734
G1 X-5.072 Y0.065 E0.00411
G1 F4200 E-3.5
G1 F600 Z20.35
G0 F7200 X-4.394 Y-0.039 Z20.35
G0 X-15.508 Y-3.726
G1 F600 Z19.85
G1 F4200 E3.5
G1 F1800 X-16.015 Y-3.218 E0.0179
G0 F7200 X-16.052 Y-2.616
G1 F1800 X-14.94 Y-3.727 E0.03921
G0 F7200 X-14.374 Y-3.728
G1 F1800 X-16.069 Y-2.033 E0.0598
G0 F7200 X-16.076 Y-1.46
G1 F1800 X-13.794 Y-3.742 E0.0805
G0 F7200 X-13.21 Y-3.76
G1 F1800 X-16.083 Y-.887 E0.10135
G0 F7200 X-16.084 Y-.321
G1 F1800 X-12.626 Y-3.779 E0.12199
G0 F7200 X-12.042 Y-3.797
G1 F1800 X-16.092 Y0.253 E0.14287
G0 F7200 X-16.114 Y0.84
G1 F1800 X-11.458 Y-3.816 E0.16425
G0 F7200 X-10.875 Y-3.833
G1 F1800 X-16.157 Y1.45 E0.18635
G0 F7200 X-16.205 Y2.063
G1 F1800 X-10.291 Y-3.852 E0.20865
G0 F7200 X-9.699 Y-3.877
G1 F1800 X-16.198 Y2.622 E0.22927
G0 F7200 X-16.094 Y3.083
G1 F1800 X-9.103 Y-3.908 E0.24663
G0 F7200 X-8.506 Y-3.939
G1 F1800 X-15.988 Y3.543 E0.26395
G0 F7200 X-15.602 Y3.723
G1 F1800 X-7.909 Y-3.97 E0.27139
G0 F7200 X-7.318 Y-3.996
G1 F1800 X-15.049 Y3.736 E0.27275
G0 F7200 X-14.496 Y3.748
G1 F1800 X-6.69 Y-4.058 E0.27538
G0 F7200 X-6.061 Y-4.121
G1 F1800 X-13.943 Y3.761 E0.27806
G0 F7200 X-13.39 Y3.774
G1 F1800 X-5.433 Y-4.183 E0.2807
G0 F7200 X-4.809 Y-4.242
G1 F1800 X-12.838 Y3.787 E0.28324
G0 F7200 X-12.285 Y3.799
G1 F1800 X-4.221 Y-4.265 E0.28448
G0 F7200 X-3.632 Y-4.288
G1 F1800 X-11.736 Y3.816 E0.28589
G0 F7200 X-11.191 Y3.837
G1 F1800 X-3.043 Y-4.311 E0.28744
G0 F7200 X-2.454 Y-4.335
G1 F1800 X-10.645 Y3.857 E0.28898
G0 F7200 X-10.099 Y3.876
G1 F1800 X-1.869 Y-4.354 E0.29034
G0 F7200 X-1.319 Y-4.337
G1 F1800 X-3.657 Y-2 E0.08246
G1 X-3.727 Y-1.93
G0 F7200 X-3.484 Y-1.544
G0 X-4.135 Y-.852
G0 X-4.514 Y-1.143
G1 F1800 X-9.561 Y3.905 E0.17806
G0 F7200 X-9.03 Y3.939
G1 F1800 X-5.238 Y0.147 E0.13377
G0 F7200 X-4.987 Y0.462
G1 F1800 X-8.498 Y3.973 E0.12386
G0 F7200 X-7.966 Y4.006
G1 F1800 X-4.723 Y0.763 E0.11441
G0 F7200 X-4.459 Y1.065
G1 F1800 X-7.435 Y4.041 E0.10499
G0 F7200 X-6.913 Y4.084
G1 F1800 X-4.195 Y1.366 E0.09588
G0 F7200 X-3.924 Y1.662
G1 F1800 X-6.391 Y4.128 E0.08701
G0 F7200 X-5.869 Y4.172
G1 F1800 X-3.586 Y1.889 E0.08054
G0 F7200 X-3.247 Y2.116
G1 F1800 X-5.347 Y4.216 E0.07408
G0 F7200 X-4.82 Y4.255
G1 F1800 X-2.908 Y2.343 E0.06745
G0 F7200 X-2.57 Y2.57
G1 F1800 X-4.274 Y4.274 E0.06011
G0 F7200 X-3.727 Y4.293
G1 F1800 X-2.179 Y2.745 E0.05461
G0 F7200 X-1.736 Y2.867
G1 F1800 X-3.181 Y4.312 E0.05098
G0 F7200 X-2.634 Y4.331
G1 F1800 X-1.162 Y2.859 E0.05193
G0 F7200 X-.588 Y2.851
G1 F1800 X-2.087 Y4.35 E0.05288
G0 F7200 X-1.52 Y4.348
G1 F1800 X-0.014 Y2.843 E0.05311
G0 F7200 X0.56 Y2.834
G1 F1800 X-.941 Y4.335 E0.05295
G0 F7200 X-.363 Y4.323
G1 F1800 X1.133 Y2.826 E0.05279
G0 F7200 X1.767 Y2.758
G1 F1800 X0.216 Y4.31 E0.05473
G0 F7200 X0.794 Y4.297
G1 F1800 X8.951 Y-3.86 E0.28776
G0 F7200 X8.409 Y-3.883
G1 F1800 X1.9 Y2.625 E0.2296
G1 X1.83 Y2.695
G0 F7200 X1.526 Y2.363
G0 X2.17 Y1.124
G0 X2.565 Y1.395
G1 F1800 X7.867 Y-3.907 E0.18704
G0 F7200 X7.325 Y-3.931
G1 F1800 X3.441 Y-0.047 E0.13702
G0 F7200 X3.256 Y-.428
G1 F1800 X6.8 Y-3.972 E0.12502
G0 F7200 X6.283 Y-4.02
G1 F1800 X3.028 Y-.765 E0.11483
G0 F7200 X2.8 Y-1.103
G1 F1800 X5.766 Y-4.069 E0.10463
G0 F7200 X5.249 Y-4.117
G1 F1800 X2.572 Y-1.44 E0.09444
G0 F7200 X2.343 Y-1.778
G1 F1800 X4.726 Y-4.16 E0.08405
G0 F7200 X4.171 Y-4.171
G1 F1800 X2.146 Y-2.146 E0.07144
G0 F7200 X1.993 Y-2.559
G1 F1800 X3.628 Y-4.194 E0.05768
G0 F7200 X3.086 Y-4.217
G1 F1800 X1.701 Y-2.833 E0.04884
G0 F7200 X1.173 Y-2.87
G1 F1800 X2.544 Y-4.241 E0.04837
G0 F7200 X2.002 Y-4.265
G1 F1800 X0.616 Y-2.879 E0.04889
G0 F7200 X0.058 Y-2.886
G1 F1800 X1.459 Y-4.288 E0.04944
G0 F7200 X0.906 Y-4.3
G1 F1800 X-.5 Y-2.894 E0.0496
G0 F7200 X-1.058 Y-2.902
G1 F1800 X0.349 Y-4.309 E0.04964
G0 F7200 X-.207 Y-4.318
G1 F1800 X-1.611 Y-2.914 E0.04953
G0 F7200 X-2.362 Y-2.729
G1 F1800 X-.763 Y-4.328 E0.05641
G1 X-.693 Y-4.398
G0 F7200 X16.064 Y-4.061
G0 X16.963 Y-1.463
G0 X17.13 Y-0.029
G0 X16.266 Y4.084
G0 X1.39 Y4.763
G0 X1.372 Y4.284
G1 F1800 X9.493 Y-3.836 E0.28647
G0 F7200 X10.044 Y-3.821
G1 F1800 X1.954 Y4.269 E0.2854
G0 F7200 X2.536 Y4.253
G1 F1800 X10.595 Y-3.807 E0.28432
G0 F7200 X11.148 Y-3.794
G1 F1800 X3.117 Y4.237 E0.28332
G0 F7200 X3.698 Y4.221
G1 F1800 X11.699 Y-3.779 E0.28224
G0 F7200 X12.254 Y-3.769
G1 F1800 X4.279 Y4.206 E0.28134
G0 F7200 X4.873 Y4.178
G1 F1800 X12.812 Y-3.761 E0.28007
G0 F7200 X13.37 Y-3.753
G1 F1800 X5.486 Y4.131 E0.27813
G0 F7200 X6.099 Y4.084
G1 F1800 X13.927 Y-3.745 E0.27617
G0 F7200 X14.485 Y-3.737
G1 F1800 X6.712 Y4.036 E0.27421
G0 F7200 X7.325 Y3.989
G1 F1800 X15.043 Y-3.729 E0.27227
G0 F7200 X15.6 Y-3.721
G1 F1800 X7.929 Y3.95 E0.27062
G0 F7200 X8.532 Y3.913
G1 F1800 X15.751 Y-3.306 E0.25467
G0 F7200 X15.863 Y-2.852
G1 F1800 X9.135 Y3.876 E0.23735
G0 F7200 X9.738 Y3.839
G1 F1800 X15.971 Y-2.395 E0.2199
G0 F7200 X16.069 Y-1.927
G1 F1800 X10.331 Y3.811 E0.20242
G0 F7200 X10.918 Y3.789
G1 F1800 X16.167 Y-1.459 E0.18516
G0 F7200 X16.236 Y-.962
G1 F1800 X11.505 Y3.768 E0.16688
G0 F7200 X12.093 Y3.746
G1 F1800 X16.295 Y-.455 E0.14822
G0 F7200 X16.332 Y0.073
G1 F1800 X12.669 Y3.736 E0.12922
G0 F7200 X13.245 Y3.726
G1 F1800 X16.254 Y0.717 E0.10615
G0 F7200 X16.168 Y1.368
G1 F1800 X13.82 Y3.717 E0.08285
G0 F7200 X14.395 Y3.707
G1 F1800 X16.023 Y2.079 E0.05743
G0 F7200 X15.933 Y2.734
G1 F1800 X14.97 Y3.697 E0.03397
G0 F7200 X15.546 Y3.688
G1 F1800 X15.884 Y3.35 E0.01192
G0 F7200 X16.668 Y3.384
G1 F4200 E-3.5
G1 F600 Z20.35
;MESH:NONMESH
G0 F7200 X16.668 Y3.384 Z20.35
G0 X1.474 Y1.474
;TIME_ELAPSED:1575.027026
;LAYER:132
;MESH:pi 3mm_deformed_tet (6).stl
G0 X1.474 Y1.474 Z20.5
;TYPE:FILL
G1 F600 Z20
G1 F4200 E3.5
G1 F3600 X-1.764 Y-1.764 E0.11423
G1 X-1.834 Y-1.834
G0 F7200 X-1.708 Y-1.634
G0 X1.378 Y-1.417
G0 X1.494 Y-1.494
G1 F3600 X-1.729 Y1.729 E0.1137
G1 X-1.799 Y1.799
G1 F4200 E-3.5
G1 F600 Z20.5
G0 F7200 X-1.499 Y1.346 Z20.5
G0 X6.967 Y3.146
;TYPE:WALL-INNER
G1 F600 Z20
G1 F4200 E3.5
G1 F3600 X7.076 Y3.003 E0.00449
G1 X7.296 Y2.866 E0.00647
G1 X7.624 Y2.846 E0.0082
G1 X7.833 Y2.9 E0.00538
G1 X7.746 Y2.442 E0.01163
G1 X8.129 Y1.067 E0.03561
G1 X8.657 Y0.008 E0.02952
G1 X7.428 Y-1.884 E0.05628
G1 X7.225 Y-2.293 E0.01139
G1 X5.03 Y-4.742 E0.08204
G1 X1.378 Y-4.896 E0.09118
G1 X-1.698 Y-4.949 E0.07674
G1 X-1.906 Y-4.959 E0.00519
G1 X-4.969 Y-4.837 E0.07647
G1 X-7.56 Y-4.572 E0.06497
G1 X-9.3 Y-4.48 E0.04347
G1 X-9.205 Y-2.898 E0.03953
G1 X-9.252 Y-2.705 E0.00496
G1 X-9.539 Y-2.321 E0.01196
G1 X-9.408 Y0.004 E0.05809
G1 X-9.366 Y2.09 E0.05205
G1 X-9.27 Y2.29 E0.00553
G1 X-7.322 Y4.651 E0.07635
G1 X-5.039 Y4.844 E0.05715
G1 X-1.915 Y4.963 E0.07799
G1 X1.388 Y4.892 E0.08241
G1 X4.728 Y4.794 E0.08335
G1 X6.571 Y4.195 E0.04834
G1 X6.967 Y3.146 E0.02797
G0 F7200 X7.319 Y3.336
;TYPE:WALL-OUTER
G1 F1800 X7.429 Y3.243 E0.00359
G1 X7.539 Y3.236 E0.00275
G1 X8.414 Y3.464 E0.02256
G1 X8.141 Y2.529 E0.0243
G1 X8.512 Y1.194 E0.03456
G1 X9.117 Y-0.018 E0.03379
G1 X7.764 Y-2.103 E0.062
G1 X7.56 Y-2.519 E0.01156
G1 X5.243 Y-5.104 E0.08659
G1 X4.698 Y-5.156 E0.01366
G1 X1.39 Y-5.296 E0.08259
G1 X-1.905 Y-5.359 E0.08221
G1 X-4.997 Y-5.236 E0.07719
G1 X-7.581 Y-4.972 E0.06479
G1 X-9.724 Y-4.858 E0.05353
G1 X-9.606 Y-2.876 E0.04953
G1 X-9.947 Y-2.459 E0.01344
G1 X-9.808 Y0.012 E0.06174
G1 X-9.764 Y2.184 E0.05419
G1 X-9.61 Y2.507 E0.00893
G1 X-7.607 Y4.933 E0.07848
G1 X-7.421 Y5.044 E0.0054
G1 X-5.063 Y5.244 E0.05903
G1 X-1.918 Y5.363 E0.07851
G1 X1.4 Y5.292 E0.08279
G1 X4.797 Y5.192 E0.08478
G1 X6.878 Y4.515 E0.05459
G1 X7.319 Y3.336 E0.0314
G0 F7200 X7.429 Y3.243
G0 X7.485 Y3.24
G1 F4200 E-3.5
G1 F600 Z20.5
G0 F7200 X-3.955 Y0.058 Z20.5
;TYPE:SKIN
G1 F600 Z20
G1 F4200 E3.5
G1 F1800 X-3.206 Y0.908 E0.02826
G1 X-1.772 Y1.867 E0.04303
G1 X-1.428 Y1.945 E0.0088
G1 X1.255 Y1.908 E0.06693
G1 X1.372 Y1.87 E0.00307
G1 X2.597 Y0.082 E0.05407
G1 X2.611 Y-0.088 E0.00426
G1 X1.414 Y-1.86 E0.05334
G1 X1.291 Y-1.944 E0.00372
G1 X-1.472 Y-1.998 E0.06894
G1 X-1.725 Y-1.955 E0.0064
G1 X-3.271 Y-.969 E0.04574
G1 X-3.925 Y-.118 E0.02677
G1 X-3.955 Y0.058 E0.00445
G1 F4200 E-3.5
G1 F600 Z20.5
G0 F7200 X-3.31 Y-0.087 Z20.5
G0 X6.608 Y2.994
G1 F600 Z20
G1 F4200 E3.5
G1 F1800 X6.277 Y3.887 E0.02376
G1 X4.657 Y4.412 E0.04248
G1 X1.384 Y4.512 E0.08168
G1 X-1.906 Y4.579 E0.08209
G1 X-5.011 Y4.464 E0.07751
G1 X-7.127 Y4.287 E0.05297
G1 X-8.983 Y2.038 E0.07274
G1 X-9.028 Y-0.005 E0.05098
G1 X-9.148 Y-2.197 E0.05476
G1 X-8.898 Y-2.56 E0.01099
G1 X-8.824 Y-2.872 E0.008
G1 X-8.896 Y-4.119 E0.03116
G1 X-7.531 Y-4.192 E0.0341
G1 X-4.937 Y-4.456 E0.06504
G1 X-1.905 Y-4.575 E0.07569
G1 X1.35 Y-4.516 E0.08121
G1 X4.851 Y-4.367 E0.08741
G1 X6.908 Y-2.074 E0.07684
G1 X7.092 Y-1.703 E0.01033
G1 X8.218 Y0.034 E0.05164
G1 X7.78 Y0.91 E0.02443
G1 X7.371 Y2.362 E0.03763
G1 X7.369 Y2.482 E0.00299
G1 X7.126 Y2.525 E0.00616
G1 X6.802 Y2.734 E0.00962
G1 X6.608 Y2.994 E0.00809
G0 F7200 X6.862 Y3.123
G0 X7.6 Y2.672
G0 X8.466 Y0.019
G0 X7.091 Y-2.202
G0 X4.954 Y-4.582
G0 X4.295 Y-4.19
G1 F1800 X6.988 Y-1.497 E0.095
G1 X7.058 Y-1.427
G0 F7200 X7.443 Y-1.675
G0 X8.466 Y0.019
G0 X7.981 Y0.062
G1 F1800 X3.704 Y-4.216 E0.1509
G0 F7200 X3.113 Y-4.241
G1 F1800 X7.793 Y0.439 E0.1651
G0 F7200 X7.604 Y0.816
G1 F1800 X2.522 Y-4.266 E0.17928
G0 F7200 X1.932 Y-4.291
G1 F1800 X7.474 Y1.252 E0.19553
G0 F7200 X7.35 Y1.694
G1 F1800 X1.341 Y-4.316 E0.212
G0 F7200 X0.765 Y-4.326
G1 F1800 X7.227 Y2.135 E0.22795
G0 F7200 X6.936 Y2.411
G1 F1800 X0.189 Y-4.337 E0.23804
G0 F7200 X-.387 Y-4.347
G1 F1800 X6.614 Y2.654 E0.24698
G0 F7200 X6.394 Y3
G1 F1800 X1.91 Y-1.484 E0.15819
G1 X1.84 Y-1.554
G0 F7200 X1.245 Y-2.149
G1 F1800 X-.964 Y-4.358 E0.07793
G0 F7200 X-1.54 Y-4.369
G1 F1800 X0.67 Y-2.159 E0.07796
G0 F7200 X0.094 Y-2.169
G1 F1800 X-2.104 Y-4.367 E0.07754
G0 F7200 X-2.648 Y-4.345
G1 F1800 X-.482 Y-2.179 E0.07641
G0 F7200 X-1.058 Y-2.189
G1 F1800 X-3.193 Y-4.324 E0.07532
G0 F7200 X-3.737 Y-4.303
G1 F1800 X-1.604 Y-2.17 E0.07525
G0 F7200 X-2.011 Y-2.011
G1 F1800 X-4.281 Y-4.281 E0.08008
G0 F7200 X-4.825 Y-4.26
G1 F1800 X-2.357 Y-1.792 E0.08707
G0 F7200 X-2.703 Y-1.572
G1 F1800 X-5.344 Y-4.213 E0.09317
G0 F7200 X-5.858 Y-4.161
G1 F1800 X-3.05 Y-1.353 E0.09906
G0 F7200 X-3.395 Y-1.132
G1 F1800 X-6.372 Y-4.109 E0.10502
G0 F7200 X-6.885 Y-4.057
G1 F1800 X-3.641 Y-.812 E0.11446
G0 F7200 X-3.887 Y-.493
G1 F1800 X-7.398 Y-4.004 E0.12386
G0 F7200 X-7.929 Y-3.97
G1 F1800 X-4.116 Y-.156 E0.13453
G1 X-4.046 Y-0.086
G0 F7200 X-3.679 Y-0.019
G0 X-1.749 Y1.548
G0 X-2.015 Y1.945
G1 F1800 X0.373 Y4.332 E0.08423
G0 F7200 X0.927 Y4.321
G1 F1800 X-1.247 Y2.147 E0.07669
G0 F7200 X-.691 Y2.138
G1 F1800 X1.48 Y4.308 E0.07657
G0 F7200 X2.029 Y4.291
G1 F1800 X-.134 Y2.129 E0.07629
G0 F7200 X0.424 Y2.121
G1 F1800 X2.578 Y4.275 E0.07599
G0 F7200 X3.127 Y4.258
G1 F1800 X0.981 Y2.112 E0.07571
G0 F7200 X1.467 Y2.033
G1 F1800 X3.676 Y4.241 E0.07791
G0 F7200 X4.225 Y4.225
G1 F1800 X1.718 Y1.718 E0.08844
G0 F7200 X1.947 Y1.382
G1 F1800 X4.74 Y4.174 E0.09851
G0 F7200 X5.168 Y4.036
G1 F1800 X2.177 Y1.046 E0.1055
G0 F7200 X2.408 Y0.711
G1 F1800 X5.595 Y3.898 E0.11243
G0 F7200 X6.022 Y3.759
G1 F1800 X2.638 Y0.375 E0.11938
G0 F7200 X2.815 Y-0.013
G1 F1800 X6.241 Y3.412 E0.12084
G1 X6.311 Y3.482
G0 F7200 X6.677 Y3.618
G0 X4.699 Y4.634
G0 X-.172 Y4.825
G0 X-.182 Y4.344
G1 F1800 X-8.466 Y-3.941 E0.29226
G0 F7200 X-8.663 Y-3.572
G1 F1800 X-.736 Y4.355 E0.27965
G0 F7200 X-1.29 Y4.366
G1 F1800 X-8.627 Y-2.971 E0.25883
G0 F7200 X-8.712 Y-2.49
G1 F1800 X-1.845 Y4.378 E0.24227
G0 F7200 X-2.429 Y4.359
G1 F1800 X-8.939 Y-2.15 E0.22964
G0 F7200 X-8.914 Y-1.56
G1 F1800 X-3.017 Y4.337 E0.20803
G0 F7200 X-3.605 Y4.315
G1 F1800 X-8.881 Y-.961 E0.18613
G0 F7200 X-8.848 Y-.363
G1 F1800 X-4.192 Y4.293 E0.16425
G0 F7200 X-4.78 Y4.271
G1 F1800 X-8.823 Y0.228 E0.14263
G0 F7200 X-8.811 Y0.806
G1 F1800 X-5.385 Y4.231 E0.12084
G0 F7200 X-6.003 Y4.18
G1 F1800 X-8.798 Y1.385 E0.0986
G0 F7200 X-8.786 Y1.962
G1 F1800 X-6.619 Y4.129 E0.07645
G1 X-6.549 Y4.199
G1 F4200 E-3.5
G1 F600 Z20.5
G0 F7200 X-18.511 Y4.117 Z20.5
;TYPE:FILL
G1 F600 Z20
G1 F4200 E3.5
G1 F3600 X-22.628 Y-0.001 E0.14526
G1 X-22.627 Y0.00
G1 X-18.48 Y-4.148 E0.14631
G1 X-18.41 Y-4.218
G0 F7200 X-18.411 Y-4.006
G0 X-17.606 Y2.504
G0 X-16.841 Y4.105
G0 X-11.814 Y4.22
G0 X-11.832 Y2.621
;TYPE:WALL-INNER
G1 F3600 X-11.811 Y2.374 E0.00618
G1 X-11.236 Y0.47 E0.04961
G1 X-11.252 Y0.001 E0.01171
G1 X-11.129 Y-.544 E0.01394
G1 X-10.93 Y-2.595 E0.0514
G1 X-10.895 Y-2.758 E0.00416
G1 X-10.766 Y-4.418 E0.04153
G1 X-14.366 Y-4.303 E0.08985
G1 X-17.554 Y-4.296 E0.07953
G1 X-21.82 Y-4.331 E0.10642
G1 X-22.822 Y-4.326 E0.025
G1 X-22.831 Y-2.435 E0.04717
G1 X-22.788 Y-0.007 E0.06058
G1 X-22.808 Y2.442 E0.06109
G1 X-22.796 Y4.292 E0.04615
G1 X-21.766 Y4.3 E0.02569
G1 X-19.464 Y4.292 E0.05742
G1 X-17.386 Y4.26 E0.05184
G1 X-12.212 Y4.38 E0.1291
G1 X-11.541 Y4.406 E0.01675
G1 X-11.656 Y4.069 E0.00888
G1 X-11.832 Y2.621 E0.03639
G0 F7200 X-11.44 Y2.53
;TYPE:WALL-OUTER
G1 F1800 X-10.834 Y0.522 E0.05232
G1 X-10.852 Y0.011 E0.01275
G1 X-10.734 Y-.475 E0.01248
G1 X-10.532 Y-2.556 E0.05215
G1 X-10.499 Y-2.69 E0.00344
G1 X-10.333 Y-4.832 E0.05359
G1 X-14.367 Y-4.703 E0.10068
G1 X-17.55 Y-4.696 E0.0794
G1 X-21.822 Y-4.731 E0.10657
G1 X-23.22 Y-4.724 E0.03487
G1 X-23.231 Y-2.428 E0.05727
G1 X-23.188 Y-0.01 E0.06033
G1 X-23.208 Y2.444 E0.06122
G1 X-23.193 Y4.689 E0.056
G1 X-21.765 Y4.7 E0.03562
G1 X-19.458 Y4.692 E0.05755
G1 X-17.395 Y4.66 E0.05147
G1 X-12.228 Y4.78 E0.12893
G1 X-10.935 Y4.831 E0.03228
G1 X-11.256 Y4.048 E0.02111
G1 X-11.44 Y2.53 E0.03814
G0 F7200 X-11.383 Y2.339
G0 X-12.208 Y2.631
;TYPE:SKIN
G1 F1800 X-12.047 Y4.006 E0.03453
G1 X-16.693 Y3.895 E0.11593
G1 X-17.022 Y2.46 E0.03672
G1 X-16.948 Y1.484 E0.02442
G1 X-16.892 Y0.008 E0.03685
G1 X-16.896 Y-1.294 E0.03248
G1 X-16.884 Y-2.424 E0.02819
G1 X-16.809 Y-3.58 E0.0289
G1 X-16.738 Y-3.916 E0.00857
G1 X-14.363 Y-3.92 E0.05924
G1 X-11.177 Y-4.021 E0.07952
G1 X-11.271 Y-2.813 E0.03022
G1 X-11.308 Y-2.632 E0.00461
G1 X-11.502 Y-.612 E0.05062
G1 X-11.628 Y-0.044 E0.01451
G1 X-11.618 Y0.418 E0.01153
G1 X-12.172 Y2.258 E0.04793
G1 X-12.208 Y2.631 E0.00935
G0 F7200 X-11.931 Y2.644
G0 X-11.814 Y4.22
G0 X-16.841 Y4.105
G0 X-16.091 Y3.708
G1 F1800 X-16.658 Y3.141 E0.02
G0 F7200 X-16.818 Y2.415
G1 F1800 X-15.511 Y3.722 E0.04611
G0 F7200 X-14.931 Y3.736
G1 F1800 X-16.778 Y1.889 E0.06516
G0 F7200 X-16.744 Y1.358
G1 F1800 X-14.351 Y3.75 E0.0844
G0 F7200 X-13.772 Y3.764
G1 F1800 X-16.723 Y0.813 E0.1041
G0 F7200 X-16.702 Y0.269
G1 F1800 X-13.192 Y3.778 E0.12381
G0 F7200 X-12.613 Y3.792
G1 F1800 X-16.693 Y-.288 E0.14393
G0 F7200 X-16.695 Y-.856
G1 F1800 X-12.305 Y3.534 E0.15487
G0 F7200 X-12.382 Y2.891
G1 F1800 X-16.695 Y-1.422 E0.15215
G0 F7200 X-16.689 Y-1.981
G1 F1800 X-12.381 Y2.326 E0.15196
G0 F7200 X-12.265 Y1.877
G1 F1800 X-16.677 Y-2.535 E0.15565
G0 F7200 X-16.642 Y-3.066
G1 F1800 X-12.135 Y1.442 E0.15901
G0 F7200 X-12.003 Y1.008
G1 F1800 X-16.609 Y-3.598 E0.16249
G0 F7200 X-16.162 Y-3.717
G1 F1800 X-11.872 Y0.573 E0.15134
G0 F7200 X-11.829 Y0.05
G1 F1800 X-15.597 Y-3.717 E0.13291
G0 F7200 X-15.032 Y-3.719
G1 F1800 X-11.746 Y-.432 E0.11594
G0 F7200 X-11.672 Y-.924
G1 F1800 X-14.467 Y-3.719 E0.0986
G0 F7200 X-13.917 Y-3.734
G1 F1800 X-11.623 Y-1.44 E0.08093
G0 F7200 X-11.573 Y-1.957
G1 F1800 X-13.368 Y-3.751 E0.06331
G0 F7200 X-12.82 Y-3.769
G1 F1800 X-11.524 Y-2.473 E0.04572
G0 F7200 X-11.459 Y-2.973
G1 F1800 X-12.271 Y-3.786 E0.02866
G0 F7200 X-11.723 Y-3.804
G1 F1800 X-11.418 Y-3.499 E0.01076
G1 F4200 E-3.5
G0 F7200 X-16.993 Y-4.06
G0 X-10.564 Y-4.614
G0 X-10.159 Y-5.704
G0 X-5.065 Y-6.101
G0 X-1.622 Y-6.214
G0 X4.762 Y-6.022
G0 X5.571 Y-5.942
G0 X10.252 Y-4.181
G0 X11.259 Y-4.555
G0 X18.478 Y-4.012
G0 X18.477 Y-4.151
;TYPE:FILL
G1 F4200 E3.5
G1 F3600 X22.548 Y-0.079 E0.14363
G1 X22.549 Y0.078
G1 X18.534 Y4.093 E0.14164
G1 X18.464 Y4.163
G0 F7200 X18.467 Y3.954
G0 X16.842 Y4.071
G0 X11.549 Y4.173
G0 X11.793 Y0.062
G0 X12.041 Y-.773
G0 X11.945 Y-.807
;TYPE:WALL-INNER
G1 F3600 X11.628 Y0.042 E0.02261
G1 X11.735 Y1.035 E0.02491
G1 X11.636 Y2.523 E0.0372
G1 X11.388 Y3.539 E0.02609
G1 X11.373 Y4.352 E0.02028
G1 X12.265 Y4.32 E0.02227
G1 X17.436 Y4.232 E0.12901
G1 X19.346 Y4.268 E0.04765
G1 X22.75 Y4.278 E0.08491
G1 X22.708 Y-0.044 E0.10782
G1 X22.708 Y-4.335 E0.10704
G1 X21.824 Y-4.34 E0.02205
G1 X19.275 Y-4.324 E0.06359
G1 X17.294 Y-4.292 E0.04942
G1 X15.335 Y-4.296 E0.04887
G1 X11.534 Y-4.355 E0.09483
G1 X11.914 Y-3.338 E0.02708
G1 X11.99 Y-2.546 E0.01985
G1 X11.945 Y-.807 E0.04339
G0 F7200 X11.545 Y-.886
;TYPE:WALL-OUTER
G1 F1800 X11.22 Y-0.01 E0.02331
G1 X11.332 Y1.062 E0.02689
G1 X11.235 Y2.48 E0.03545
G1 X10.988 Y3.487 E0.02586
G1 X10.965 Y4.768 E0.03196
G1 X12.272 Y4.72 E0.03263
G1 X17.428 Y4.632 E0.12864
G1 X19.345 Y4.668 E0.04783
G1 X23.154 Y4.679 E0.09502
G1 X23.108 Y-0.044 E0.11782
G1 X23.108 Y-4.733 E0.11697
G1 X21.822 Y-4.74 E0.03208
G1 X19.269 Y-4.724 E0.06369
G1 X17.295 Y-4.692 E0.04925
G1 X15.341 Y-4.696 E0.04874
G1 X11.97 Y-4.744 E0.0841
G1 X10.952 Y-4.771 E0.0254
G1 X11.521 Y-3.246 E0.0406
G1 X11.592 Y-2.508 E0.01849
G1 X11.545 Y-.886 E0.04048
G0 F7200 X11.476 Y-.699
G0 X12.322 Y-.739
;TYPE:SKIN
G1 F1800 X12.372 Y-2.479 E0.04342
G1 X12.288 Y-3.399 E0.02304
G1 X12.086 Y-3.96 E0.01487
G1 X15.325 Y-3.916 E0.0808
G1 X16.394 Y-3.912 E0.02667
G1 X16.731 Y-2.527 E0.03556
G1 X17.106 Y-.735 E0.04567
G1 X17.19 Y-0.029 E0.01774
G1 X17.102 Y0.683 E0.0179
G1 X16.751 Y2.412 E0.04401
G1 X16.638 Y3.867 E0.0364
G1 X11.76 Y3.948 E0.1217
G1 X11.764 Y3.59 E0.00893
G1 X12.007 Y2.6 E0.02543
G1 X12.112 Y0.999 E0.04002
G1 X12.016 Y0.087 E0.02288
G1 X12.322 Y-.739 E0.02197
G0 F7200 X12.046 Y-.786
G0 X11.793 Y0.062
G0 X11.549 Y4.173
G0 X16.842 Y4.071
G0 X11.99 Y3.505
G1 F1800 X12.229 Y3.744 E0.00843
G0 F7200 X12.785 Y3.734
G1 F1800 X12.099 Y3.048 E0.0242
G0 F7200 X12.209 Y2.592
G1 F1800 X13.341 Y3.724 E0.03993
G0 F7200 X13.897 Y3.714
G1 F1800 X12.246 Y2.063 E0.05824
G0 F7200 X12.28 Y1.532
G1 F1800 X14.453 Y3.705 E0.07666
G0 F7200 X15.009 Y3.695
G1 F1800 X12.306 Y0.993 E0.09534
G0 F7200 X12.245 Y0.366
G1 F1800 X15.565 Y3.685 E0.1171
G0 F7200 X16.121 Y3.676
G1 F1800 X12.311 Y-.134 E0.13441
G0 F7200 X12.465 Y-.546
G1 F1800 X16.47 Y3.459 E0.14129
G0 F7200 X16.511 Y2.934
G1 F1800 X12.528 Y-1.049 E0.14051
G0 F7200 X12.544 Y-1.598
G1 F1800 X16.552 Y2.41 E0.14139
G0 F7200 X16.644 Y1.936
G1 F1800 X12.56 Y-2.147 E0.14406
G0 F7200 X12.55 Y-2.724
G1 F1800 X16.739 Y1.466 E0.1478
G0 F7200 X16.835 Y0.996
G1 F1800 X12.493 Y-3.346 E0.15318
G0 F7200 X12.653 Y-3.752
G1 F1800 X16.92 Y0.515 E0.15053
G0 F7200 X16.984 Y0.013
G1 F1800 X13.226 Y-3.744 E0.13256
G0 F7200 X13.8 Y-3.736
G1 F1800 X16.919 Y-.617 E0.11003
G0 F7200 X16.778 Y-1.324
G1 F1800 X14.373 Y-3.729 E0.08484
G0 F7200 X14.947 Y-3.721
G1 F1800 X16.628 Y-2.039 E0.05932
G0 F7200 X16.469 Y-2.765
G1 F1800 X15.518 Y-3.715 E0.03353
G0 F7200 X16.086 Y-3.713
G1 F1800 X16.286 Y-3.513 E0.00706
G0 F7200 X17.048 Y-3.695
G1 F4200 E-3.5
G1 F600 Z20.5
;MESH:NONMESH
G0 F7200 X17.049 Y-3.693 Z20.5
G0 X-.862 Y0.862
;TIME_ELAPSED:1613.204725
;LAYER:133
;MESH:pi 3mm_deformed_tet (6).stl
G0 X-.862 Y0.862 Z20.65
;TYPE:FILL
G1 F600 Z20.15
G1 F4200 E3.5
G1 F3600 X0.952 Y-.952 E0.06399
G1 X1.022 Y-1.022
G0 F7200 X1.017 Y-.81
G0 X-.867 Y-.754
G0 X-.892 Y-.892
G1 F3600 X0.921 Y0.921 E0.06396
G1 X0.991 Y0.991
G1 F4200 E-3.5
G1 F600 Z20.65
G0 F7200 X0.984 Y0.479 Z20.65
G0 X4.487 Y3.892
;TYPE:WALL-INNER
G1 F600 Z20.15
G1 F4200 E3.5
G1 F3600 X5.783 Y3.467 E0.03402
G1 X6.186 Y2.4 E0.02845
G1 X6.986 Y-0.026 E0.06372
G1 X6.07 Y-2.358 E0.0625
G1 X4.353 Y-4.097 E0.06096
G1 X3.96 Y-4.463 E0.0134
G1 X2.122 Y-4.886 E0.04705
G1 X1.373 Y-4.92 E0.0187
G1 X-1.905 Y-4.979 E0.08178
G1 X-4.762 Y-4.864 E0.07133
G1 X-6.746 Y-4.145 E0.05264
G1 X-7.34 Y-3.555 E0.02088
G1 X-8.376 Y-2.348 E0.03968
G1 X-8.509 Y-1.33 E0.02561
G1 X-8.432 Y0.006 E0.03338
G1 X-8.414 Y1.091 E0.02707
G1 X-7.794 Y2.386 E0.03582
G1 X-7.579 Y2.646 E0.00842
G1 X-6.617 Y3.223 E0.02798
G1 X-4.831 Y4.593 E0.05615
G1 X-3.659 Y4.918 E0.03034
G1 X-1.923 Y4.983 E0.04334
G1 X1.749 Y4.905 E0.09162
G1 X3.892 Y4.413 E0.05485
G1 X4.487 Y3.892 E0.01973
G0 F7200 X4.681 Y4.249
;TYPE:WALL-OUTER
G1 F1800 X6.09 Y3.787 E0.03699
G1 X6.563 Y2.533 E0.03343
G1 X7.411 Y-0.038 E0.06753
G1 X6.412 Y-2.58 E0.06813
G1 X4.632 Y-4.384 E0.06322
G1 X4.154 Y-4.829 E0.01629
G1 X2.176 Y-5.284 E0.05063
G1 X1.385 Y-5.32 E0.01975
G1 X-1.909 Y-5.379 E0.08218
G1 X-4.84 Y-5.261 E0.07317
G1 X-6.966 Y-4.491 E0.0564
G1 X-7.633 Y-3.827 E0.02348
G1 X-8.757 Y-2.518 E0.04304
G1 X-8.911 Y-1.344 E0.02954
G1 X-8.832 Y0.012 E0.03388
G1 X-8.812 Y1.185 E0.02926
G1 X-8.134 Y2.603 E0.03921
G1 X-7.843 Y2.954 E0.01137
G1 X-6.845 Y3.551 E0.02901
G1 X-5.013 Y4.957 E0.05761
G1 X-3.721 Y5.316 E0.03345
G1 X-1.926 Y5.383 E0.04481
G1 X1.799 Y5.304 E0.09294
G1 X4.081 Y4.78 E0.05841
G1 X4.681 Y4.249 E0.01999
G0 F7200 X4.871 Y4.187
G1 F4200 E-3.5
G1 F600 Z20.65
G0 F7200 X-2.808 Y0.065 Z20.65
;TYPE:SKIN
G1 F600 Z20.15
G1 F4200 E3.5
G1 F1800 X-2.578 Y0.331 E0.00877
G1 X-1.819 Y0.843 E0.02284
G1 X-.409 Y1.078 E0.03566
G1 X1.23 Y1.054 E0.04089
G1 X1.349 Y0.99 E0.00337
G1 X1.969 Y0.087 E0.02732
G1 X1.979 Y-0.082 E0.00422
G1 X1.35 Y-1.018 E0.02813
G1 X1.245 Y-1.08 E0.00304
G1 X-.44 Y-1.114 E0.04204
G1 X-1.819 Y-.862 E0.03497
G1 X-2.587 Y-.378 E0.02264
G1 X-2.795 Y-.121 E0.00825
G1 X-2.808 Y0.065 E0.00465
G1 F4200 E-3.5
G1 F600 Z20.65
G0 F7200 X-2.198 Y0.062 Z20.65
G0 X4.278 Y3.559
G1 F600 Z20.15
G1 F4200 E3.5
G1 F1800 X3.709 Y4.064 E0.01898
G1 X1.699 Y4.524 E0.05144
G1 X-1.866 Y4.599 E0.08895
G1 X-3.601 Y4.536 E0.04331
G1 X-4.657 Y4.245 E0.02732
G1 X-6.418 Y2.897 E0.05532
G1 X-7.327 Y2.35 E0.02646
G1 X-7.469 Y2.175 E0.00562
G1 X-8.032 Y1 E0.0325
G1 X-8.052 Y-0.004 E0.02505
G1 X-8.127 Y-1.312 E0.03268
G1 X-8.013 Y-2.186 E0.02199
G1 X-7.061 Y-3.291 E0.03638
G1 X-6.534 Y-3.815 E0.01854
G1 X-4.689 Y-4.485 E0.04896
G1 X-1.897 Y-4.596 E0.0697
G1 X1.357 Y-4.54 E0.08118
G1 X2.064 Y-4.505 E0.01766
G1 X3.806 Y-4.106 E0.04458
G1 X5.744 Y-2.14 E0.06886
G1 X6.579 Y-0.017 E0.05691
G1 X5.827 Y2.269 E0.06003
G1 X5.49 Y3.159 E0.02374
G1 X4.278 Y3.559 E0.03184
G0 F7200 X4.716 Y3.204
G1 F1800 X5.588 Y2.332 E0.03076
G1 X5.658 Y2.262
G0 F7200 X5.877 Y1.477
G1 F1800 X3.432 Y3.922 E0.08625
G0 F7200 X2.698 Y4.091
G1 F1800 X6.154 Y0.634 E0.12194
G0 F7200 X6.328 Y-.105
G1 F1800 X1.964 Y4.259 E0.15395
G0 F7200 X1.324 Y4.333
G1 F1800 X6.169 Y-.512 E0.17092
G0 F7200 X6.009 Y-.918
G1 F1800 X0.747 Y4.344 E0.18563
G0 F7200 X0.169 Y4.356
G1 F1800 X5.849 Y-1.324 E0.20038
G0 F7200 X5.689 Y-1.73
G1 F1800 X-.409 Y4.369 E0.21514
G0 F7200 X-.986 Y4.381
G1 F1800 X5.498 Y-2.104 E0.22876
G0 F7200 X5.217 Y-2.389
G1 F1800 X-1.563 Y4.392 E0.2392
G0 F7200 X-2.128 Y4.39
G1 F1800 X1.005 Y1.258 E0.11051
G0 F7200 X0.433 Y1.264
G1 F1800 X-2.673 Y4.37 E0.10957
G0 F7200 X-3.218 Y4.349
G1 F1800 X-.14 Y1.271 E0.10858
G0 F7200 X-.67 Y1.236
G1 F1800 X-3.728 Y4.294 E0.10788
G0 F7200 X-4.172 Y4.172
G1 F1800 X-1.155 Y1.155 E0.10643
G0 F7200 X-1.64 Y1.075
G1 F1800 X-4.602 Y4.036 E0.10447
G0 F7200 X-4.922 Y3.791
G1 F1800 X-2.056 Y0.924 E0.10112
G0 F7200 X-2.394 Y0.697
G1 F1800 X-5.242 Y3.545 E0.10047
G0 F7200 X-5.563 Y3.3
G1 F1800 X-2.724 Y0.462 E0.10014
G0 F7200 X-2.983 Y0.155
G1 F1800 X-5.883 Y3.055 E0.10231
G0 F7200 X-6.203 Y2.809
G1 F1800 X0.952 Y-4.347 E0.25243
G0 F7200 X1.504 Y-4.332
G1 F1800 X-1.752 Y-1.077 E0.11485
G0 F7200 X-1.059 Y-1.204
G1 F1800 X2.042 Y-4.305 E0.1094
G0 F7200 X2.502 Y-4.2
G1 F1800 X-.387 Y-1.31 E0.10193
G0 F7200 X0.17 Y-1.301
G1 F1800 X2.963 Y-4.094 E0.09853
G0 F7200 X3.424 Y-3.989
G1 F1800 X0.726 Y-1.292 E0.09516
G0 F7200 X1.282 Y-1.282
G1 F1800 X3.813 Y-3.813 E0.08929
G0 F7200 X4.094 Y-3.528
G1 F1800 X1.587 Y-1.022 E0.08842
G0 F7200 X1.817 Y-.685
G1 F1800 X4.375 Y-3.243 E0.09024
G0 F7200 X4.656 Y-2.959
G1 F1800 X2.046 Y-.349 E0.09207
G0 F7200 X2.177 Y0.086
G1 F1800 X4.936 Y-2.674 E0.09735
G1 X5.006 Y-2.744
G0 F7200 X5.281 Y-3.014
G0 X3.919 Y-4.306
G0 X2.282 Y-4.684
G0 X0.405 Y-4.836
G0 X0.397 Y-4.356
G1 F1800 X-6.547 Y2.587 E0.24495
G0 F7200 X-6.9 Y2.374
G1 F1800 X-.159 Y-4.366 E0.23779
G0 F7200 X-.715 Y-4.376
G1 F1800 X-7.236 Y2.145 E0.23005
G0 F7200 X-7.437 Y1.78
G1 F1800 X-1.271 Y-4.385 E0.2175
G0 F7200 X-1.827 Y-4.395
G1 F1800 X-7.62 Y1.397 E0.20435
G0 F7200 X-7.803 Y1.015
G1 F1800 X-2.413 Y-4.376 E0.19016
G0 F7200 X-3.002 Y-4.352
G1 F1800 X-7.842 Y0.488 E0.17074
G0 F7200 X-7.855 Y-0.065
G1 F1800 X-3.591 Y-4.329 E0.15042
G0 F7200 X-4.18 Y-4.306
G1 F1800 X-7.886 Y-.6 E0.13074
G0 F7200 X-7.916 Y-1.135
G1 F1800 X-4.83 Y-4.221 E0.10887
G1 X-4.76 Y-4.291
G0 F7200 X-4.909 Y-4.704
G0 X-5.88 Y-4.353
G0 X-5.718 Y-3.899
G1 F1800 X-7.868 Y-1.749 E0.07585
G1 X-7.938 Y-1.679
G1 F4200 E-3.5
G0 F7200 X-8.355 Y-1.736
G0 X-7.222 Y-3.445
G0 X-4.73 Y-4.704
G0 X-1.903 Y-4.818
G0 X2.1 Y-4.726
G0 X3.919 Y-4.306
G0 X5.932 Y-2.267
G0 X7.181 Y-0.031
G0 X8.188 Y-.426
G0 X12.106 Y-.217
G0 X13.17 Y-.257
G0 X13.053 Y-4.149
G0 X16.709 Y-4.122
G0 X18.481 Y-4.008
G0 X18.48 Y-4.147
;TYPE:FILL
G1 F4200 E3.5
G1 F3600 X22.508 Y-.12 E0.14208
G0 F7200 X22.507 Y0.12
G1 F3600 X18.538 Y4.09 E0.14003
G1 X18.468 Y4.16
G0 F7200 X18.471 Y3.95
G0 X17.576 Y2.455
G0 X13.215 Y1.918
;TYPE:WALL-INNER
G1 F3600 X13.09 Y2.88 E0.0242
G1 X13.126 Y4.301 E0.03546
G1 X17.412 Y4.228 E0.10693
G1 X19.091 Y4.26 E0.04189
G1 X22.709 Y4.273 E0.09025
G1 X22.668 Y0.253 E0.10028
G1 X22.664 Y-4.332 E0.11437
G1 X22.16 Y-4.336 E0.01257
G1 X19.011 Y-4.316 E0.07855
G1 X17.258 Y-4.288 E0.04373
G1 X15.102 Y-4.292 E0.05378
G1 X12.834 Y-4.328 E0.05658
G1 X13.219 Y-2.542 E0.04558
G1 X13.308 Y-1.867 E0.01698
G1 X13.377 Y-0.035 E0.04573
G1 X13.215 Y1.918 E0.04889
G0 F7200 X17.625 Y2.465
G0 X17.427 Y4.057
G0 X13.294 Y4.126
G0 X13.276 Y-0.01
G0 X12.977 Y-0.035
;TYPE:WALL-OUTER
G1 F1800 X12.819 Y1.866 E0.04758
G1 X12.689 Y2.859 E0.02498
G1 X12.736 Y4.708 E0.04614
G1 X17.404 Y4.628 E0.11646
G1 X19.089 Y4.66 E0.04204
G1 X23.113 Y4.675 E0.10038
G1 X23.068 Y0.253 E0.11031
G1 X23.064 Y-4.729 E0.12428
G1 X22.158 Y-4.736 E0.0226
G1 X19.005 Y-4.716 E0.07865
G1 X17.259 Y-4.688 E0.04356
G1 X15.108 Y-4.692 E0.05366
G1 X12.337 Y-4.736 E0.06913
G1 X12.823 Y-2.488 E0.05737
G1 X12.907 Y-1.872 E0.01551
G1 X12.977 Y-0.035 E0.04586
G0 F7200 X12.961 Y0.164
G0 X13.259 Y0.189
G0 X13.294 Y4.126
G0 X17.427 Y4.057
G0 X17.625 Y2.464
G0 X17.344 Y2.432
;TYPE:SKIN
G1 F1800 X17.231 Y3.851 E0.03551
G1 X13.495 Y3.912 E0.09321
G1 X13.469 Y2.907 E0.02508
G1 X13.591 Y1.97 E0.02357
G1 X13.757 Y-0.038 E0.05026
G1 X13.688 Y-1.895 E0.04636
G1 X13.595 Y-2.587 E0.01742
G1 X13.305 Y-3.94 E0.03452
G1 X15.092 Y-3.912 E0.04458
G1 X16.951 Y-3.908 E0.04637
G1 X17.277 Y-2.729 E0.03051
G1 X17.831 Y-0.031 E0.06871
G1 X17.344 Y2.432 E0.06263
G0 F7200 X17.625 Y2.464
G0 X17.454 Y3.982
G0 X16.705 Y3.66
G1 F1800 X17.076 Y3.289 E0.01309
G0 F7200 X17.126 Y2.673
G1 F1800 X16.13 Y3.669 E0.03514
G0 F7200 X15.554 Y3.679
G1 F1800 X17.222 Y2.012 E0.05883
G0 F7200 X17.362 Y1.306
G1 F1800 X14.979 Y3.688 E0.08405
G0 F7200 X14.404 Y3.698
G1 F1800 X17.502 Y0.6 E0.10929
G0 F7200 X17.616 Y-0.08
G1 F1800 X13.829 Y3.707 E0.1336
G0 F7200 X13.68 Y3.291
G1 F1800 X17.52 Y-.549 E0.13547
G0 F7200 X17.424 Y-1.019
G1 F1800 X13.697 Y2.708 E0.13148
G0 F7200 X13.782 Y2.058
G1 F1800 X17.328 Y-1.488 E0.12509
G0 F7200 X17.231 Y-1.958
G1 F1800 X13.835 Y1.438 E0.1198
G0 F7200 X13.886 Y0.822
G1 F1800 X17.135 Y-2.427 E0.11462
G0 F7200 X17.026 Y-2.884
G1 F1800 X13.937 Y0.205 E0.10897
G0 F7200 X13.945 Y-.368
G1 F1800 X16.904 Y-3.328 E0.1044
G0 F7200 X16.72 Y-3.709
G1 F1800 X13.924 Y-.914 E0.09862
G0 F7200 X13.904 Y-1.459
G1 F1800 X16.155 Y-3.709 E0.07939
G0 F7200 X15.59 Y-3.711
G1 F1800 X13.876 Y-1.997 E0.06047
G0 F7200 X13.808 Y-2.495
G1 F1800 X15.027 Y-3.713 E0.04299
G0 F7200 X14.47 Y-3.722
G1 F1800 X13.718 Y-2.97 E0.02653
G0 F7200 X13.618 Y-3.436
G1 F1800 X13.913 Y-3.731 E0.01041
G1 F4200 E-3.5
G0 F7200 X17.204 Y-4.052
G0 X12.602 Y-4.52
G0 X11.55 Y-4.292
G0 X2.296 Y-6.147
G0 X-1.92 Y-6.246
G0 X-5.008 Y-6.124
G0 X-12.023 Y-4.183
G0 X-13.087 Y-4.169
G0 X-15.375 Y-4.099
G0 X-17.222 Y-4.12
G0 X-18.488 Y-4.003
G0 X-18.486 Y-4.142
;TYPE:FILL
G1 F4200 E3.5
G1 F3600 X-22.587 Y-0.04 E0.14469
G1 X-22.588 Y0.04
G1 X-18.515 Y4.113 E0.14369
G1 X-18.445 Y4.183
G0 F7200 X-18.447 Y3.974
G0 X-17.376 Y4.087
G0 X-13.335 Y4.172
G0 X-13.512 Y2.538
;TYPE:WALL-INNER
G1 F3600 X-13.403 Y0.468 E0.05171
G1 X-13.364 Y-0.017 E0.01214
G1 X-13.291 Y-2.492 E0.06177
G1 X-13.269 Y-2.798 E0.00765
G1 X-13.289 Y-4.339 E0.03844
G1 X-14.478 Y-4.3 E0.02968
G1 X-17.518 Y-4.291 E0.07583
G1 X-20.343 Y-4.319 E0.07047
G1 X-22.785 Y-4.323 E0.06092
G1 X-22.791 Y-2.437 E0.04705
G1 X-22.747 Y-0.019 E0.06033
G1 X-22.768 Y2.438 E0.06129
G1 X-22.756 Y4.289 E0.04617
G1 X-22.111 Y4.296 E0.01609
G1 X-19.2 Y4.284 E0.07262
G1 X-17.377 Y4.255 E0.04548
G1 X-13.115 Y4.354 E0.10634
G1 X-13.512 Y2.538 E0.04637
G0 F7200 X-13.11 Y2.51
;TYPE:WALL-OUTER
G1 F1800 X-13.004 Y0.5 E0.05021
G1 X-12.964 Y0.005 E0.01239
G1 X-12.892 Y-2.463 E0.06159
G1 X-12.869 Y-2.786 E0.00808
G1 X-12.894 Y-4.753 E0.04907
G1 X-14.479 Y-4.7 E0.03956
G1 X-17.519 Y-4.691 E0.07583
G1 X-20.341 Y-4.719 E0.0704
G1 X-22.165 Y-4.727 E0.0455
G1 X-23.184 Y-4.721 E0.02542
G1 X-23.191 Y-2.43 E0.05715
G1 X-23.147 Y-0.012 E0.06033
G1 X-23.168 Y2.44 E0.06117
G1 X-23.153 Y4.685 E0.056
G1 X-22.109 Y4.696 E0.02604
G1 X-19.194 Y4.684 E0.07272
G1 X-17.377 Y4.655 E0.04533
G1 X-12.615 Y4.768 E0.11882
G1 X-13.11 Y2.51 E0.05766
G0 F7200 X-13.1 Y2.311
G0 X-13.894 Y2.57
;TYPE:SKIN
G1 F1800 X-13.59 Y3.962 E0.03554
G1 X-17.214 Y3.879 E0.09042
G1 X-17.617 Y2.542 E0.03483
G1 X-17.576 Y2.053 E0.01224
G1 X-17.504 Y0.008 E0.05104
G1 X-17.5 Y-2.77 E0.0693
G1 X-17.254 Y-3.908 E0.02904
G1 X-14.475 Y-3.92 E0.06932
G1 X-13.662 Y-3.945 E0.02029
G1 X-13.648 Y-2.81 E0.02831
G1 X-13.668 Y-2.514 E0.0074
G1 X-13.744 Y-0.039 E0.06177
G1 X-13.78 Y0.437 E0.01191
G1 X-13.894 Y2.57 E0.05328
G0 F7200 X-13.615 Y2.547
G0 X-13.335 Y4.172
G0 X-13.857 Y3.675
G1 F1800 X-13.936 Y3.754 E0.00279
G0 F7200 X-13.958 Y3.21
G1 F1800 X-14.489 Y3.741 E0.01873
G0 F7200 X-15.042 Y3.729
G1 F1800 X-14.06 Y2.746 E0.03466
G0 F7200 X-14.075 Y2.196
G1 F1800 X-15.595 Y3.716 E0.05362
G0 F7200 X-16.148 Y3.703
G1 F1800 X-14.042 Y1.597 E0.07429
G0 F7200 X-14.011 Y1
G1 F1800 X-16.701 Y3.69 E0.0949
G0 F7200 X-17.109 Y3.533
G1 F1800 X-13.977 Y0.401 E0.11049
G0 F7200 X-13.94 Y-.202
G1 F1800 X-17.24 Y3.098 E0.11642
G0 F7200 X-17.371 Y2.663
G1 F1800 X-13.922 Y-.786 E0.12167
G0 F7200 X-13.904 Y-1.37
G1 F1800 X-17.38 Y2.106 E0.12263
G0 F7200 X-17.357 Y1.518
G1 F1800 X-13.885 Y-1.954 E0.12248
G0 F7200 X-13.868 Y-2.537
G1 F1800 X-17.336 Y0.931 E0.12234
G0 F7200 X-17.315 Y0.344
G1 F1800 X-13.852 Y-3.118 E0.12215
G0 F7200 X-13.859 Y-3.678
G1 F1800 X-17.303 Y-.233 E0.12151
G0 F7200 X-17.302 Y-.8
G1 F1800 X-14.378 Y-3.724 E0.10315
G0 F7200 X-14.949 Y-3.719
G1 F1800 X-17.301 Y-1.366 E0.08299
G0 F7200 X-17.301 Y-1.933
G1 F1800 X-15.517 Y-3.717 E0.06294
G0 F7200 X-16.085 Y-3.714
G1 F1800 X-17.3 Y-2.499 E0.04286
G0 F7200 X-17.212 Y-3.152
G1 F1800 X-16.653 Y-3.712 E0.01974
G1 F4200 E-3.5
;MESH:NONMESH
G0 F600 X-16.653 Y-3.712 Z20.3
G0 F7200 X-17.511 Y-4.053
G0 X-13.459 Y-4.16
G0 X-13.186 Y-0.004
G0 X-12.105 Y0.078
G0 X-9.678 Y1.157
G0 X-2.639 Y4.279
;TIME_ELAPSED:1646.736361
;LAYER:134
;TYPE:WALL-INNER
;MESH:pi 3mm_deformed_tet (6).stl
G1 F4200 E3.5
G1 F3600 X-1.829 Y4.633 E0.02205
G1 X0.694 Y4.426 E0.06315
G1 X1.376 Y4.416 E0.01701
G1 X3.339 Y3.965 E0.05024
G1 X4.457 Y2.971 E0.03732
G1 X4.67 Y2.849 E0.00612
G1 X5.007 Y2.74 E0.00884
G1 X5.941 Y-0.03 E0.07292
G1 X5.428 Y-1.469 E0.03811
G1 X5.062 Y-2.41 E0.02519
G1 X4.462 Y-3.017 E0.02129
G1 X3.4 Y-4.007 E0.03622
G1 X1.375 Y-4.476 E0.05185
G1 X0.811 Y-4.484 E0.01407
G1 X-1.823 Y-4.751 E0.06604
G1 X-2.316 Y-4.55 E0.01328
G1 X-4.911 Y-3.893 E0.06677
G1 X-6.038 Y-3.485 E0.0299
G1 X-7.245 Y-2.284 E0.04247
G1 X-7.305 Y-1.46 E0.02061
G1 X-7.47 Y-.183 E0.03212
G1 X-7.461 Y0.084 E0.00666
G1 X-7.304 Y0.437 E0.00964
G1 X-6.966 Y1.94 E0.03843
G1 X-6.583 Y2.349 E0.01398
G1 X-4.879 Y3.656 E0.05357
G1 X-2.639 Y4.279 E0.058
G0 F7200 X-2.775 Y4.655
;TYPE:WALL-OUTER
G1 F1800 X-1.897 Y5.04 E0.02391
G1 X0.727 Y4.824 E0.06568
G1 X1.424 Y4.816 E0.01739
G1 X3.529 Y4.332 E0.05388
G1 X4.755 Y3.242 E0.04092
G1 X5.306 Y3.063 E0.01445
G1 X5.479 Y2.592 E0.01252
G1 X6.364 Y-0.034 E0.06913
G1 X5.805 Y-1.603 E0.04155
G1 X5.404 Y-2.632 E0.02755
G1 X4.74 Y-3.304 E0.02357
G1 X3.594 Y-4.373 E0.03909
G1 X1.423 Y-4.876 E0.05559
G1 X0.807 Y-4.885 E0.01537
G1 X-1.885 Y-5.159 E0.0675
G1 X-2.386 Y-4.947 E0.01357
G1 X-5.029 Y-4.276 E0.06802
G1 X-6.258 Y-3.831 E0.03261
G1 X-7.633 Y-2.462 E0.0484
G1 X-7.705 Y-1.478 E0.02461
G1 X-7.871 Y-.202 E0.0321
G1 X-7.857 Y0.182 E0.00959
G1 X-7.692 Y0.536 E0.00974
G1 X-7.332 Y2.134 E0.04086
G1 X-6.853 Y2.647 E0.01751
G1 X-5.061 Y4.021 E0.05633
G1 X-2.775 Y4.655 E0.05918
G0 F7200 X-2.592 Y4.735
G0 X-2.393 Y4.277
G0 X0.682 Y4.325
G0 X0.677 Y4.044
;TYPE:SKIN
G1 F1800 X-1.762 Y4.244 E0.06105
G1 X-2.503 Y3.919 E0.02018
G1 X-4.705 Y3.309 E0.057
G1 X-6.321 Y2.067 E0.05084
G1 X-6.616 Y1.754 E0.01073
G1 X-6.932 Y0.348 E0.03595
G1 X-7.1 Y-0.052 E0.01082
G1 X-6.925 Y-1.418 E0.03435
G1 X-6.874 Y-2.114 E0.01741
G1 X-5.826 Y-3.155 E0.03685
G1 X-4.836 Y-3.516 E0.02629
G1 X-2.206 Y-4.185 E0.06769
G1 X-1.763 Y-4.36 E0.01188
G1 X0.788 Y-4.104 E0.06395
G1 X1.327 Y-4.096 E0.01345
G1 X3.214 Y-3.657 E0.04833
G1 X4.192 Y-2.744 E0.03337
G1 X4.736 Y-2.196 E0.01926
G1 X5.085 Y-1.29 E0.02422
G1 X5.536 Y-0.026 E0.03348
G1 X4.698 Y2.437 E0.0649
G1 X4.236 Y2.662 E0.01282
G1 X3.157 Y3.616 E0.03593
G1 X1.328 Y4.036 E0.04681
G1 X0.677 Y4.044 E0.01624
G0 F7200 X0.682 Y4.325
G0 X-1.801 Y4.469
G0 X-4.805 Y3.509
G0 X-6.474 Y2.23
G0 X-6.953 Y1.542
G0 X-6.482 Y1.438
G1 F1800 X-5.385 Y2.534 E0.03868
G1 X-5.315 Y2.604
G0 F7200 X-5.6 Y2.976
G0 X-4.208 Y3.738
G0 X-4.079 Y3.275
G1 F1800 X-6.647 Y0.707 E0.09059
G1 X-6.717 Y0.637
G0 F7200 X-6.892 Y-.104
G1 F1800 X-3.296 Y3.492 E0.12686
G1 X-3.226 Y3.562
G0 F7200 X-2.514 Y3.709
G1 F1800 X-6.829 Y-.606 E0.15222
G0 F7200 X-6.764 Y-1.107
G1 F1800 X-1.624 Y4.033 E0.18133
G0 F7200 X-1.102 Y3.989
G1 F1800 X-6.71 Y-1.619 E0.19784
G0 F7200 X-6.614 Y-2.089
G1 F1800 X-.579 Y3.946 E0.2129
G0 F7200 X-0.057 Y3.903
G1 F1800 X-6.331 Y-2.371 E0.22133
G0 F7200 X-6.046 Y-2.652
G1 F1800 X0.467 Y3.861 E0.22976
G0 F7200 X1.011 Y3.84
G1 F1800 X-5.763 Y-2.934 E0.23897
G0 F7200 X-5.37 Y-3.108
G1 F1800 X1.523 Y3.786 E0.24319
G0 F7200 X1.983 Y3.68
G1 F1800 X-4.956 Y-3.259 E0.24479
G0 F7200 X-4.521 Y-3.39
G1 F1800 X2.443 Y3.574 E0.24567
G0 F7200 X2.903 Y3.469
G1 F1800 X-4.071 Y-3.505 E0.24603
G0 F7200 X-3.62 Y-3.62
G1 F1800 X3.258 Y3.258 E0.24264
G0 F7200 X3.558 Y2.992
G1 F1800 X-3.169 Y-3.735 E0.23731
G0 F7200 X-2.718 Y-3.849
G1 F1800 X3.857 Y2.726 E0.23195
G0 F7200 X4.17 Y2.473
G1 F1800 X-2.268 Y-3.965 E0.22712
G0 F7200 X-1.848 Y-4.111
G1 F1800 X4.54 Y2.278 E0.22537
G0 F7200 X4.684 Y1.855
G1 F1800 X-1.282 Y-4.11 E0.21045
G0 F7200 X-.653 Y-4.047
G1 F1800 X4.828 Y1.434 E0.19336
G0 F7200 X4.972 Y1.012
G1 F1800 X-0.024 Y-3.984 E0.17625
G0 F7200 X0.605 Y-3.921
G1 F1800 X5.116 Y0.59 E0.15914
G0 F7200 X5.259 Y0.168
G1 F1800 X1.194 Y-3.898 E0.14342
G0 F7200 X1.9 Y-3.757
G1 F1800 X5.153 Y-.503 E0.11478
G1 X5.223 Y-.433
G0 F7200 X5.638 Y-.58
G0 X5.284 Y-1.565
G0 X4.832 Y-1.39
G1 F1800 X2.638 Y-3.585 E0.07742
G1 X2.568 Y-3.655
G1 F4200 E-3.5
G0 F7200 X2.665 Y-4.074
G0 X1.355 Y-4.316
G0 X-1.798 Y-4.586
G0 X-6.143 Y-3.641
G0 X-6.908 Y-4.408
G0 X-12.745 Y-3.545
G0 X-13.828 Y-3.531
G0 X-17.943 Y-4.12
G0 X-18.492 Y-4.136
;TYPE:FILL
G1 F4200 E3.5
G1 F3600 X-22.548 Y-0.08 E0.14309
G1 X-22.548 Y0.079
G1 X-18.518 Y4.11 E0.14219
G1 X-18.448 Y4.18
G0 F7200 X-18.45 Y3.971
G0 X-14.157 Y4.156
G0 X-14.336 Y2.521
;TYPE:WALL-INNER
G1 F3600 X-14.271 Y1.286 E0.03085
G1 X-14.172 Y-0.02 E0.03267
G1 X-14.1 Y-2.454 E0.06074
G1 X-14.008 Y-3.539 E0.02716
G1 X-14.017 Y-4.315 E0.01936
G1 X-14.585 Y-4.296 E0.01418
G1 X-17.499 Y-4.284 E0.07269
G1 X-20.315 Y-4.315 E0.07025
G1 X-22.745 Y-4.322 E0.06062
G1 X-22.752 Y-2.433 E0.04712
G1 X-22.707 Y-0.011 E0.06043
G1 X-22.732 Y2.44 E0.06114
G1 X-22.716 Y4.286 E0.04605
G1 X-18.936 Y4.276 E0.09429
G1 X-17.333 Y4.256 E0.03999
G1 X-13.941 Y4.337 E0.08464
G1 X-14.336 Y2.521 E0.04636
G0 F7200 X-13.934 Y2.49
;TYPE:WALL-OUTER
G1 F1800 X-13.872 Y1.316 E0.02933
G1 X-13.772 Y0.001 E0.0329
G1 X-13.7 Y-2.453 E0.06124
G1 X-13.608 Y-3.524 E0.02681
G1 X-13.622 Y-4.729 E0.03006
G1 X-14.587 Y-4.696 E0.02409
G1 X-17.495 Y-4.684 E0.07254
G1 X-20.313 Y-4.715 E0.0703
G1 X-23.144 Y-4.72 E0.07062
G1 X-23.152 Y-2.426 E0.05722
G1 X-23.107 Y-0.009 E0.0603
G1 X-23.132 Y2.443 E0.06117
G1 X-23.113 Y4.684 E0.0559
G1 X-18.931 Y4.676 E0.10432
G1 X-17.343 Y4.656 E0.03962
G1 X-13.39 Y4.749 E0.09864
G1 X-13.616 Y3.947 E0.02079
G1 X-13.934 Y2.49 E0.0372
G0 F7200 X-13.924 Y2.291
G0 X-14.718 Y2.55
;TYPE:SKIN
G1 F1800 X-14.41 Y3.946 E0.03566
G1 X-17.758 Y3.866 E0.08354
G1 X-18.139 Y2.441 E0.0368
G1 X-18.044 Y0.004 E0.06084
G1 X-18.071 Y-2.434 E0.06082
G1 X-17.916 Y-3.244 E0.02057
G1 X-17.774 Y-3.9 E0.01674
G1 X-14.391 Y-3.915 E0.08439
G1 X-14.388 Y-3.556 E0.00896
G1 X-14.476 Y-2.517 E0.02601
G1 X-14.552 Y-0.039 E0.06184
G1 X-14.648 Y1.257 E0.03242
G1 X-14.718 Y2.55 E0.0323
G0 F7200 X-14.438 Y2.531
G0 X-14.157 Y4.156
G0 X-17.264 Y4.156
G0 X-17.253 Y3.677
G1 F1800 X-17.729 Y3.201 E0.01679
G0 F7200 X-17.936 Y2.428
G1 F1800 X-16.674 Y3.69 E0.04452
G0 F7200 X-16.094 Y3.705
G1 F1800 X-17.918 Y1.881 E0.06435
G0 F7200 X-17.896 Y1.337
G1 F1800 X-15.515 Y3.719 E0.08401
G0 F7200 X-14.935 Y3.733
G1 F1800 X-17.875 Y0.793 E0.10372
G0 F7200 X-17.854 Y0.248
G1 F1800 X-14.744 Y3.358 E0.10971
G0 F7200 X-14.903 Y2.633
G1 F1800 X-17.848 Y-.312 E0.10389
G0 F7200 X-17.854 Y-.884
G1 F1800 X-14.892 Y2.079 E0.10451
G0 F7200 X-14.863 Y1.542
G1 F1800 X-17.86 Y-1.455 E0.10573
G0 F7200 X-17.866 Y-2.027
G1 F1800 X-14.829 Y1.01 E0.10714
G0 F7200 X-14.791 Y0.483
G1 F1800 X-17.842 Y-2.568 E0.10763
G0 F7200 X-17.751 Y-3.043
G1 F1800 X-14.752 Y-0.045 E0.10578
G0 F7200 X-14.735 Y-.593
G1 F1800 X-17.654 Y-3.511 E0.10296
G0 F7200 X-17.278 Y-3.702
G1 F1800 X-14.718 Y-1.142 E0.09031
G0 F7200 X-14.701 Y-1.69
G1 F1800 X-16.715 Y-3.705 E0.07107
G0 F7200 X-16.152 Y-3.707
G1 F1800 X-14.684 Y-2.239 E0.05179
G0 F7200 X-14.655 Y-2.775
G1 F1800 X-15.588 Y-3.709 E0.03293
G0 F7200 X-15.025 Y-3.712
G1 F1800 X-14.611 Y-3.297 E0.01462
G1 F4200 E-3.5
G0 F7200 X-14.134 Y-3.256
G0 X-12.745 Y-3.545
G0 X-2.016 Y-6.041
G0 X0.857 Y-5.799
G0 X12.357 Y-4.188
G0 X13.386 Y-4.501
G0 X15.82 Y-4.285
G0 X18.489 Y-4.001
G0 X18.488 Y-4.139
;TYPE:FILL
G1 F4200 E3.5
G1 F3600 X22.464 Y-.163 E0.14026
G0 F7200 X22.465 Y0.163
G1 F3600 X18.54 Y4.088 E0.13846
G1 X18.47 Y4.158
G0 F7200 X18.473 Y3.948
G0 X14.062 Y4.107
G0 X14.219 Y0.974
;TYPE:WALL-INNER
G1 F3600 X14.015 Y2.472 E0.03771
G1 X13.877 Y3.582 E0.0279
G1 X13.894 Y4.282 E0.01747
G1 X17.383 Y4.228 E0.08704
G1 X18.83 Y4.252 E0.0361
G1 X22.669 Y4.269 E0.09577
G1 X22.624 Y0.084 E0.1044
G1 X22.624 Y-4.326 E0.11001
G1 X20.162 Y-4.32 E0.06142
G1 X17.222 Y-4.284 E0.07334
G1 X14.874 Y-4.288 E0.05857
G1 X13.641 Y-4.307 E0.03076
G1 X13.771 Y-3.883 E0.01106
G1 X14.055 Y-2.571 E0.03349
G1 X14.262 Y-1.008 E0.03933
G1 X14.3 Y-0.02 E0.02466
G1 X14.219 Y0.974 E0.02488
G0 F7200 X13.819 Y0.952
;TYPE:WALL-OUTER
G1 F1800 X13.619 Y2.41 E0.03671
G1 X13.477 Y3.562 E0.02895
G1 X13.504 Y4.688 E0.0281
G1 X17.376 Y4.628 E0.0966
G1 X18.828 Y4.652 E0.03623
G1 X23.073 Y4.671 E0.10589
G1 X23.024 Y0.084 E0.11443
G1 X23.024 Y-4.727 E0.12001
G1 X20.157 Y-4.72 E0.07152
G1 X17.223 Y-4.684 E0.07319
G1 X14.88 Y-4.688 E0.05845
G1 X13.099 Y-4.715 E0.04443
G1 X13.392 Y-3.751 E0.02513
G1 X13.667 Y-2.471 E0.03266
G1 X13.864 Y-.974 E0.03766
G1 X13.9 Y-0.019 E0.02384
G1 X13.819 Y0.952 E0.02431
G0 F7200 X13.792 Y1.15
G0 X14.089 Y1.191
G0 X14.062 Y4.107
G0 X18.011 Y4.067
G0 X18.164 Y2.39
G0 X17.886 Y2.355
;TYPE:SKIN
G1 F1800 X17.81 Y3.842 E0.03714
G1 X14.263 Y3.893 E0.08849
G1 X14.256 Y3.606 E0.00716
G1 X14.595 Y1.019 E0.06508
G1 X14.68 Y-0.003 E0.02558
G1 X14.639 Y-1.055 E0.02626
G1 X14.439 Y-2.575 E0.03824
G1 X14.152 Y-3.916 E0.03421
G1 X14.865 Y-3.908 E0.01779
G1 X17.525 Y-3.908 E0.06635
G1 X17.873 Y-2.492 E0.03637
G1 X17.889 Y-2.281 E0.00528
G1 X18.281 Y-0.031 E0.05697
G1 X17.886 Y2.355 E0.06033
G0 F7200 X18.164 Y2.39
G0 X18.011 Y4.067
G0 X14.062 Y4.107
G0 X14.034 Y3.136
G0 X14.508 Y3.195
G1 F1800 X14.996 Y3.683 E0.01722
G0 F7200 X15.555 Y3.676
G1 F1800 X14.572 Y2.693 E0.03468
G0 F7200 X14.638 Y2.193
G1 F1800 X16.114 Y3.668 E0.05205
G0 F7200 X16.672 Y3.661
G1 F1800 X14.705 Y1.694 E0.06939
G0 F7200 X14.773 Y1.196
G1 F1800 X17.231 Y3.654 E0.08671
G0 F7200 X17.628 Y3.486
G1 F1800 X14.822 Y0.68 E0.09899
G0 F7200 X14.866 Y0.158
G1 F1800 X17.656 Y2.949 E0.09844
G0 F7200 X17.685 Y2.411
G1 F1800 X14.865 Y-.409 E0.09948
G0 F7200 X14.841 Y-.998
G1 F1800 X17.756 Y1.917 E0.10283
G0 F7200 X17.837 Y1.432
G1 F1800 X14.761 Y-1.644 E0.10851
G0 F7200 X14.675 Y-2.295
G1 F1800 X17.917 Y0.946 E0.11435
G0 F7200 X17.997 Y0.46
G1 F1800 X14.557 Y-2.98 E0.12136
G0 F7200 X14.403 Y-3.699
G1 F1800 X18.077 Y-0.025 E0.12961
G0 F7200 X17.961 Y-.707
G1 F1800 X14.956 Y-3.712 E0.10601
G0 F7200 X15.522 Y-3.711
G1 F1800 X17.842 Y-1.392 E0.08183
G0 F7200 X17.722 Y-2.077
G1 F1800 X16.089 Y-3.71 E0.05761
G0 F7200 X16.656 Y-3.709
G1 F1800 X17.598 Y-2.766 E0.03325
G0 F7200 X17.408 Y-3.523
G1 F1800 X17.222 Y-3.708 E0.00654
G1 F4200 E-3.5
;MESH:NONMESH
G0 F600 X17.222 Y-3.708 Z20.45
G0 F7200 X17.767 Y-4.054
G0 X13.386 Y-4.501
G0 X12.357 Y-4.188
G0 X5.368 Y-3.904
G0 X-3.876 Y-3.234
;TIME_ELAPSED:1674.764993
;LAYER:135
;TYPE:WALL-INNER
;MESH:pi 3mm_deformed_tet (6).stl
G1 F4200 E3.5
G1 F3600 X-4.955 Y-2.961 E0.02776
G1 X-5.33 Y-2.825 E0.00995
G1 X-5.789 Y-2.37 E0.01612
G1 X-6.533 Y-1.573 E0.0272
G1 X-6.647 Y-0.025 E0.03872
G1 X-6.342 Y1.324 E0.0345
G1 X-5.307 Y2.429 E0.03777
G1 X-4.923 Y2.724 E0.01208
G1 X-4.302 Y2.902 E0.01611
G1 X-1.829 Y3.989 E0.06739
G1 X-0.057 Y3.846 E0.04435
G1 X1.448 Y3.824 E0.03755
G1 X2.788 Y3.517 E0.03429
G1 X4.051 Y2.396 E0.04213
G1 X4.369 Y1.518 E0.02329
G1 X4.889 Y-0.019 E0.04048
G1 X4.393 Y-1.43 E0.03731
G1 X4.014 Y-2.459 E0.02735
G1 X2.839 Y-3.559 E0.04015
G1 X1.451 Y-3.881 E0.03554
G1 X0.049 Y-3.9 E0.03498
G1 X-1.824 Y-4.087 E0.04695
G1 X-3.876 Y-3.234 E0.05543
G0 F7200 X-3.962 Y-3.627
;TYPE:WALL-OUTER
G1 F1800 X-5.073 Y-3.344 E0.0286
G1 X-5.55 Y-3.171 E0.01266
G1 X-6.076 Y-2.648 E0.0185
G1 X-6.921 Y-1.743 E0.03089
G1 X-7.05 Y0.005 E0.04372
G1 X-6.708 Y1.518 E0.03869
G1 X-5.577 Y2.727 E0.0413
G1 X-5.105 Y3.089 E0.01484
G1 X-4.463 Y3.268 E0.01663
G1 X-1.897 Y4.396 E0.06992
G1 X-0.025 Y4.244 E0.04685
G1 X1.496 Y4.224 E0.03794
G1 X2.977 Y3.884 E0.0379
G1 X4.393 Y2.628 E0.04722
G1 X4.735 Y1.685 E0.02502
G1 X5.312 Y-0.022 E0.04495
G1 X4.77 Y-1.563 E0.04075
G1 X4.356 Y-2.686 E0.02986
G1 X3.034 Y-3.925 E0.0452
G1 X1.499 Y-4.28 E0.0393
G1 X0.047 Y-4.301 E0.03622
G1 X-1.885 Y-4.495 E0.04844
G1 X-3.962 Y-3.627 E0.05615
G0 F7200 X-4.155 Y-3.578
G0 X-4.03 Y-3.092
G0 X-5.242 Y-2.685
G0 X-6.374 Y-1.504
G0 X-6.484 Y-0.038
G0 X-6.194 Y1.245
G0 X-5.198 Y2.31
G0 X-1.801 Y3.825
G0 X-0.069 Y3.745
G0 X-0.071 Y3.464
;TYPE:SKIN
G1 F1800 X-1.761 Y3.6 E0.04229
G1 X-4.233 Y2.517 E0.06732
G1 X-4.748 Y2.377 E0.01331
G1 X-5.044 Y2.147 E0.00935
G1 X-5.993 Y1.138 E0.03455
G1 X-6.262 Y-0.052 E0.03043
G1 X-6.161 Y-1.411 E0.03399
G1 X-5.516 Y-2.104 E0.02362
G1 X-5.079 Y-2.533 E0.01528
G1 X-3.778 Y-2.866 E0.0335
G1 X-1.765 Y-3.696 E0.05432
G1 X0.028 Y-3.52 E0.04494
G1 X1.403 Y-3.5 E0.0343
G1 X2.654 Y-3.209 E0.03204
G1 X3.688 Y-2.238 E0.03538
G1 X4.046 Y-1.27 E0.02575
G1 X4.484 Y-0.015 E0.03316
G1 X4.007 Y1.393 E0.03708
G1 X3.725 Y2.172 E0.02067
G1 X2.605 Y3.168 E0.03739
G1 X1.4 Y3.444 E0.03084
G1 X-0.071 Y3.464 E0.0367
G0 F7200 X-0.069 Y3.745
G0 X1.428 Y3.664
G0 X2.711 Y3.368
G0 X3.914 Y2.302
G0 X4.302 Y1.4
G0 X3.845 Y1.247
G1 F1800 X1.987 Y3.104 E0.06553
G0 F7200 X1.28 Y3.246
G1 F1800 X4.135 Y0.39 E0.10074
G0 F7200 X4.195 Y-.235
G1 F1800 X0.706 Y3.253 E0.12307
G0 F7200 X0.133 Y3.261
G1 F1800 X4.049 Y-.655 E0.13815
G0 F7200 X3.903 Y-1.074
G1 F1800 X-.466 Y3.294 E0.15411
G0 F7200 X-1.082 Y3.345
G1 F1800 X3.752 Y-1.489 E0.17053
G0 F7200 X3.599 Y-1.902
G1 F1800 X-1.698 Y3.395 E0.18687
G0 F7200 X-2.102 Y3.234
G1 F1800 X3.383 Y-2.251 E0.1935
G0 F7200 X3.091 Y-2.525
G1 F1800 X-2.495 Y3.061 E0.19706
G0 F7200 X-2.889 Y2.889
G1 F1800 X2.799 Y-2.799 E0.20066
G0 F7200 X2.478 Y-3.044
G1 F1800 X-3.282 Y2.717 E0.20322
G0 F7200 X-3.676 Y2.544
G1 F1800 X2.019 Y-3.151 E0.20091
G0 F7200 X1.561 Y-3.258
G1 F1800 X-4.069 Y2.372 E0.19861
G0 F7200 X-4.5 Y2.237
G1 F1800 X1.043 Y-3.306 E0.19554
G0 F7200 X0.486 Y-3.314
G1 F1800 X-4.863 Y2.035 E0.1887
G0 F7200 X-5.143 Y1.749
G1 F1800 X-0.065 Y-3.329 E0.17914
G0 F7200 X-.581 Y-3.379
G1 F1800 X-5.417 Y1.457 E0.1706
G0 F7200 X-5.692 Y1.166
G1 F1800 X-1.096 Y-3.429 E0.16212
G0 F7200 X-1.611 Y-3.48
G1 F1800 X-5.869 Y0.778 E0.15021
G0 F7200 X-5.973 Y0.316
G1 F1800 X-2.466 Y-3.191 E0.12372
G1 X-2.396 Y-3.261
G0 F7200 X-2.565 Y-3.671
G0 X-3.927 Y-3.118
G0 X-3.427 Y-2.795
G1 F1800 X-6.052 Y-.17 E0.0926
G0 F7200 X-6.007 Y-.781
G1 F1800 X-4.25 Y-2.539 E0.062
G1 X-4.18 Y-2.609
G1 F4200 E-3.5
G0 F7200 X-4.285 Y-3.027
G0 X-5.146 Y-2.719
G0 X-6.71 Y-1.653
G0 X-7.79 Y-1.731
G0 X-13.659 Y-1.86
G0 X-14.741 Y-1.891
G0 X-14.936 Y-4.119
G0 X-18.443 Y-4.12
G0 X-18.497 Y-4.13
;TYPE:FILL
G1 F4200 E3.5
G1 F3600 X-22.514 Y-.114 E0.14169
G0 F7200 X-22.514 Y0.114
G1 F3600 X-18.517 Y4.11 E0.14099
G1 X-18.447 Y4.18
G0 F7200 X-18.479 Y3.975
G0 X-14.914 Y4.13
G0 X-15.138 Y2.687
;TYPE:WALL-INNER
G1 F3600 X-15.159 Y2.48 E0.00519
G1 X-14.976 Y-0.023 E0.0626
G1 X-14.902 Y-2.476 E0.06122
G1 X-14.749 Y-4.293 E0.04549
G1 X-17.461 Y-4.279 E0.06765
G1 X-20.28 Y-4.307 E0.07032
G1 X-22.706 Y-4.317 E0.06052
G1 X-22.716 Y-2.427 E0.04715
G1 X-22.672 Y-0.027 E0.05988
G1 X-22.692 Y2.438 E0.06149
G1 X-22.676 Y4.279 E0.04593
G1 X-18.661 Y4.271 E0.10015
G1 X-17.31 Y4.252 E0.0337
G1 X-14.679 Y4.313 E0.06565
G1 X-15.138 Y2.687 E0.04215
G0 F7200 X-14.763 Y2.545
;TYPE:WALL-OUTER
G1 F1800 X-14.576 Y-0.003 E0.06373
G1 X-14.504 Y-2.442 E0.06087
G1 X-14.348 Y-4.26 E0.04552
G1 X-14.354 Y-4.694 E0.01083
G1 X-17.463 Y-4.679 E0.07756
G1 X-20.278 Y-4.707 E0.07022
G1 X-23.104 Y-4.719 E0.0705
G1 X-23.116 Y-2.42 E0.05735
G1 X-23.072 Y-0.03 E0.05963
G1 X-23.092 Y2.441 E0.06164
G1 X-23.073 Y4.679 E0.05583
G1 X-18.655 Y4.671 E0.11021
G1 X-17.319 Y4.652 E0.03333
G1 X-14.147 Y4.725 E0.07915
G1 X-14.763 Y2.545 E0.05651
G0 F7200 X-14.749 Y2.346
G0 X-15.508 Y2.761
;TYPE:SKIN
G1 F1800 X-15.183 Y3.921 E0.03005
G1 X-17.299 Y3.872 E0.0528
G1 X-18.21 Y3.882 E0.02273
G1 X-18.587 Y2.458 E0.03675
G1 X-18.584 Y1.745 E0.01779
G1 X-18.515 Y-0.011 E0.04384
G1 X-18.547 Y-2.437 E0.06052
G1 X-18.459 Y-2.991 E0.01399
G1 X-18.269 Y-3.905 E0.02329
G1 X-17.459 Y-3.896 E0.02021
G1 X-15.159 Y-3.91 E0.05737
G1 X-15.28 Y-2.506 E0.03515
G1 X-15.356 Y-0.043 E0.06147
G1 X-15.536 Y2.485 E0.06322
G1 X-15.508 Y2.761 E0.00692
G0 F7200 X-15.481 Y3.601
G1 F1800 X-15.592 Y3.712 E0.00392
G0 F7200 X-16.145 Y3.7
G1 F1800 X-15.603 Y3.158 E0.01912
G0 F7200 X-15.714 Y2.703
G1 F1800 X-16.697 Y3.686 E0.03468
G0 F7200 X-17.25 Y3.673
G1 F1800 X-15.715 Y2.138 E0.05415
G0 F7200 X-15.671 Y1.529
G1 F1800 X-17.821 Y3.678 E0.07583
G0 F7200 X-18.125 Y3.417
G1 F1800 X-15.627 Y0.919 E0.08812
G0 F7200 X-15.583 Y0.31
G1 F1800 X-18.244 Y2.971 E0.09387
G0 F7200 X-18.362 Y2.523
G1 F1800 X-15.549 Y-.291 E0.09925
G0 F7200 X-15.53 Y-.875
G1 F1800 X-18.385 Y1.98 E0.10072
G0 F7200 X-18.37 Y1.399
G1 F1800 X-15.513 Y-1.458 E0.10079
G0 F7200 X-15.494 Y-2.042
G1 F1800 X-18.347 Y0.811 E0.10065
G0 F7200 X-18.324 Y0.222
G1 F1800 X-15.469 Y-2.633 E0.10072
G0 F7200 X-15.417 Y-3.251
G1 F1800 X-18.32 Y-.348 E0.10241
G0 F7200 X-18.327 Y-.907
G1 F1800 X-15.525 Y-3.708 E0.09883
G0 F7200 X-16.094 Y-3.705
G1 F1800 X-18.335 Y-1.464 E0.07906
G0 F7200 X-18.342 Y-2.023
G1 F1800 X-16.664 Y-3.701 E0.0592
G0 F7200 X-17.233 Y-3.697
G1 F1800 X-18.316 Y-2.614 E0.03821
G0 F7200 X-18.187 Y-3.309
G1 F1800 X-17.796 Y-3.7 E0.01379
G1 F4200 E-3.5
G0 F7200 X-18.526 Y-4.051
G0 X-14.569 Y-4.267
G0 X-13.486 Y-4.282
G0 X-2.016 Y-5.378
G0 X0.037 Y-5.245
G0 X13.111 Y-4.17
G0 X14.14 Y-4.482
G0 X18.188 Y-4.123
G0 X18.492 Y-4.135
;TYPE:FILL
G1 F4200 E3.5
G1 F3600 X22.424 Y-.203 E0.13871
G0 F7200 X22.427 Y0.201
G1 F3600 X18.542 Y4.085 E0.13704
G1 X18.472 Y4.155
G0 F7200 X18.554 Y3.948
G0 X14.864 Y4.089
G0 X15.224 Y-0.023
;TYPE:WALL-INNER
G1 F3600 X14.891 Y2.455 E0.06237
G1 X14.666 Y4.266 E0.04552
G1 X17.358 Y4.224 E0.06716
G1 X18.567 Y4.244 E0.03016
G1 X22.626 Y4.265 E0.10125
G1 X22.584 Y-0.038 E0.10734
G1 X22.58 Y-4.322 E0.10686
G1 X20.122 Y-4.316 E0.06132
G1 X17.187 Y-4.28 E0.07322
G1 X14.394 Y-4.287 E0.06967
G1 X14.89 Y-2.662 E0.04238
G1 X15.224 Y-0.023 E0.06636
G0 F7200 X14.827 Y-0.03
;TYPE:WALL-OUTER
G1 F1800 X14.494 Y2.406 E0.06133
G1 X14.264 Y4.262 E0.04665
G1 X14.275 Y4.672 E0.01023
G1 X17.352 Y4.624 E0.07677
G1 X18.565 Y4.644 E0.03026
G1 X23.03 Y4.667 E0.11138
G1 X22.984 Y-0.038 E0.11737
G1 X22.98 Y-4.723 E0.11687
G1 X20.117 Y-4.716 E0.07142
G1 X17.187 Y-4.68 E0.07309
G1 X14.648 Y-4.684 E0.06334
G1 X13.852 Y-4.695 E0.01986
G1 X14.499 Y-2.562 E0.0556
G1 X14.827 Y-0.03 E0.06369
G0 F7200 X14.8 Y0.168
G0 X15.611 Y-0.027
;TYPE:SKIN
G1 F1800 X15.263 Y-2.73 E0.06798
G1 X14.907 Y-3.899 E0.03048
G1 X17.184 Y-3.9 E0.0568
G1 X18.019 Y-3.91 E0.02083
G1 X18.362 Y-2.491 E0.03642
G1 X18.42 Y-1.818 E0.01685
G1 X18.733 Y-0.031 E0.04526
G1 X18.438 Y1.739 E0.04476
G1 X18.392 Y2.392 E0.01633
G1 X18.321 Y2.967 E0.01445
G1 X18.277 Y3.857 E0.02223
G1 X17.402 Y3.844 E0.02183
G1 X15.096 Y3.876 E0.05753
G1 X15.267 Y2.502 E0.03454
G1 X15.611 Y-0.027 E0.06367
G0 F7200 X15.332 Y-0.03
G0 X14.634 Y-4.105
G0 X18.188 Y-4.123
G0 X15.271 Y-3.391
G1 F1800 X15.58 Y-3.7 E0.0109
G0 F7200 X16.147 Y-3.702
G1 F1800 X15.401 Y-2.956 E0.02632
G0 F7200 X15.496 Y-2.485
G1 F1800 X16.715 Y-3.705 E0.04302
G0 F7200 X17.283 Y-3.707
G1 F1800 X15.56 Y-1.983 E0.0608
G0 F7200 X15.624 Y-1.481
G1 F1800 X17.85 Y-3.708 E0.07855
G0 F7200 X17.969 Y-3.261
G1 F1800 X15.687 Y-.979 E0.0805
G0 F7200 X15.751 Y-.477
G1 F1800 X18.08 Y-2.807 E0.08218
G0 F7200 X18.175 Y-2.336
G1 F1800 X15.8 Y0.04 E0.0838
G0 F7200 X15.712 Y0.693
G1 F1800 X18.22 Y-1.815 E0.08848
G0 F7200 X18.303 Y-1.332
G1 F1800 X15.624 Y1.346 E0.09449
G0 F7200 X15.537 Y2
G1 F1800 X18.387 Y-.851 E0.10056
G0 F7200 X18.47 Y-.368
G1 F1800 X15.45 Y2.652 E0.10654
G0 F7200 X15.37 Y3.298
G1 F1800 X18.496 Y0.172 E0.11028
G0 F7200 X18.383 Y0.85
G1 F1800 X15.563 Y3.67 E0.09948
G0 F7200 X16.137 Y3.662
G1 F1800 X18.271 Y1.528 E0.07528
G0 F7200 X18.207 Y2.157
G1 F1800 X16.71 Y3.654 E0.05281
G0 F7200 X17.284 Y3.647
G1 F1800 X18.142 Y2.789 E0.03027
G0 F7200 X18.1 Y3.396
G1 F1800 X17.845 Y3.651 E0.009
G1 F4200 E-3.5
;MESH:NONMESH
G0 F600 X17.845 Y3.651 Z20.6
G0 F7200 X18.552 Y3.996
G0 X14.486 Y4.264
G0 X13.41 Y4.132
G0 X5.224 Y2.873
G0 X-.818 Y3.265
;TIME_ELAPSED:1699.193403
;LAYER:136
;TYPE:WALL-INNER
;MESH:pi 3mm_deformed_tet (6).stl
G1 F4200 E3.5
G1 F3600 X1.52 Y3.232 E0.05833
G1 X2.239 Y3.069 E0.01839
G1 X2.903 Y2.476 E0.02221
G1 X3.67 Y0.38 E0.05568
G1 X3.94 Y-0.02 E0.01204
G1 X3.677 Y-.418 E0.0119
G1 X2.901 Y-2.523 E0.05596
G1 X2.279 Y-3.107 E0.02128
G1 X1.523 Y-3.28 E0.01935
G1 X-.712 Y-3.312 E0.05576
G1 X-1.825 Y-3.423 E0.0279
G1 X-4.396 Y-2.348 E0.06951
G1 X-4.565 Y-2.244 E0.00495
G1 X-4.737 Y-2.022 E0.00701
G1 X-5.821 Y-.861 E0.03962
G1 X-5.882 Y-0.026 E0.02088
G1 X-5.715 Y0.708 E0.01878
G1 X-4.782 Y1.71 E0.03415
G1 X-4.441 Y2.096 E0.01285
G1 X-3.994 Y2.396 E0.01343
G1 X-1.829 Y3.349 E0.05901
G1 X-.818 Y3.265 E0.02531
G0 F7200 X-.785 Y3.664
;TYPE:WALL-OUTER
G1 F1800 X1.568 Y3.632 E0.0587
G1 X2.429 Y3.436 E0.02203
G1 X3.245 Y2.708 E0.02728
G1 X4.028 Y0.558 E0.05708
G1 X4.425 Y-0.018 E0.01745
G1 X4.039 Y-.59 E0.01721
G1 X3.244 Y-2.75 E0.05742
G1 X2.474 Y-3.473 E0.02635
G1 X1.571 Y-3.68 E0.02311
G1 X-.715 Y-3.713 E0.05703
G1 X-1.885 Y-3.831 E0.02933
G1 X-4.58 Y-2.705 E0.07286
G1 X-4.839 Y-2.545 E0.00759
G1 X-5.029 Y-2.295 E0.00783
G1 X-6.209 Y-1.031 E0.04313
G1 X-6.286 Y0.004 E0.02589
G1 X-6.081 Y0.902 E0.02298
G1 X-5.082 Y1.975 E0.03657
G1 X-4.707 Y2.4 E0.01414
G1 X-4.187 Y2.748 E0.01561
G1 X-1.897 Y3.756 E0.06241
G1 X-.785 Y3.664 E0.02783
G0 F7200 X-.585 Y3.662
G0 X-.831 Y2.884
;TYPE:SKIN
G1 F1800 X-1.761 Y2.96 E0.02328
G1 X-3.81 Y2.06 E0.05583
G1 X-4.183 Y1.808 E0.01123
G1 X-4.498 Y1.454 E0.01182
G1 X-5.365 Y0.522 E0.03175
G1 X-5.498 Y-0.052 E0.0147
G1 X-5.449 Y-.699 E0.01619
G1 X-4.457 Y-1.763 E0.03629
G1 X-4.287 Y-1.979 E0.00686
G1 X-1.765 Y-3.032 E0.06817
G1 X-.732 Y-2.932 E0.02589
G1 X1.475 Y-2.9 E0.05506
G1 X2.094 Y-2.757 E0.01585
G1 X2.576 Y-2.306 E0.01647
G1 X3.324 Y-.274 E0.05401
G1 X3.481 Y-0.022 E0.00741
G1 X3.321 Y0.228 E0.0074
G1 X2.581 Y2.252 E0.05376
G1 X2.057 Y2.72 E0.01753
G1 X1.472 Y2.852 E0.01496
G1 X-.831 Y2.884 E0.05745
G0 F7200 X-.83 Y3.165
G0 X-1.801 Y3.184
G0 X-4.167 Y2.159
G0 X-3.898 Y1.759
G1 F1800 X-4.517 Y1.14 E0.02184
G1 X-4.587 Y1.07
G0 F7200 X-4.939 Y1.395
G0 X-5.567 Y0.629
G0 X-5.766 Y-.231
G0 X-5.286 Y-.195
G1 F1800 X-2.81 Y2.281 E0.08735
G1 X-2.74 Y2.351
G0 F7200 X-2.92 Y2.758
G0 X-1.996 Y3.165
G0 X-1.801 Y2.724
G1 F1800 X-5.199 Y-.674 E0.11987
G0 F7200 X-4.927 Y-.967
G1 F1800 X-1.244 Y2.716 E0.12993
G0 F7200 X-.713 Y2.681
G1 F1800 X-4.654 Y-1.26 E0.13903
G0 F7200 X-4.382 Y-1.554
G1 F1800 X-.155 Y2.674 E0.14914
G0 F7200 X0.403 Y2.666
G1 F1800 X-4.102 Y-1.839 E0.15893
G0 F7200 X-3.703 Y-2.006
G1 F1800 X0.961 Y2.658 E0.16454
G0 F7200 X1.507 Y2.638
G1 F1800 X-3.304 Y-2.172 E0.1697
G0 F7200 X-2.905 Y-2.339
G1 F1800 X1.966 Y2.532 E0.17184
G0 F7200 X2.266 Y2.266
G1 F1800 X-2.505 Y-2.505 E0.16831
G0 F7200 X-2.106 Y-2.672
G1 F1800 X2.489 Y1.923 E0.1621
G0 F7200 X2.64 Y1.509
G1 F1800 X-1.693 Y-2.824 E0.15286
G0 F7200 X-1.066 Y-2.763
G1 F1800 X2.792 Y1.095 E0.1361
G0 F7200 X2.943 Y0.68
G1 F1800 X-.465 Y-2.728 E0.12023
G0 F7200 X0.109 Y-2.72
G1 F1800 X3.094 Y0.266 E0.10532
G0 F7200 X3.106 Y-.288
G1 F1800 X0.683 Y-2.711 E0.08548
G0 F7200 X1.257 Y-2.703
G1 F1800 X2.778 Y-1.182 E0.05366
G1 X2.848 Y-1.112
G0 F7200 X3.259 Y-1.263
G0 X2.898 Y-2.242
G0 X2.448 Y-2.077
G1 F1800 X1.938 Y-2.587 E0.01799
G1 F4200 E-3.5
G0 F7200 X2.045 Y-3.058
G0 X-1.799 Y-3.258
G0 X-4.478 Y-2.515
G0 X-5.43 Y-3.194
G0 X-14.318 Y-3.141
G0 X-15.4 Y-3.208
G0 X-15.696 Y-4.109
G0 X-18.934 Y-4.119
G0 X-18.954 Y-3.673
;TYPE:FILL
G1 F4200 E3.5
G1 F3600 X-22.47 Y-.158 E0.12402
G0 F7200 X-22.469 Y0.158
G1 F3600 X-18.835 Y3.792 E0.1282
G1 X-18.765 Y3.862
G0 F7200 X-18.949 Y3.909
G0 X-15.643 Y4.109
G0 X-15.834 Y2.476
;TYPE:WALL-INNER
G1 F3600 X-15.652 Y0.193 E0.05713
G1 X-15.627 Y-2.45 E0.06593
G1 X-15.512 Y-4.284 E0.04584
G1 X-17.445 Y-4.272 E0.04822
G1 X-20.246 Y-4.303 E0.06988
G1 X-22.668 Y-4.313 E0.06042
G1 X-22.672 Y-2.427 E0.04705
G1 X-22.627 Y0.006 E0.0607
G1 X-22.652 Y2.436 E0.06062
G1 X-22.636 Y4.278 E0.04595
G1 X-18.408 Y4.263 E0.10547
G1 X-17.282 Y4.248 E0.02809
G1 X-15.421 Y4.29 E0.04643
G1 X-15.834 Y2.476 E0.04641
G0 F7200 X-15.427 Y2.468
;TYPE:WALL-OUTER
G1 F1800 X-15.252 Y0.211 E0.05647
G1 X-15.228 Y-2.425 E0.06576
G1 X-15.086 Y-4.686 E0.05651
G1 X-17.441 Y-4.672 E0.05875
G1 X-20.244 Y-4.703 E0.06993
G1 X-23.068 Y-4.715 E0.07045
G1 X-23.072 Y-2.42 E0.05725
G1 X-23.027 Y0.002 E0.06043
G1 X-23.052 Y2.439 E0.06079
G1 X-23.033 Y4.679 E0.05588
G1 X-18.402 Y4.663 E0.11552
G1 X-17.291 Y4.648 E0.02772
G1 X-14.917 Y4.702 E0.05923
G1 X-15.427 Y2.468 E0.05716
G0 F7200 X-15.412 Y2.269
G0 X-16.212 Y2.483
;TYPE:SKIN
G1 F1800 X-15.9 Y3.898 E0.03615
G1 X-17.271 Y3.868 E0.03421
G1 X-18.666 Y3.882 E0.0348
G1 X-19.047 Y2.454 E0.03687
G1 X-19.036 Y1.327 E0.02811
G1 X-18.983 Y-0.017 E0.03355
G1 X-19.019 Y-2.437 E0.06037
G1 X-18.868 Y-3.369 E0.02355
G1 X-18.76 Y-3.906 E0.01366
G1 X-17.451 Y-3.891 E0.03266
G1 X-15.917 Y-3.899 E0.03827
G1 X-16.004 Y-2.473 E0.03564
G1 X-16.032 Y0.171 E0.06596
G1 X-16.212 Y2.483 E0.05785
G0 F7200 X-15.936 Y2.482
G0 X-15.643 Y4.109
G0 X-18.829 Y4.095
G0 X-18.383 Y3.678
G1 F1800 X-18.562 Y3.5 E0.0063
G0 F7200 X-17.823 Y3.673
G1 F1800 X-18.767 Y2.729 E0.0333
G0 F7200 X-18.844 Y2.087
G1 F1800 X-17.262 Y3.668 E0.05579
G0 F7200 X-16.684 Y3.68
G1 F1800 X-18.838 Y1.527 E0.07597
G0 F7200 X-18.822 Y0.977
G1 F1800 X-16.163 Y3.636 E0.0938
G0 F7200 X-16.327 Y2.906
G1 F1800 X-18.801 Y0.433 E0.08726
G0 F7200 X-18.785 Y-.117
G1 F1800 X-16.396 Y2.272 E0.08428
G0 F7200 X-16.355 Y1.747
G1 F1800 X-18.793 Y-.692 E0.08602
G0 F7200 X-18.802 Y-1.266
G1 F1800 X-16.314 Y1.223 E0.08779
G0 F7200 X-16.273 Y0.698
G1 F1800 X-18.81 Y-1.84 E0.08952
G0 F7200 X-18.819 Y-2.414
G1 F1800 X-16.232 Y0.173 E0.09126
G0 F7200 X-16.225 Y-.386
G1 F1800 X-18.741 Y-2.902 E0.08876
G0 F7200 X-18.662 Y-3.388
G1 F1800 X-16.22 Y-.946 E0.08615
G0 F7200 X-16.214 Y-1.506
G1 F1800 X-18.41 Y-3.702 E0.07747
G0 F7200 X-17.837 Y-3.695
G1 F1800 X-16.208 Y-2.066 E0.05747
G0 F7200 X-16.196 Y-2.619
G1 F1800 X-17.268 Y-3.692 E0.03784
G0 F7200 X-16.705 Y-3.695
G1 F1800 X-16.163 Y-3.152 E0.01914
G1 F4200 E-3.5
G0 F7200 X-15.687 Y-3.122
G0 X-15.314 Y-4.473
G0 X-14.238 Y-4.406
G0 X-2.018 Y-4.714
G0 X13.833 Y-4.216
G0 X14.878 Y-4.471
G0 X18.676 Y-4.123
G0 X18.634 Y-3.993
;TYPE:FILL
G1 F4200 E3.5
G1 F3600 X22.38 Y-.247 E0.13215
G0 F7200 X22.383 Y0.245
G1 F3600 X18.892 Y3.736 E0.12315
G1 X18.822 Y3.806
G0 F7200 X19.025 Y3.816
G0 X15.636 Y4.07
G0 X15.88 Y-0.024
;TYPE:WALL-INNER
G1 F3600 X15.637 Y1.969 E0.05008
G1 X15.53 Y2.508 E0.01371
G1 X15.455 Y4.246 E0.04339
G1 X17.331 Y4.22 E0.0468
G1 X18.305 Y4.236 E0.0243
G1 X22.585 Y4.26 E0.10677
G1 X22.54 Y-0.044 E0.10737
G1 X22.54 Y-4.317 E0.10659
G1 X20.084 Y-4.308 E0.06127
G1 X17.15 Y-4.276 E0.07319
G1 X15.117 Y-4.281 E0.05071
G1 X15.54 Y-2.546 E0.04455
G1 X15.644 Y-2.042 E0.01284
G1 X15.88 Y-0.024 E0.05068
G0 F7200 X15.479 Y-0.003
;TYPE:WALL-OUTER
G1 F1800 X15.245 Y1.891 E0.04761
G1 X15.132 Y2.46 E0.01447
G1 X15.037 Y4.652 E0.05473
G1 X17.324 Y4.62 E0.05706
G1 X18.303 Y4.636 E0.02442
G1 X22.989 Y4.662 E0.11689
G1 X22.94 Y-0.044 E0.1174
G1 X22.94 Y-4.719 E0.11662
G1 X20.08 Y-4.708 E0.07134
G1 X17.151 Y-4.676 E0.07307
G1 X14.607 Y-4.683 E0.06346
G1 X15.148 Y-2.465 E0.05695
G1 X15.255 Y-1.944 E0.01327
G1 X15.479 Y-0.003 E0.04874
G0 F7200 X15.455 Y0.195
G0 X16.265 Y-0.023
;TYPE:SKIN
G1 F1800 X16.027 Y-2.04 E0.05066
G1 X15.913 Y-2.623 E0.01482
G1 X15.603 Y-3.899 E0.03276
G1 X17.147 Y-3.896 E0.03852
G1 X18.507 Y-3.91 E0.03393
G1 X18.854 Y-2.491 E0.03644
G1 X18.952 Y-1.35 E0.02857
G1 X19.184 Y-0.027 E0.03351
G1 X18.966 Y1.27 E0.03281
G1 X18.888 Y2.396 E0.02816
G1 X18.765 Y3.366 E0.02439
G1 X18.741 Y3.854 E0.01219
G1 X17.409 Y3.84 E0.03323
G1 X15.85 Y3.857 E0.03889
G1 X15.908 Y2.545 E0.03276
G1 X16.009 Y2.04 E0.01285
G1 X16.265 Y-0.023 E0.05186
G0 F7200 X15.987 Y-0.024
G0 X15.608 Y3.053
G0 X16.085 Y3.074
G1 F1800 X16.658 Y3.647 E0.02021
G0 F7200 X17.218 Y3.642
G1 F1800 X16.114 Y2.537 E0.03896
G0 F7200 X16.206 Y2.064
G1 F1800 X17.786 Y3.644 E0.05574
G0 F7200 X18.358 Y3.65
G1 F1800 X16.268 Y1.561 E0.07371
G0 F7200 X16.331 Y1.057
G1 F1800 X18.574 Y3.3 E0.07913
G0 F7200 X18.637 Y2.797
G1 F1800 X16.393 Y0.554 E0.07915
G0 F7200 X16.456 Y0.051
G1 F1800 X18.695 Y2.29 E0.07899
G0 F7200 X18.731 Y1.761
G1 F1800 X16.401 Y-.57 E0.08221
G0 F7200 X16.326 Y-1.211
G1 F1800 X18.769 Y1.233 E0.0862
G0 F7200 X18.851 Y0.749
G1 F1800 X16.251 Y-1.851 E0.09172
G0 F7200 X16.133 Y-2.534
G1 F1800 X18.932 Y0.264 E0.09872
G0 F7200 X18.933 Y-.3
G1 F1800 X15.96 Y-3.273 E0.10488
G0 F7200 X16.101 Y-3.698
G1 F1800 X18.813 Y-.986 E0.09567
G0 F7200 X18.728 Y-1.637
G1 F1800 X16.668 Y-3.697 E0.07267
G0 F7200 X17.234 Y-3.697
G1 F1800 X18.674 Y-2.256 E0.05082
G0 F7200 X18.533 Y-2.963
G1 F1800 X17.794 Y-3.702 E0.02607
G1 X17.724 Y-3.772
G1 F4200 E-3.5
;MESH:NONMESH
G0 F600 X17.724 Y-3.772 Z20.75
G0 F7200 X18.764 Y-4.056
G0 X15.341 Y-4.105
G0 X15.473 Y-1.984
G0 X14.402 Y-1.811
G0 X4.174 Y2.687
G0 X1.999 Y1.898
;TIME_ELAPSED:1720.867679
;LAYER:137
;TYPE:WALL-INNER
;MESH:pi 3mm_deformed_tet (6).stl
G1 F4200 E3.5
G1 F3600 X3.313 Y-0.019 E0.05798
G1 X2.044 Y-1.894 E0.05648
G1 X1.79 Y-2.586 E0.01839
G1 X1.714 Y-2.656 E0.00258
G1 X1.597 Y-2.685 E0.00301
G1 X-1.514 Y-2.727 E0.07761
G1 X-1.825 Y-2.759 E0.0078
G1 X-2.682 Y-2.401 E0.02317
G1 X-3.921 Y-1.621 E0.03652
G1 X-4.755 Y-.531 E0.03424
G1 X-5.109 Y-.145 E0.01306
G1 X-5.096 Y0.07 E0.00537
G1 X-3.825 Y1.512 E0.04795
G1 X-2.459 Y2.427 E0.04101
G1 X-1.826 Y2.703 E0.01723
G1 X-1.565 Y2.685 E0.00653
G1 X1.667 Y2.639 E0.08063
G1 X1.759 Y2.556 E0.00309
G1 X1.999 Y1.898 E0.01747
G0 F7200 X2.371 Y2.062
;TYPE:WALL-OUTER
G1 F1800 X3.797 Y-0.017 E0.06289
G1 X2.396 Y-2.098 E0.06258
G1 X2.132 Y-2.814 E0.01904
G1 X1.91 Y-3.021 E0.00757
G1 X1.647 Y-3.084 E0.00675
G1 X-1.473 Y-3.125 E0.07784
G1 X-1.885 Y-3.167 E0.01033
G1 X-2.867 Y-2.757 E0.02655
G1 X-4.195 Y-1.921 E0.03914
G1 X-5.086 Y-.758 E0.03655
G1 X-5.497 Y-.315 E0.01507
G1 X-5.522 Y0.004 E0.00798
G1 X-5.457 Y0.286 E0.00722
G1 X-5.02 Y0.759 E0.01606
G1 X-4.091 Y1.816 E0.0351
G1 X-2.651 Y2.779 E0.04321
G1 X-1.896 Y3.109 E0.02055
G1 X-1.527 Y3.084 E0.00923
G1 X1.64 Y3.04 E0.07901
G1 X1.877 Y2.987 E0.00606
G1 X2.101 Y2.788 E0.00747
G1 X2.371 Y2.062 E0.01932
G0 F7200 X2.484 Y1.898
G0 X1.675 Y1.694
;TYPE:SKIN
G1 F1800 X1.463 Y2.254 E0.01494
G1 X-1.759 Y2.313 E0.08039
G1 X-2.276 Y2.091 E0.01404
G1 X-3.567 Y1.228 E0.03874
G1 X-4.686 Y-0.04 E0.04219
G1 X-4.453 Y-.294 E0.0086
G1 X-3.658 Y-1.333 E0.03263
G1 X-2.507 Y-2.057 E0.03392
G1 X-1.763 Y-2.368 E0.02012
G1 X-1.473 Y-2.344 E0.00726
G1 X1.488 Y-2.302 E0.07387
G1 X1.696 Y-1.738 E0.015
G1 X2.853 Y-0.021 E0.05165
G1 X1.675 Y1.694 E0.0519
G0 F7200 X0.762 Y2.067
G1 F1800 X2.087 Y0.742 E0.04674
G1 X2.157 Y0.672
G0 F7200 X2.479 Y-.216
G1 F1800 X0.186 Y2.077 E0.08089
G0 F7200 X-.39 Y2.087
G1 F1800 X2.25 Y-.553 E0.09313
G0 F7200 X2.022 Y-.89
G1 F1800 X-.966 Y2.097 E0.10539
G0 F7200 X-1.542 Y2.108
G1 F1800 X1.793 Y-1.228 E0.11767
G0 F7200 X1.564 Y-1.564
G1 F1800 X-1.995 Y1.995 E0.12555
G0 F7200 X-2.361 Y1.795
G1 F1800 X1.401 Y-1.967 E0.13271
G0 F7200 X0.979 Y-2.11
G1 F1800 X-2.7 Y1.568 E0.12977
G0 F7200 X-3.038 Y1.341
G1 F1800 X0.421 Y-2.118 E0.12203
G0 F7200 X-.136 Y-2.126
G1 F1800 X-3.377 Y1.114 E0.11432
G0 F7200 X-3.654 Y0.826
G1 F1800 X-.694 Y-2.134 E0.10442
G0 F7200 X-1.252 Y-2.143
G1 F1800 X-3.919 Y0.525 E0.0941
G0 F7200 X-4.184 Y0.224
G1 F1800 X-1.84 Y-2.12 E0.08269
G1 X-1.77 Y-2.19
G0 F7200 X-1.941 Y-2.602
G0 X-3.298 Y-1.895
G0 X-3.04 Y-1.486
G1 F1800 X-4.105 Y-.42 E0.03759
G1 X-4.175 Y-.35
G1 F4200 E-3.5
G0 F7200 X-4.548 Y-.635
G0 X-5.286 Y-.225
G0 X-6.366 Y-.303
G0 X-15 Y-.899
G0 X-16.085 Y-.908
G0 X-16.314 Y-4.098
G0 X-19.425 Y-4.113
G0 X-19.667 Y-3.119
G0 X-19.53 Y-3.097
;TYPE:FILL
G1 F4200 E3.5
G1 F3600 X-22.429 Y-.198 E0.10227
G0 F7200 X-22.429 Y0.199
G1 F3600 X-19.459 Y3.169 E0.10477
G1 X-19.389 Y3.239
G0 F7200 X-19.572 Y3.285
G0 X-19.296 Y4.091
G0 X-16.229 Y4.093
G0 X-16.415 Y2.483
;TYPE:WALL-INNER
G1 F3600 X-16.296 Y0.922 E0.03905
G1 X-16.264 Y-0.003 E0.02309
G1 X-16.264 Y-.912 E0.02268
G1 X-16.243 Y-2.442 E0.03817
G1 X-16.131 Y-4.274 E0.04578
G1 X-17.405 Y-4.267 E0.03178
G1 X-22.628 Y-4.307 E0.13029
G1 X-22.632 Y-2.427 E0.0469
G1 X-22.587 Y-0.01 E0.0603
G1 X-22.612 Y2.68 E0.06711
G1 X-22.6 Y4.273 E0.03974
G1 X-18.15 Y4.256 E0.11101
G1 X-17.253 Y4.244 E0.02238
G1 X-16.007 Y4.274 E0.03109
G1 X-16.415 Y2.483 E0.04582
G0 F7200 X-16.014 Y2.441
;TYPE:WALL-OUTER
G1 F1800 X-15.896 Y0.944 E0.03746
G1 X-15.864 Y0.004 E0.02346
G1 X-15.864 Y-.907 E0.02272
G1 X-15.844 Y-2.417 E0.03767
G1 X-15.732 Y-4.191 E0.04434
G1 X-15.628 Y-4.674 E0.01232
G1 X-17.407 Y-4.667 E0.04438
G1 X-23.028 Y-4.71 E0.14022
G1 X-23.032 Y-2.42 E0.05712
G1 X-22.987 Y-0.014 E0.06003
G1 X-23.012 Y2.683 E0.06728
G1 X-22.997 Y4.675 E0.04969
G1 X-18.144 Y4.656 E0.12106
G1 X-17.263 Y4.644 E0.02198
G1 X-15.476 Y4.685 E0.04459
G1 X-15.591 Y4.301 E0.01
G1 X-16.014 Y2.441 E0.04758
G0 F7200 X-15.999 Y2.242
G0 X-16.794 Y2.517
;TYPE:SKIN
G1 F1800 X-16.484 Y3.882 E0.03492
G1 X-17.243 Y3.864 E0.01894
G1 X-19.122 Y3.878 E0.04687
G1 X-19.503 Y2.442 E0.03706
G1 X-19.492 Y0.865 E0.03934
G1 X-19.456 Y-0.019 E0.02207
G1 X-19.491 Y-2.441 E0.06042
G1 X-19.257 Y-3.898 E0.03681
G1 X-17.402 Y-3.884 E0.04627
G1 X-16.533 Y-3.887 E0.02168
G1 X-16.62 Y-2.461 E0.03564
G1 X-16.644 Y-.916 E0.03854
G1 X-16.644 Y-0.052 E0.02155
G1 X-16.676 Y0.897 E0.02369
G1 X-16.794 Y2.517 E0.04052
G0 F7200 X-16.831 Y3.255
G1 F1800 X-17.241 Y3.665 E0.01446
G0 F7200 X-17.811 Y3.668
G1 F1800 X-16.937 Y2.794 E0.03083
G0 F7200 X-16.975 Y2.267
G1 F1800 X-18.381 Y3.673 E0.0496
G0 F7200 X-18.95 Y3.677
G1 F1800 X-16.931 Y1.657 E0.07124
G0 F7200 X-16.888 Y1.049
G1 F1800 X-19.083 Y3.243 E0.07742
G0 F7200 X-19.201 Y2.797
G1 F1800 X-16.861 Y0.456 E0.08257
G0 F7200 X-16.844 Y-.127
G1 F1800 X-19.302 Y2.331 E0.08671
G0 F7200 X-19.298 Y1.761
G1 F1800 X-16.844 Y-.692 E0.08655
G0 F7200 X-16.839 Y-1.263
G1 F1800 X-19.294 Y1.192 E0.08661
G0 F7200 X-19.281 Y0.613
G1 F1800 X-16.83 Y-1.838 E0.08647
G0 F7200 X-16.821 Y-2.412
G1 F1800 X-19.257 Y0.024 E0.08594
G0 F7200 X-19.263 Y-.536
G1 F1800 X-16.787 Y-3.012 E0.08735
G0 F7200 X-16.751 Y-3.613
G1 F1800 X-19.271 Y-1.093 E0.0889
G0 F7200 X-19.279 Y-1.651
G1 F1800 X-17.241 Y-3.689 E0.0719
G0 F7200 X-17.804 Y-3.692
G1 F1800 X-19.288 Y-2.208 E0.05235
G0 F7200 X-19.225 Y-2.837
G1 F1800 X-18.367 Y-3.695 E0.03027
G0 F7200 X-18.931 Y-3.697
G1 F1800 X-19.117 Y-3.511 E0.00656
G0 F7200 X-19.889 Y-3.635
G1 F4200 E-3.5
G0 F7200 X-15.953 Y-4.207
G0 X-14.877 Y-4.062
G0 X14.452 Y-4.075
G0 X15.503 Y-4.338
G0 X19.176 Y-4.125
G0 X19.286 Y-3.341
;TYPE:FILL
G1 F4200 E3.5
G1 F3600 X22.34 Y-.287 E0.10774
G0 F7200 X22.343 Y0.284
G1 F3600 X19.429 Y3.198 E0.1028
G1 X19.359 Y3.268
G0 F7200 X19.557 Y3.293
G0 X16.212 Y4.058
G0 X16.283 Y2.762
G0 X16.629 Y-0.011
G0 X16.524 Y-0.023
;TYPE:WALL-INNER
G1 F3600 X16.361 Y1.33 E0.03399
G1 X16.14 Y2.435 E0.02811
G1 X16.071 Y3.305 E0.02177
G1 X16.031 Y4.234 E0.0232
G1 X17.306 Y4.216 E0.03181
G1 X18.044 Y4.228 E0.01841
G1 X22.545 Y4.256 E0.11228
G1 X22.5 Y-0.04 E0.10717
G1 X22.5 Y-4.313 E0.10659
G1 X20.044 Y-4.304 E0.06127
G1 X17.114 Y-4.272 E0.07309
G1 X15.703 Y-4.274 E0.0352
G1 X16.124 Y-2.543 E0.04444
G1 X16.364 Y-1.395 E0.02926
G1 X16.524 Y-0.023 E0.03446
G0 F7200 X16.123 Y-0.003
;TYPE:WALL-OUTER
G1 F1800 X15.969 Y1.252 E0.03154
G1 X15.743 Y2.38 E0.0287
G1 X15.671 Y3.287 E0.0227
G1 X15.613 Y4.64 E0.03378
G1 X17.3 Y4.616 E0.04209
G1 X18.042 Y4.628 E0.01851
G1 X22.949 Y4.658 E0.12241
G1 X22.9 Y-0.04 E0.1172
G1 X22.9 Y-4.715 E0.11662
G1 X20.04 Y-4.704 E0.07134
G1 X17.115 Y-4.672 E0.07297
G1 X15.195 Y-4.675 E0.04789
G1 X15.732 Y-2.461 E0.05683
G1 X15.975 Y-1.296 E0.02969
G1 X16.123 Y-0.003 E0.03246
G0 F7200 X16.099 Y0.195
G0 X16.909 Y-0.029
;TYPE:SKIN
G1 F1800 X16.747 Y-1.392 E0.03424
G1 X16.488 Y-2.645 E0.03192
G1 X16.187 Y-3.892 E0.032
G1 X19.003 Y-3.91 E0.07025
G1 X19.346 Y-2.495 E0.03632
G1 X19.488 Y-.87 E0.04069
G1 X19.637 Y-0.027 E0.02135
G1 X19.494 Y0.802 E0.02098
G1 X19.388 Y2.4 E0.03995
G1 X19.2 Y3.854 E0.03657
G1 X17.31 Y3.836 E0.04715
G1 X16.426 Y3.845 E0.02205
G1 X16.448 Y3.325 E0.01298
G1 X16.519 Y2.484 E0.02105
G1 X16.741 Y1.339 E0.02909
G1 X16.909 Y-0.029 E0.03438
G0 F7200 X16.631 Y-0.025
G0 X15.927 Y-4.098
G0 X19.176 Y-4.125
G0 X16.492 Y-3.481
G1 F1800 X16.705 Y-3.694 E0.00751
G0 F7200 X17.274 Y-3.697
G1 F1800 X16.602 Y-3.026 E0.02369
G0 F7200 X16.709 Y-2.567
G1 F1800 X17.844 Y-3.702 E0.04004
G0 F7200 X18.413 Y-3.705
G1 F1800 X16.806 Y-2.098 E0.05669
G0 F7200 X16.903 Y-1.629
G1 F1800 X18.872 Y-3.598 E0.06946
G0 F7200 X18.982 Y-3.143
G1 F1800 X16.978 Y-1.138 E0.07071
G0 F7200 X17.037 Y-.632
G1 F1800 X19.093 Y-2.688 E0.07253
G0 F7200 X19.17 Y-2.2
G1 F1800 X17.097 Y-.127 E0.07313
G0 F7200 X17.046 Y0.49
G1 F1800 X19.216 Y-1.679 E0.07653
G0 F7200 X19.261 Y-1.159
G1 F1800 X16.968 Y1.134 E0.08089
G0 F7200 X16.852 Y1.816
G1 F1800 X19.322 Y-.655 E0.08715
G0 F7200 X19.407 Y-.174
G1 F1800 X16.717 Y2.516 E0.0949
G0 F7200 X16.666 Y3.133
G1 F1800 X19.354 Y0.445 E0.09483
G0 F7200 X19.273 Y1.092
G1 F1800 X16.723 Y3.642 E0.08996
G0 F7200 X17.294 Y3.637
G1 F1800 X19.234 Y1.696 E0.06846
G0 F7200 X19.194 Y2.302
G1 F1800 X17.855 Y3.641 E0.04724
G0 F7200 X18.415 Y3.647
G1 F1800 X19.115 Y2.947 E0.02469
G1 X19.185 Y2.877
G0 F7200 X19.901 Y2.971
G1 F4200 E-3.5
;MESH:NONMESH
G0 F600 X19.901 Y2.971 Z20.9
G0 F7200 X19.409 Y4.065
G0 X16.212 Y4.058
G0 X15.908 Y3.058
G0 X14.828 Y2.974
G0 X4.43 Y0.592
G0 X-3.209 Y0.929
;TIME_ELAPSED:1740.042525
;LAYER:138
;TYPE:WALL-INNER
;MESH:pi 3mm_deformed_tet (6).stl
G1 F4200 E3.5
G1 F3600 X-1.741 Y1.913 E0.04408
G1 X-1.415 Y1.967 E0.00824
G1 X1.356 Y1.924 E0.06913
G1 X2.686 Y-0.015 E0.05865
G1 X1.365 Y-1.965 E0.05875
G1 X-1.463 Y-2.022 E0.07056
G1 X-1.729 Y-1.974 E0.00674
G1 X-3.273 Y-.997 E0.04558
G1 X-4.034 Y-0.01 E0.03109
G1 X-3.209 Y0.929 E0.03118
G0 F7200 X-3.475 Y1.232
;TYPE:WALL-OUTER
G1 F1800 X-1.892 Y2.293 E0.04754
G1 X-1.445 Y2.367 E0.0113
G1 X1.569 Y2.321 E0.07519
G1 X3.17 Y-0.013 E0.0706
G1 X1.58 Y-2.361 E0.07074
G1 X-1.495 Y-2.423 E0.07672
G1 X-1.877 Y-2.354 E0.00968
G1 X-3.547 Y-1.297 E0.0493
G1 X-4.552 Y0.007 E0.04107
G1 X-3.475 Y1.232 E0.04069
G0 F7200 X-3.309 Y1.343
G0 X-2.951 Y0.644
;TYPE:SKIN
G1 F1800 X-3.54 Y-0.025 E0.02223
G1 X-3.011 Y-.709 E0.02157
G1 X-1.586 Y-1.613 E0.0421
G1 X-1.436 Y-1.639 E0.0038
G1 X1.16 Y-1.586 E0.06477
G1 X2.225 Y-0.017 E0.0473
G1 X1.153 Y1.545 E0.04726
G1 X-1.39 Y1.583 E0.06344
G1 X-1.597 Y1.552 E0.00522
G1 X-2.951 Y0.644 E0.04067
G0 F7200 X-3.098 Y-.269
G1 F1800 X-1.444 Y1.385 E0.05835
G0 F7200 X-.887 Y1.376
G1 F1800 X-2.841 Y-.578 E0.06893
G0 F7200 X-2.495 Y-.798
G1 F1800 X-.33 Y1.368 E0.07639
G0 F7200 X0.228 Y1.359
G1 F1800 X-2.15 Y-1.018 E0.08387
G0 F7200 X-1.803 Y-1.237
G1 F1800 X0.785 Y1.351 E0.0913
G0 F7200 X1.17 Y1.17
G1 F1800 X-1.438 Y-1.438 E0.092
G0 F7200 X-.861 Y-1.426
G1 F1800 X1.399 Y0.834 E0.07973
G0 F7200 X1.629 Y0.498
G1 F1800 X-.283 Y-1.414 E0.06745
G0 F7200 X0.294 Y-1.403
G1 F1800 X1.86 Y0.163 E0.05524
G1 X1.93 Y0.233
G0 F7200 X2.245 Y0.45
G0 X1.828 Y-1.103
G0 X1.43 Y-.833
G1 F1800 X0.871 Y-1.392 E0.01972
G1 F4200 E-3.5
G0 F7200 X0.88 Y-1.873
G0 X-1.669 Y-1.821
G0 X-3.399 Y-1.134
G0 X-4.258 Y-1.794
G0 X-15.611 Y-1.445
G0 X-16.696 Y-1.455
G0 X-16.857 Y-4.091
G0 X-19.91 Y-4.115
G0 X-20.233 Y-2.553
G0 X-20.096 Y-2.531
;TYPE:FILL
G1 F4200 E3.5
G1 F3600 X-22.391 Y-.237 E0.08094
G0 F7200 X-22.39 Y0.238
G1 F3600 X-20.077 Y2.551 E0.0816
G1 X-20.007 Y2.621
G0 F7200 X-20.192 Y2.668
G0 X-19.767 Y4.09
G0 X-16.819 Y4.057
G0 X-17.005 Y2.455
;TYPE:WALL-INNER
G1 F3600 X-16.928 Y1.488 E0.0242
G1 X-16.872 Y-0.003 E0.03722
G1 X-16.876 Y-1.46 E0.03635
G1 X-16.863 Y-2.432 E0.02425
G1 X-16.786 Y-3.581 E0.02873
G1 X-16.641 Y-4.267 E0.01749
G1 X-17.473 Y-4.264 E0.02075
G1 X-22.588 Y-4.303 E0.1276
G1 X-22.588 Y-2.426 E0.04682
G1 X-22.547 Y-0.014 E0.06018
G1 X-22.572 Y2.823 E0.07077
G1 X-22.56 Y4.269 E0.03607
G1 X-17.884 Y4.252 E0.11664
G1 X-17.213 Y4.24 E0.01674
G1 X-16.552 Y4.256 E0.01649
G1 X-16.723 Y3.695 E0.01463
G1 X-17.005 Y2.455 E0.03172
G0 F7200 X-16.602 Y2.424
;TYPE:WALL-OUTER
G1 F1800 X-16.528 Y1.512 E0.02282
G1 X-16.472 Y0.004 E0.03764
G1 X-16.476 Y-1.455 E0.0364
G1 X-16.464 Y-2.406 E0.02372
G1 X-16.39 Y-3.522 E0.0279
G1 X-16.147 Y-4.67 E0.02927
G1 X-17.47 Y-4.664 E0.033
G1 X-22.988 Y-4.706 E0.13765
G1 X-22.988 Y-2.42 E0.05702
G1 X-22.947 Y-0.018 E0.05993
G1 X-22.972 Y2.826 E0.07095
G1 X-22.957 Y4.671 E0.04603
G1 X-17.877 Y4.652 E0.12672
G1 X-17.223 Y4.64 E0.01632
G1 X-16.008 Y4.669 E0.03032
G1 X-16.344 Y3.565 E0.02879
G1 X-16.602 Y2.424 E0.02918
G0 F7200 X-16.586 Y2.225
G0 X-17.36 Y2.602
;TYPE:SKIN
G1 F1800 X-17.074 Y3.856 E0.03208
G1 X-17.885 Y3.872 E0.02023
G1 X-19.598 Y3.875 E0.04273
G1 X-19.777 Y3.125 E0.01923
G1 X-19.963 Y2.434 E0.01785
G1 X-19.948 Y0.452 E0.04944
G1 X-19.928 Y-0.027 E0.01196
G1 X-19.967 Y-2.445 E0.06033
G1 X-19.73 Y-3.902 E0.03682
G1 X-17.109 Y-3.885 E0.06538
G1 X-17.16 Y-3.651 E0.00597
G1 X-17.24 Y-2.459 E0.0298
G1 X-17.256 Y-1.468 E0.02472
G1 X-17.252 Y-0.064 E0.03502
G1 X-17.307 Y1.435 E0.03742
G1 X-17.376 Y2.332 E0.02244
G1 X-17.36 Y2.602 E0.00675
G0 F7200 X-17.082 Y2.576
G0 X-16.819 Y4.057
G0 X-19.767 Y4.09
G0 X-18.954 Y3.673
G1 F1800 X-19.594 Y3.033 E0.02258
G0 F7200 X-19.762 Y2.3
G1 F1800 X-18.389 Y3.673 E0.04844
G0 F7200 X-17.825 Y3.671
G1 F1800 X-19.758 Y1.738 E0.06819
G0 F7200 X-19.754 Y1.177
G1 F1800 X-17.34 Y3.591 E0.08516
G0 F7200 X-17.504 Y2.86
G1 F1800 X-19.749 Y0.615 E0.0792
G0 F7200 X-19.733 Y0.066
G1 F1800 X-17.568 Y2.231 E0.07638
G0 F7200 X-17.528 Y1.706
G1 F1800 X-19.737 Y-.503 E0.07793
G0 F7200 X-19.746 Y-1.078
G1 F1800 X-17.497 Y1.171 E0.07934
G0 F7200 X-17.477 Y0.625
G1 F1800 X-19.755 Y-1.653 E0.08036
G0 F7200 X-19.764 Y-2.228
G1 F1800 X-17.457 Y0.079 E0.08139
G0 F7200 X-17.453 Y-.482
G1 F1800 X-19.716 Y-2.746 E0.07985
G0 F7200 X-19.637 Y-3.232
G1 F1800 X-17.454 Y-1.049 E0.07701
G0 F7200 X-17.453 Y-1.614
G1 F1800 X-19.539 Y-3.7 E0.07359
G0 F7200 X-18.97 Y-3.697
G1 F1800 X-17.444 Y-2.171 E0.05383
G0 F7200 X-17.423 Y-2.715
G1 F1800 X-18.402 Y-3.694 E0.03454
G0 F7200 X-17.833 Y-3.69
G1 F1800 X-17.386 Y-3.244 E0.01575
G1 F4200 E-3.5
G0 F7200 X-16.912 Y-3.212
G0 X-16.409 Y-4.457
G0 X-15.356 Y-4.232
G0 X15.211 Y-3.365
G0 X16.262 Y-3.627
G0 X19.681 Y-4.12
G0 X20.072 Y-2.728
G0 X19.931 Y-2.696
;TYPE:FILL
G1 F4200 E3.5
G1 F3600 X22.296 Y-.331 E0.08343
G0 F7200 X22.3 Y0.327
G1 F3600 X20 Y2.628 E0.08116
G1 X19.93 Y2.698
G0 F7200 X20.128 Y2.723
G0 X19.886 Y4.061
G0 X16.779 Y4.035
G0 X16.87 Y2.755
G0 X17.261 Y-.137
G0 X17.173 Y-0.027
;TYPE:WALL-INNER
G1 F3600 X17.085 Y0.674 E0.01762
G1 X16.732 Y2.432 E0.04473
G1 X16.59 Y4.221 E0.04477
G1 X17.278 Y4.212 E0.01716
G1 X22.501 Y4.251 E0.13029
G1 X22.456 Y-0.036 E0.10695
G1 X22.456 Y-4.308 E0.10657
G1 X20.008 Y-4.296 E0.06107
G1 X17.078 Y-4.268 E0.07309
G1 X16.269 Y-4.269 E0.02018
G1 X16.427 Y-3.696 E0.01483
G1 X16.712 Y-2.538 E0.02975
G1 X17.088 Y-.714 E0.04646
G1 X17.173 Y-0.027 E0.01727
G0 F7200 X16.767 Y-0.003
;TYPE:WALL-OUTER
G1 F1800 X16.689 Y0.616 E0.01556
G1 X16.335 Y2.376 E0.04478
G1 X16.224 Y3.761 E0.03466
G1 X16.189 Y4.628 E0.02165
G1 X17.272 Y4.612 E0.02702
G1 X22.905 Y4.654 E0.14052
G1 X22.856 Y-0.036 E0.117
G1 X22.856 Y-4.71 E0.11659
G1 X20.004 Y-4.696 E0.07114
G1 X17.079 Y-4.668 E0.07297
G1 X15.743 Y-4.671 E0.03333
G1 X16.039 Y-3.6 E0.02772
G1 X16.32 Y-2.457 E0.02936
G1 X16.691 Y-.665 E0.04565
G1 X16.767 Y-0.003 E0.01662
G0 F7200 X16.742 Y0.195
G0 X17.553 Y-0.053
;TYPE:SKIN
G1 F1800 X17.451 Y-.827 E0.01947
G1 X17.084 Y-2.617 E0.04558
G1 X16.771 Y-3.885 E0.03258
G1 X19.511 Y-3.906 E0.06835
G1 X19.672 Y-3.184 E0.01845
G1 X19.838 Y-2.499 E0.01758
G1 X20.02 Y-.406 E0.05241
G1 X20.088 Y-0.023 E0.0097
G1 X20.027 Y0.329 E0.00891
G1 X19.884 Y2.404 E0.05188
G1 X19.7 Y3.85 E0.03636
G1 X17.001 Y3.825 E0.06733
G1 X17.107 Y2.48 E0.03366
G1 X17.457 Y0.736 E0.04437
G1 X17.553 Y-0.053 E0.01983
G0 F7200 X17.271 Y-0.055
G0 X16.782 Y3.079
G0 X17.258 Y3.116
G1 F1800 X17.774 Y3.632 E0.0182
G0 F7200 X18.344 Y3.637
G1 F1800 X17.299 Y2.592 E0.03687
G0 F7200 X17.385 Y2.111
G1 F1800 X18.916 Y3.642 E0.05401
G0 F7200 X19.486 Y3.647
G1 F1800 X17.479 Y1.64 E0.0708
G0 F7200 X17.573 Y1.168
G1 F1800 X19.584 Y3.179 E0.07094
G0 F7200 X19.648 Y2.678
G1 F1800 X17.664 Y0.693 E0.07001
G0 F7200 X17.724 Y0.187
G1 F1800 X19.7 Y2.164 E0.06973
G0 F7200 X19.736 Y1.634
G1 F1800 X17.709 Y-.393 E0.07151
G0 F7200 X17.606 Y-1.061
G1 F1800 X19.772 Y1.105 E0.07641
G0 F7200 X19.808 Y0.575
G1 F1800 X17.461 Y-1.772 E0.0828
G0 F7200 X17.316 Y-2.483
G1 F1800 X19.87 Y0.071 E0.0901
G0 F7200 X19.807 Y-.558
G1 F1800 X17.14 Y-3.225 E0.09409
G0 F7200 X17.242 Y-3.688
G1 F1800 X19.752 Y-1.178 E0.08855
G0 F7200 X19.699 Y-1.797
G1 F1800 X17.804 Y-3.693 E0.06687
G0 F7200 X18.365 Y-3.697
G1 F1800 X19.645 Y-2.417 E0.04516
G0 F7200 X19.481 Y-3.146
G1 F1800 X18.926 Y-3.702 E0.0196
G1 F4200 E-3.5
;MESH:NONMESH
G0 F600 X18.926 Y-3.702 Z21.05
G0 F7200 X19.766 Y-4.056
G0 X16.51 Y-4.092
G0 X16.68 Y-1.716
G0 X15.637 Y-1.498
G0 X3.805 Y-.62
G0 X-.398 Y1.099
;TIME_ELAPSED:1757.450217
;LAYER:139
;TYPE:WALL-INNER
;MESH:pi 3mm_deformed_tet (6).stl
G1 F4200 E3.5
G1 F3600 X1.317 Y1.072 E0.04279
G1 X2.061 Y-0.011 E0.03278
G1 X1.322 Y-1.101 E0.03285
G1 X-.431 Y-1.138 E0.04374
G1 X-1.824 Y-.883 E0.03533
G1 X-2.629 Y-.373 E0.02377
G1 X-2.91 Y-0.01 E0.01145
G1 X-2.597 Y0.345 E0.01181
G1 X-1.829 Y0.861 E0.02308
G1 X-.398 Y1.099 E0.03619
G0 F7200 X-.428 Y1.499
;TYPE:WALL-OUTER
G1 F1800 X1.529 Y1.469 E0.04882
G1 X2.545 Y-0.009 E0.04474
G1 X1.536 Y-1.497 E0.04485
G1 X-.463 Y-1.539 E0.04988
G1 X-1.973 Y-1.262 E0.0383
G1 X-2.903 Y-.673 E0.02746
G1 X-3.428 Y0.007 E0.02143
G1 X-2.863 Y0.648 E0.02131
G1 X-1.98 Y1.241 E0.02653
G1 X-.428 Y1.499 E0.03925
G0 F7200 X-.228 Y1.496
G0 X-.373 Y0.715
;TYPE:SKIN
G1 F1800 X-1.684 Y0.501 E0.03314
G1 X-2.339 Y0.06 E0.0197
G1 X-2.415 Y-0.025 E0.00284
G1 X-2.367 Y-0.085 E0.00192
G1 X-1.678 Y-.521 E0.02034
G1 X-.403 Y-.755 E0.03234
G1 X1.116 Y-.721 E0.0379
G1 X1.601 Y-0.013 E0.02141
G1 X1.113 Y0.693 E0.02141
G1 X-.373 Y0.715 E0.03707
G0 F7200 X-.419 Y0.993
G0 X0.637 Y0.983
G0 X0.631 Y0.501
G1 F1800 X1.271 Y-.139 E0.02258
G0 F7200 X1.041 Y-.475
G1 F1800 X0.057 Y0.509 E0.03471
G0 F7200 X-.493 Y0.493
G1 F1800 X0.534 Y-.534 E0.03623
G0 F7200 X-0.02 Y-.546
G1 F1800 X-.979 Y0.414 E0.03385
G0 F7200 X-1.465 Y0.334
G1 F1800 X-.62 Y-.511 E0.02981
G0 F7200 X-1.314 Y-.383
G1 F1800 X-1.848 Y0.151 E0.01884
G1 F4200 E-3.5
G0 F7200 X-2.115 Y0.546
G0 X-3.151 Y-0.001
G0 X-4.007 Y-.659
G0 X-16.218 Y-0.003
G0 X-17.303 Y-0.003
G0 X-17.719 Y2.701
G0 X-17.323 Y4.063
G0 X-20.24 Y4.083
G0 X-20.7 Y2.066
G0 X-20.561 Y2.067
;TYPE:FILL
G1 F4200 E3.5
G1 F3600 X-22.351 Y0.276 E0.06316
G0 F7200 X-22.352 Y-.276
G1 F3600 X-20.576 Y-2.051 E0.06264
G1 X-20.506 Y-2.121
G0 F7200 X-20.718 Y-2.119
G0 X-21.001 Y2.483
G0 X-20.24 Y4.083
G0 X-17.323 Y4.063
G0 X-17.635 Y2.772
G0 X-17.567 Y2.65
;TYPE:WALL-INNER
G1 F3600 X-17.56 Y2.059 E0.01474
G1 X-17.484 Y-0.004 E0.0515
G1 X-17.48 Y-2.766 E0.0689
G1 X-17.16 Y-4.256 E0.03802
G1 X-22.548 Y-4.299 E0.13441
G1 X-22.548 Y-2.422 E0.04682
G1 X-22.508 Y-0.018 E0.05998
G1 X-22.528 Y2.416 E0.06072
G1 X-22.519 Y4.261 E0.04602
G1 X-17.086 Y4.241 E0.13553
G1 X-17.567 Y2.65 E0.04146
G0 F7200 X-17.177 Y2.556
;TYPE:WALL-OUTER
G1 F1800 X-17.084 Y0.004 E0.0637
G1 X-17.076 Y-2.742 E0.0685
G1 X-16.664 Y-4.658 E0.04889
G1 X-17.358 Y-4.655 E0.01731
G1 X-22.948 Y-4.702 E0.13945
G1 X-22.948 Y-2.416 E0.05702
G1 X-22.908 Y-0.022 E0.05973
G1 X-22.928 Y2.418 E0.06087
G1 X-22.917 Y4.663 E0.056
G1 X-17.215 Y4.639 E0.14224
G1 X-16.544 Y4.653 E0.01674
G1 X-17.177 Y2.556 E0.05464
G0 F7200 X-17.17 Y2.357
G0 X-17.928 Y2.759
;TYPE:SKIN
G1 F1800 X-17.594 Y3.857 E0.02863
G1 X-20.07 Y3.871 E0.06177
G1 X-20.423 Y2.413 E0.03742
G1 X-20.399 Y-0.038 E0.06114
G1 X-20.439 Y-2.449 E0.06015
G1 X-20.205 Y-3.898 E0.03661
G1 X-17.628 Y-3.874 E0.06429
G1 X-17.856 Y-2.827 E0.02673
G1 X-17.864 Y-0.062 E0.06897
G1 X-17.936 Y2.031 E0.05224
G1 X-17.968 Y2.394 E0.00909
G1 X-17.928 Y2.759 E0.00916
G0 F7200 X-17.981 Y3.273
G1 F1800 X-18.369 Y3.661 E0.01369
G0 F7200 X-18.938 Y3.665
G1 F1800 X-18.113 Y2.839 E0.02912
G0 F7200 X-18.157 Y2.318
G1 F1800 X-19.507 Y3.668 E0.04762
G0 F7200 X-19.945 Y3.54
G1 F1800 X-18.126 Y1.721 E0.06417
G0 F7200 X-18.105 Y1.135
G1 F1800 X-20.055 Y3.084 E0.06877
G0 F7200 X-20.165 Y2.628
G1 F1800 X-18.085 Y0.549 E0.07336
G0 F7200 X-18.064 Y-0.037
G1 F1800 X-20.22 Y2.118 E0.07604
G0 F7200 X-20.214 Y1.546
G1 F1800 X-18.063 Y-.605 E0.07588
G0 F7200 X-18.062 Y-1.171
G1 F1800 X-20.208 Y0.975 E0.07571
G0 F7200 X-20.203 Y0.404
G1 F1800 X-18.062 Y-1.737 E0.07553
G0 F7200 X-18.061 Y-2.304
G1 F1800 X-20.201 Y-.164 E0.07549
G0 F7200 X-20.21 Y-.721
G1 F1800 X-18.047 Y-2.883 E0.07629
G0 F7200 X-17.892 Y-3.604
G1 F1800 X-20.219 Y-1.277 E0.08209
G0 F7200 X-20.228 Y-1.834
G1 F1800 X-18.381 Y-3.681 E0.06516
G0 F7200 X-18.941 Y-3.686
G1 F1800 X-20.237 Y-2.39 E0.04572
G0 F7200 X-20.138 Y-3.055
G1 F1800 X-19.501 Y-3.692 E0.02247
G1 X-19.431 Y-3.762
G1 F4200 E-3.5
G0 F7200 X-20.467 Y-4.04
G0 X-16.928 Y-4.448
G0 X-15.875 Y-4.223
G0 X16.029 Y-2.437
G0 X17.084 Y-2.685
G0 X17.065 Y-4.088
G0 X20.185 Y-4.123
G0 X20.643 Y-2.135
G0 X20.503 Y-2.125
;TYPE:FILL
G1 F4200 E3.5
G1 F3600 X22.253 Y-.375 E0.06174
G0 F7200 X22.256 Y0.371
G1 F3600 X20.545 Y2.082 E0.06036
G1 X20.475 Y2.152
G0 F7200 X20.678 Y2.165
G0 X20.384 Y4.059
G0 X17.373 Y4.036
G0 X17.462 Y2.751
G0 X17.89 Y0.098
G0 X17.793 Y0.069
;TYPE:WALL-INNER
G1 F3600 X17.324 Y2.427 E0.05997
G1 X17.185 Y4.208 E0.04456
G1 X22.461 Y4.243 E0.13161
G1 X22.412 Y-0.037 E0.10677
G1 X22.415 Y-4.301 E0.10637
G1 X19.931 Y-4.291 E0.06196
G1 X16.833 Y-4.264 E0.07728
G1 X17.264 Y-2.705 E0.04035
G1 X17.788 Y-.149 E0.06509
G1 X17.793 Y0.069 E0.00544
G0 F7200 X17.405 Y-0.027
;TYPE:WALL-OUTER
G1 F1800 X16.927 Y2.372 E0.06102
G1 X16.753 Y4.605 E0.05587
G1 X22.865 Y4.646 E0.15247
G1 X22.812 Y-0.037 E0.11683
G1 X22.815 Y-4.703 E0.11639
G1 X16.307 Y-4.664 E0.16235
G1 X16.872 Y-2.625 E0.05278
G1 X17.405 Y-0.027 E0.06616
G0 F7200 X17.366 Y0.169
G0 X18.168 Y0.11
;TYPE:SKIN
G1 F1800 X18.164 Y-.201 E0.00776
G1 X17.632 Y-2.789 E0.06591
G1 X17.33 Y-3.886 E0.02838
G1 X20.016 Y-3.91 E0.06701
G1 X20.329 Y-2.505 E0.03591
G1 X20.539 Y-0.014 E0.06236
G1 X20.38 Y2.404 E0.06045
G1 X20.196 Y3.846 E0.03626
G1 X17.596 Y3.829 E0.06486
G1 X17.699 Y2.472 E0.03395
G1 X18.168 Y0.11 E0.06007
G0 F7200 X17.891 Y0.093
G0 X17.065 Y-4.088
G0 X20.185 Y-4.123
G0 X17.644 Y-3.502
G1 F1800 X17.833 Y-3.69 E0.00665
G0 F7200 X18.403 Y-3.695
G1 F1800 X17.766 Y-3.058 E0.02247
G0 F7200 X17.874 Y-2.601
G1 F1800 X18.975 Y-3.701 E0.03882
G0 F7200 X19.545 Y-3.706
G1 F1800 X17.971 Y-2.132 E0.05553
G0 F7200 X18.067 Y-1.662
G1 F1800 X19.903 Y-3.498 E0.06477
G0 F7200 X20.006 Y-3.036
G1 F1800 X18.163 Y-1.193 E0.06502
G0 F7200 X18.26 Y-.723
G1 F1800 X20.109 Y-2.572 E0.06523
G0 F7200 X20.165 Y-2.063
G1 F1800 X18.356 Y-.254 E0.06382
G0 F7200 X18.326 Y0.342
G1 F1800 X20.209 Y-1.541 E0.06643
G0 F7200 X20.253 Y-1.02
G1 F1800 X18.186 Y1.047 E0.07292
G0 F7200 X18.046 Y1.753
G1 F1800 X20.297 Y-.498 E0.07941
G0 F7200 X20.336 Y0.029
G1 F1800 X17.907 Y2.458 E0.08569
G0 F7200 X17.854 Y3.076
G1 F1800 X20.296 Y0.634 E0.08615
G0 F7200 X20.256 Y1.24
G1 F1800 X17.865 Y3.631 E0.08435
G0 F7200 X18.427 Y3.635
G1 F1800 X20.216 Y1.846 E0.06311
G0 F7200 X20.172 Y2.455
G1 F1800 X18.989 Y3.639 E0.04175
G0 F7200 X19.551 Y3.642
G1 F1800 X20.09 Y3.103 E0.01901
G0 F7200 X20.865 Y3.202
G1 F4200 E-3.5
;MESH:NONMESH
G0 F600 X20.865 Y3.202 Z21.2
G0 F7200 X20.384 Y4.059
G0 X17.373 Y4.036
G0 X17.147 Y2.401
G0 X16.083 Y2.192
G0 X3.176 Y0.6
G0 X0.615 Y0.21
;TIME_ELAPSED:1773.344749
;LAYER:140
;TYPE:WALL-INNER
;MESH:pi 3mm_deformed_tet (6).stl
G1 F4200 E3.5
G1 F3287.7 X1.268 Y0.205 E0.01784
G1 F3333.3 X1.414 Y-0.006 E0.00691
G1 X1.265 Y-.223 E0.00709
G1 F3287.7 X0.602 Y-.233 E0.01811
G1 F3250.6 X-.658 Y-0.003 E0.03538
G1 X0.615 Y0.21 E0.03566
G0 F7200 X0.583 Y0.631
;TYPE:WALL-OUTER
G1 F1800 X1.489 Y0.617 E0.0226
G1 X1.917 Y-0.005 E0.01883
G1 X1.488 Y-.634 E0.01899
G1 X0.568 Y-.655 E0.02296
G1 X-2.065 Y-.173 E0.06677
G1 X-2.301 Y0.004 E0.00736
G1 X-2.067 Y0.189 E0.00744
G1 X0.583 Y0.631 E0.06702
G0 F7200 X0.783 Y0.628
G1 F4200 E-3.5
G0 F7200 X0.772 Y-0.002
G0 X-1.923 Y0.007
G0 X-2.829 Y0.719
G0 X-16.76 Y-0.019
G0 X-17.843 Y-0.006
G0 X-18.25 Y2.569
G0 X-17.866 Y4.061
G0 X-20.719 Y4.08
G0 X-20.993 Y3.051
G0 X-21.187 Y1.579
G0 X-21.047 Y1.58
;TYPE:FILL
G1 F4200 E3.5
G1 F3600 X-22.311 Y0.317 E0.04457
G0 F7200 X-22.312 Y-.315
G1 F3600 X-21.043 Y-1.585 E0.04479
G1 X-20.973 Y-1.655
G0 F7200 X-21.184 Y-1.653
G0 X-21.49 Y2.026
G0 X-21.412 Y2.872
G0 X-20.719 Y4.08
G0 X-17.866 Y4.061
G0 X-18.214 Y2.246
G0 X-18.12 Y2.436
;TYPE:WALL-INNER
G1 F3600 X-18.024 Y-0.005 E0.06094
G1 X-18.053 Y-2.44 E0.06075
G1 X-17.895 Y-3.242 E0.02039
G1 X-17.677 Y-4.257 E0.0259
G1 X-22.5 Y-4.295 E0.12031
G1 X-22.503 Y-2.421 E0.04675
G1 X-22.468 Y-0.024 E0.0598
G1 X-22.488 Y3.111 E0.0782
G1 X-22.48 Y4.257 E0.02859
G1 X-17.614 Y4.236 E0.12138
G1 X-17.82 Y3.552 E0.01782
G1 X-18.12 Y2.436 E0.02883
G0 F7200 X-17.717 Y2.393
;TYPE:WALL-OUTER
G1 F1800 X-17.624 Y0.001 E0.05971
G1 X-17.649 Y-2.423 E0.06047
G1 X-17.504 Y-3.158 E0.01869
G1 X-17.183 Y-4.653 E0.03814
G1 X-22.905 Y-4.698 E0.14274
G1 X-22.903 Y-2.415 E0.05695
G1 X-22.868 Y-0.026 E0.0596
G1 X-22.888 Y3.113 E0.0783
G1 X-22.877 Y4.659 E0.03857
G1 X-17.077 Y4.633 E0.14468
G1 X-17.434 Y3.448 E0.03087
G1 X-17.717 Y2.393 E0.02725
G0 F7200 X-17.71 Y2.194
G0 X-18.462 Y2.62
;TYPE:SKIN
G1 F1800 X-18.129 Y3.857 E0.03196
G1 X-20.553 Y3.867 E0.06047
G1 X-20.838 Y2.765 E0.02839
G1 X-20.907 Y2.003 E0.01909
G1 X-20.891 Y-0.026 E0.05062
G1 X-20.88 Y-.425 E0.00996
G1 X-20.915 Y-2.449 E0.0505
G1 X-20.678 Y-3.898 E0.03663
G1 X-18.144 Y-3.878 E0.06321
G1 X-18.429 Y-2.5 E0.0351
G1 X-18.404 Y-0.011 E0.06209
G1 X-18.496 Y2.359 E0.05916
G1 X-18.462 Y2.62 E0.00657
G0 F7200 X-18.214 Y2.246
G0 X-17.866 Y4.061
G0 X-20.719 Y4.08
G0 X-20.094 Y3.665
G1 F1800 X-20.505 Y3.253 E0.01452
G0 F7200 X-20.659 Y2.534
G1 F1800 X-19.53 Y3.663 E0.03983
G0 F7200 X-18.967 Y3.661
G1 F1800 X-20.707 Y1.921 E0.06138
G0 F7200 X-20.703 Y1.359
G1 F1800 X-18.403 Y3.659 E0.08114
G0 F7200 X-18.592 Y2.904
G1 F1800 X-20.698 Y0.798 E0.07429
G0 F7200 X-20.693 Y0.237
G1 F1800 X-18.689 Y2.242 E0.07071
G0 F7200 X-18.668 Y1.696
G1 F1800 X-20.684 Y-.319 E0.0711
G0 F7200 X-20.689 Y-.89
G1 F1800 X-18.649 Y1.15 E0.07197
G0 F7200 X-18.628 Y0.605
G1 F1800 X-20.698 Y-1.465 E0.07302
G0 F7200 X-20.709 Y-2.041
G1 F1800 X-18.608 Y0.06 E0.07412
G0 F7200 X-18.608 Y-.506
G1 F1800 X-20.691 Y-2.589 E0.07348
G0 F7200 X-20.611 Y-3.075
G1 F1800 X-18.614 Y-1.078 E0.07045
G0 F7200 X-18.62 Y-1.649
G1 F1800 X-20.531 Y-3.56 E0.06742
G0 F7200 X-20.099 Y-3.694
G1 F1800 X-18.624 Y-2.22 E0.05202
G0 F7200 X-18.582 Y-2.743
G1 F1800 X-19.528 Y-3.689 E0.03337
G0 F7200 X-18.958 Y-3.685
G1 F1800 X-18.486 Y-3.212 E0.01667
G1 F4200 E-3.5
G0 F7200 X-18.022 Y-3.12
G0 X-17.445 Y-4.445
G0 X-16.392 Y-4.22
G0 X16.6 Y-2.3
G0 X17.673 Y-2.473
G0 X17.629 Y-4.09
G0 X20.681 Y-4.116
G0 X21.162 Y-1.616
G0 X21.022 Y-1.606
;TYPE:FILL
G1 F4200 E3.5
G1 F3600 X22.212 Y-.415 E0.042
G1 X22.282 Y-.345
G0 F7200 X22.217 Y0.411
G1 F3600 X21.058 Y1.569 E0.04087
G1 X20.988 Y1.639
G0 F7200 X21.192 Y1.652
G0 X20.877 Y4.059
G0 X17.956 Y4.037
G0 X17.993 Y3.091
G0 X18.261 Y-0.032
;TYPE:WALL-INNER
G1 F3600 X17.862 Y2.352 E0.0603
G1 X17.776 Y4.209 E0.04637
G1 X22.421 Y4.24 E0.11587
G1 X22.372 Y-0.033 E0.1066
G1 X22.375 Y-4.296 E0.10634
G1 X17.398 Y-4.265 E0.12415
G1 X17.599 Y-3.535 E0.01889
G1 X17.839 Y-2.551 E0.02527
G1 X17.871 Y-2.276 E0.00691
G1 X18.261 Y-0.032 E0.05682
G0 F7200 X17.856 Y-0.029
;TYPE:WALL-OUTER
G1 F1800 X17.464 Y2.31 E0.05916
G1 X17.357 Y4.605 E0.05731
G1 X22.825 Y4.642 E0.1364
G1 X22.772 Y-0.033 E0.11663
G1 X22.775 Y-4.698 E0.11637
G1 X16.874 Y-4.661 E0.1472
G1 X17.211 Y-3.44 E0.0316
G1 X17.456 Y-2.427 E0.026
G1 X17.475 Y-2.223 E0.00511
G1 X17.856 Y-0.029 E0.05555
G0 F7200 X17.823 Y0.168
G0 X18.643 Y-0.03
;TYPE:SKIN
G1 F1800 X18.252 Y-2.292 E0.05726
G1 X18.211 Y-2.624 E0.00834
G1 X17.903 Y-3.885 E0.03238
G1 X20.509 Y-3.902 E0.06501
G1 X20.805 Y-2.498 E0.03579
G1 X21.015 Y-0.013 E0.06221
G1 X20.852 Y2.569 E0.06454
G1 X20.691 Y3.846 E0.03211
G1 X18.174 Y3.829 E0.06279
G1 X18.24 Y2.386 E0.03603
G1 X18.643 Y-0.03 E0.0611
G0 F7200 X18.364 Y-0.033
G0 X17.928 Y3.11
G0 X18.405 Y3.132
G1 F1800 X18.907 Y3.634 E0.01771
G0 F7200 X19.477 Y3.637
G1 F1800 X18.43 Y2.591 E0.03692
G0 F7200 X18.492 Y2.087
G1 F1800 X20.046 Y3.642 E0.05484
G0 F7200 X20.527 Y3.556
G1 F1800 X18.572 Y1.602 E0.06895
G0 F7200 X18.653 Y1.117
G1 F1800 X20.59 Y3.054 E0.06833
G0 F7200 X20.653 Y2.551
G1 F1800 X18.733 Y0.631 E0.06773
G0 F7200 X18.814 Y0.146
G1 F1800 X20.687 Y2.019 E0.06608
G0 F7200 X20.72 Y1.487
G1 F1800 X18.77 Y-.463 E0.06879
G0 F7200 X18.651 Y-1.148
G1 F1800 X20.754 Y0.955 E0.07419
G0 F7200 X20.787 Y0.422
G1 F1800 X18.533 Y-1.831 E0.0795
G0 F7200 X18.427 Y-2.503
G1 F1800 X20.804 Y-.126 E0.08386
G0 F7200 X20.752 Y-.744
G1 F1800 X18.27 Y-3.227 E0.08758
G0 F7200 X18.373 Y-3.688
G1 F1800 X20.701 Y-1.361 E0.08211
G0 F7200 X20.648 Y-1.979
G1 F1800 X18.936 Y-3.692 E0.06041
G0 F7200 X19.498 Y-3.695
G1 F1800 X20.577 Y-2.616 E0.03806
G0 F7200 X20.425 Y-3.334
G1 F1800 X20.059 Y-3.7 E0.01291
G1 F4200 E-3.5
;MESH:NONMESH
G0 F600 X20.059 Y-3.7 Z21.35
G0 F7200 X20.765 Y-4.049
G0 X17.152 Y-4.453
G0 X16.115 Y-4.168
G0 X-16.76 Y-0.019
G0 X-18.569 Y2.464
;TIME_ELAPSED:1787.748217
;LAYER:141
;TYPE:WALL-INNER
;MESH:pi 3mm_deformed_tet (6).stl
G1 F4200 E3.5
G1 F3600 X-18.564 Y1.724 E0.01846
G1 X-18.496 Y-0.008 E0.04324
G1 X-18.529 Y-2.425 E0.0603
G1 X-18.432 Y-3.009 E0.01477
G1 X-18.179 Y-4.249 E0.03157
G1 X-22.462 Y-4.286 E0.10684
G1 X-22.463 Y-2.415 E0.04667
G1 X-22.424 Y-0.027 E0.05958
G1 X-22.448 Y3.254 E0.08185
G1 X-22.442 Y4.25 E0.02485
G1 X-18.099 Y4.234 E0.10834
G1 X-18.569 Y2.464 E0.04568
G0 F7200 X-18.162 Y2.436
;TYPE:WALL-OUTER
G1 F1800 X-18.164 Y1.74 E0.01736
G1 X-18.096 Y-0.003 E0.04351
G1 X-18.126 Y-2.413 E0.06012
G1 X-18.04 Y-2.929 E0.01305
G1 X-17.689 Y-4.645 E0.04369
G1 X-22.868 Y-4.69 E0.1292
G1 X-22.86 Y-4.095 E0.01484
G1 X-22.863 Y-2.409 E0.04206
G1 X-22.824 Y-0.03 E0.05935
G1 X-22.848 Y3.256 E0.08197
G1 X-22.84 Y4.654 E0.03487
G1 X-17.58 Y4.632 E0.13121
G1 X-18.162 Y2.436 E0.05667
G0 F7200 X-18.162 Y2.236
G0 X-18.947 Y2.515
;TYPE:SKIN
G1 F1800 X-18.592 Y3.853 E0.03453
G1 X-21.07 Y3.863 E0.06181
G1 X-21.255 Y3.16 E0.01813
G1 X-21.36 Y2.405 E0.01901
G1 X-21.4 Y1.544 E0.0215
G1 X-21.387 Y-0.029 E0.03924
G1 X-21.364 Y-.829 E0.01996
G1 X-21.391 Y-2.453 E0.04052
G1 X-21.154 Y-3.894 E0.03643
G1 X-18.641 Y-3.87 E0.06269
G1 X-18.804 Y-3.081 E0.0201
G1 X-18.906 Y-2.469 E0.01548
G1 X-18.876 Y-0.015 E0.06122
G1 X-18.944 Y1.708 E0.04301
G1 X-18.947 Y2.515 E0.02013
G0 F7200 X-18.669 Y2.476
G0 X-18.328 Y4.058
G0 X-18.868 Y3.595
G1 F1800 X-18.928 Y3.654 E0.0021
G0 F7200 X-18.986 Y3.147
G1 F1800 X-19.496 Y3.656 E0.01797
G0 F7200 X-20.064 Y3.659
G1 F1800 X-19.104 Y2.699 E0.03387
G0 F7200 X-19.145 Y2.174
G1 F1800 X-20.632 Y3.661 E0.05246
G0 F7200 X-20.974 Y3.438
G1 F1800 X-19.141 Y1.604 E0.06468
G0 F7200 X-19.117 Y1.015
G1 F1800 X-21.079 Y2.977 E0.06921
G0 F7200 X-21.147 Y2.48
G1 F1800 X-19.093 Y0.426 E0.07246
G0 F7200 X-19.078 Y-.156
G1 F1800 X-21.181 Y1.947 E0.07419
G0 F7200 X-21.198 Y1.399
G1 F1800 X-19.083 Y-.716 E0.07461
G0 F7200 X-19.09 Y-1.275
G1 F1800 X-21.193 Y0.829 E0.07421
G0 F7200 X-21.189 Y0.259
G1 F1800 X-19.096 Y-1.834 E0.07384
G0 F7200 X-19.102 Y-2.394
G1 F1800 X-21.179 Y-.317 E0.07327
G0 F7200 X-21.165 Y-.897
G1 F1800 X-19.012 Y-3.05 E0.07595
G0 F7200 X-18.955 Y-3.673
G1 F1800 X-21.174 Y-1.453 E0.0783
G0 F7200 X-21.184 Y-2.01
G1 F1800 X-19.515 Y-3.678 E0.05886
G0 F7200 X-20.075 Y-3.683
G1 F1800 X-21.165 Y-2.594 E0.03844
G0 F7200 X-21.053 Y-3.271
G1 F1800 X-20.635 Y-3.689 E0.01475
G1 F4200 E-3.5
G0 F7200 X-21.416 Y-4.038
G0 X-17.951 Y-4.439
G0 X-16.895 Y-4.224
G0 X17.147 Y-1.689
G0 X18.225 Y-1.785
G0 X18.14 Y-4.086
G0 X21.16 Y-4.111
G0 X21.437 Y-2.824
G0 X21.754 Y-.246
G0 X18.713 Y-0.029
;TYPE:WALL-INNER
G1 F4200 E3.5
G1 F3600 X18.421 Y1.731 E0.0445
G1 X18.372 Y2.427 E0.0174
G1 X18.303 Y2.98 E0.0139
G1 X18.243 Y4.204 E0.03057
G1 X22.38 Y4.235 E0.1032
G1 X22.328 Y-0.029 E0.10637
G1 X22.334 Y-4.288 E0.10624
G1 X17.918 Y-4.26 E0.11016
G1 X18.332 Y-2.55 E0.04389
G1 X18.404 Y-1.802 E0.01875
G1 X18.713 Y-0.029 E0.04489
G0 F7200 X18.308 Y-0.026
;TYPE:WALL-OUTER
G1 F1800 X18.023 Y1.684 E0.04324
G1 X17.975 Y2.377 E0.01733
G1 X17.904 Y2.946 E0.0143
G1 X17.823 Y4.601 E0.04133
G1 X22.785 Y4.638 E0.12378
G1 X22.728 Y-0.029 E0.11643
G1 X22.735 Y-4.69 E0.11627
G1 X17.41 Y-4.657 E0.13284
G1 X17.948 Y-2.426 E0.05725
G1 X18.007 Y-1.75 E0.01693
G1 X18.308 Y-0.026 E0.04366
G0 F7200 X18.276 Y0.171
G0 X19.092 Y-0.045
;TYPE:SKIN
G1 F1800 X18.783 Y-1.847 E0.04561
G1 X18.716 Y-2.563 E0.01794
G1 X18.398 Y-3.881 E0.03382
G1 X20.989 Y-3.898 E0.06463
G1 X21.281 Y-2.495 E0.03575
G1 X21.491 Y-0.01 E0.06221
G1 X21.392 Y1.502 E0.0378
G1 X21.344 Y2.416 E0.02283
G1 X21.183 Y3.846 E0.0359
G1 X18.639 Y3.825 E0.06346
G1 X18.68 Y3.014 E0.02026
G1 X18.751 Y2.433 E0.0146
G1 X18.799 Y1.772 E0.01653
G1 X19.092 Y-0.045 E0.04591
G0 F7200 X21.705 Y0.248
G0 X21.522 Y-2.245
G0 X21.211 Y-3.962
G0 X18.711 Y-3.437
G1 F1800 X18.958 Y-3.685 E0.00873
G0 F7200 X19.528 Y-3.689
G1 F1800 X18.82 Y-2.981 E0.02498
G0 F7200 X18.921 Y-2.517
G1 F1800 X20.097 Y-3.693 E0.04149
G0 F7200 X20.667 Y-3.696
G1 F1800 X18.97 Y-1.999 E0.05987
G0 F7200 X19.044 Y-1.508
G1 F1800 X20.896 Y-3.36 E0.06533
G0 F7200 X20.994 Y-2.892
G1 F1800 X19.127 Y-1.025 E0.06586
G0 F7200 X19.209 Y-.542
G1 F1800 X21.087 Y-2.419 E0.06623
G0 F7200 X21.13 Y-1.897
G1 F1800 X19.292 Y-0.059 E0.06484
G0 F7200 X19.194 Y0.605
G1 F1800 X21.175 Y-1.376 E0.06989
G0 F7200 X21.219 Y-.854
G1 F1800 X19.083 Y1.282 E0.07535
G0 F7200 X18.988 Y1.942
G1 F1800 X21.263 Y-.332 E0.08024
G0 F7200 X21.275 Y0.221
G1 F1800 X18.938 Y2.558 E0.08244
G0 F7200 X18.872 Y3.19
G1 F1800 X21.235 Y0.827 E0.08336
G0 F7200 X21.196 Y1.432
G1 F1800 X19 Y3.627 E0.07745
G0 F7200 X19.561 Y3.632
G1 F1800 X21.163 Y2.03 E0.05651
G0 F7200 X21.116 Y2.642
G1 F1800 X20.122 Y3.637 E0.03508
G0 F7200 X20.683 Y3.642
G1 F1800 X21.046 Y3.278 E0.01282
G0 F7200 X21.773 Y3.375
G1 F4200 E-3.5
;MESH:NONMESH
G0 F600 X21.773 Y3.375 Z21.5
G0 F7200 X18.06 Y4.232
G0 X16.978 Y4.181
G0 X-16.816 Y4.149
G0 X-19.023 Y2.457
;TIME_ELAPSED:1799.695219
;LAYER:142
;TYPE:WALL-INNER
;MESH:pi 3mm_deformed_tet (6).stl
G1 F4200 E3.5
G1 F3600 X-19.016 Y1.288 E0.02916
G1 X-18.964 Y-0.016 E0.03255
G1 X-18.999 Y-2.429 E0.0602
G1 X-18.844 Y-3.397 E0.02445
G1 X-18.67 Y-4.25 E0.02172
G1 X-22.424 Y-4.282 E0.09365
G1 X-22.42 Y-2.416 E0.04655
G1 X-22.384 Y-0.031 E0.0595
G1 X-22.408 Y3.401 E0.08561
G1 X-22.403 Y4.246 E0.02108
G1 X-18.553 Y4.23 E0.09604
G1 X-19.023 Y2.457 E0.04576
G0 F7200 X-18.624 Y2.387
;TYPE:WALL-OUTER
G1 F1800 X-18.616 Y1.304 E0.02702
G1 X-18.564 Y-0.011 E0.03283
G1 X-18.6 Y-2.399 E0.05958
G1 X-18.452 Y-3.317 E0.0232
G1 X-18.181 Y-4.646 E0.03383
G1 X-22.829 Y-4.686 E0.11595
G1 X-22.82 Y-2.41 E0.05678
G1 X-22.784 Y-0.034 E0.05928
G1 X-22.808 Y3.403 E0.08574
G1 X-22.801 Y4.65 E0.03111
G1 X-21.273 Y4.636 E0.03812
G1 X-18.035 Y4.628 E0.08077
G1 X-18.624 Y2.387 E0.0578
G0 F7200 X-18.623 Y2.187
G0 X-19.399 Y2.509
;TYPE:SKIN
G1 F1800 X-19.044 Y3.848 E0.03456
G1 X-21.586 Y3.859 E0.06341
G1 X-21.671 Y3.532 E0.00843
G1 X-21.832 Y2.408 E0.02832
G1 X-21.896 Y1.116 E0.03227
G1 X-21.884 Y-0.035 E0.02871
G1 X-21.844 Y-1.217 E0.0295
G1 X-21.863 Y-2.453 E0.03084
G1 X-21.63 Y-3.894 E0.03641
G1 X-19.15 Y-3.874 E0.06187
G1 X-19.378 Y-2.472 E0.03543
G1 X-19.344 Y-0.023 E0.0611
G1 X-19.396 Y1.271 E0.03231
G1 X-19.399 Y2.509 E0.03088
G0 F7200 X-19.123 Y2.473
G0 X-18.782 Y4.054
G0 X-21.753 Y4.073
G0 X-21.232 Y3.658
G1 F1800 X-21.488 Y3.402 E0.00903
G0 F7200 X-21.583 Y2.741
G1 F1800 X-20.669 Y3.655 E0.03224
G0 F7200 X-20.107 Y3.652
G1 F1800 X-21.647 Y2.111 E0.05435
G0 F7200 X-21.676 Y1.517
G1 F1800 X-19.544 Y3.649 E0.07521
G0 F7200 X-19.419 Y3.208
G1 F1800 X-21.695 Y0.933 E0.08027
G0 F7200 X-21.689 Y0.373
G1 F1800 X-19.596 Y2.466 E0.07384
G0 F7200 X-19.596 Y1.9
G1 F1800 X-21.679 Y-.183 E0.07348
G0 F7200 X-21.661 Y-.73
G1 F1800 X-19.596 Y1.334 E0.07283
G0 F7200 X-19.576 Y0.788
G1 F1800 X-21.645 Y-1.281 E0.07299
G0 F7200 X-21.654 Y-1.855
G1 F1800 X-19.554 Y0.245 E0.07408
G0 F7200 X-19.547 Y-.313
G1 F1800 X-21.663 Y-2.43 E0.07467
G0 F7200 X-21.586 Y-2.918
G1 F1800 X-19.554 Y-.887 E0.07167
G0 F7200 X-19.561 Y-1.459
G1 F1800 X-21.507 Y-3.405 E0.06865
G0 F7200 X-21.227 Y-3.691
G1 F1800 X-19.568 Y-2.032 E0.05853
G0 F7200 X-19.56 Y-2.589
G1 F1800 X-20.657 Y-3.686 E0.0387
G0 F7200 X-20.087 Y-3.682
G1 F1800 X-19.479 Y-3.074 E0.02145
G0 F7200 X-19.397 Y-3.558
G1 F1800 X-19.516 Y-3.677 E0.0042
G1 F4200 E-3.5
G0 F7200 X-21.891 Y-4.036
G0 X-18.442 Y-4.439
G0 X-17.386 Y-4.225
G0 X17.583 Y-2.3
G0 X19.165 Y-0.028
;TYPE:WALL-INNER
G1 F4200 E3.5
G1 F3600 X18.949 Y1.263 E0.03265
G1 X18.868 Y2.428 E0.02913
G1 X18.747 Y3.377 E0.02386
G1 X18.706 Y4.204 E0.02065
G1 X22.337 Y4.231 E0.09058
G1 X22.288 Y-0.03 E0.1063
G1 X22.294 Y-4.284 E0.10612
G1 X18.403 Y-4.26 E0.09706
G1 X18.834 Y-2.506 E0.04506
G1 X18.94 Y-1.331 E0.02943
G1 X19.165 Y-0.028 E0.03298
G0 F7200 X18.76 Y-0.025
;TYPE:WALL-OUTER
G1 F1800 X18.551 Y1.216 E0.03139
G1 X18.471 Y2.378 E0.02905
G1 X18.348 Y3.342 E0.02424
G1 X18.286 Y4.601 E0.03144
G1 X22.741 Y4.634 E0.11113
G1 X22.688 Y-0.029 E0.11633
G1 X22.695 Y-4.686 E0.11617
G1 X17.908 Y-4.657 E0.11941
G1 X18.02 Y-4.145 E0.01307
G1 X18.44 Y-2.426 E0.04414
G1 X18.543 Y-1.279 E0.02873
G1 X18.76 Y-0.025 E0.03175
G0 F7200 X18.727 Y0.172
G0 X19.548 Y-0.025
;TYPE:SKIN
G1 F1800 X19.319 Y-1.374 E0.03413
G1 X19.208 Y-2.567 E0.02989
G1 X18.887 Y-3.881 E0.03374
G1 X21.465 Y-3.895 E0.06431
G1 X21.761 Y-2.486 E0.03591
G1 X21.908 Y-.735 E0.04383
G1 X21.916 Y0.759 E0.03727
G1 X21.828 Y2.416 E0.04139
G1 X21.676 Y3.846 E0.03587
G1 X19.103 Y3.825 E0.06419
G1 X19.123 Y3.427 E0.00994
G1 X19.247 Y2.429 E0.02509
G1 X19.328 Y1.3 E0.02824
G1 X19.548 Y-0.025 E0.0335
G0 F7200 X19.13 Y-.823
G0 X18.887 Y4.032
G0 X19.317 Y3.478
G1 F1800 X19.466 Y3.627 E0.00526
G0 F7200 X20.037 Y3.632
G1 F1800 X19.38 Y2.975 E0.02318
G0 F7200 X19.443 Y2.473
G1 F1800 X20.607 Y3.636 E0.04105
G0 F7200 X21.177 Y3.641
G1 F1800 X19.482 Y1.946 E0.0598
G0 F7200 X19.52 Y1.418
G1 F1800 X21.519 Y3.417 E0.07052
G0 F7200 X21.574 Y2.906
G1 F1800 X19.593 Y0.925 E0.06989
G0 F7200 X19.673 Y0.44
G1 F1800 X21.63 Y2.396 E0.06902
G0 F7200 X21.658 Y1.859
G1 F1800 X19.738 Y-0.061 E0.06773
G0 F7200 X19.626 Y-.738
G1 F1800 X21.686 Y1.322 E0.07267
G0 F7200 X21.715 Y0.784
G1 F1800 X19.516 Y-1.414 E0.07756
G0 F7200 X19.457 Y-2.039
G1 F1800 X21.714 Y0.218 E0.07962
G0 F7200 X21.71 Y-.351
G1 F1800 X19.384 Y-2.678 E0.08207
G0 F7200 X19.204 Y-3.423
G1 F1800 X21.691 Y-.937 E0.08772
G0 F7200 X21.639 Y-1.554
G1 F1800 X19.509 Y-3.684 E0.07514
G0 F7200 X20.072 Y-3.687
G1 F1800 X21.587 Y-2.172 E0.05345
G0 F7200 X21.483 Y-2.842
G1 F1800 X20.634 Y-3.69 E0.02993
G0 F7200 X21.196 Y-3.694
G1 F1800 X21.332 Y-3.558 E0.0048
G0 F7200 X21.695 Y-3.719
G1 F4200 E-3.5
;MESH:NONMESH
G0 F600 X21.695 Y-3.719 Z21.65
G0 F7200 X21.785 Y-3.736
G0 X18.228 Y-4.215
G0 X17.174 Y-3.981
G0 X-17.755 Y1.336
G0 X-19.485 Y2.432
;TIME_ELAPSED:1811.286818
;LAYER:143
;TYPE:WALL-INNER
;MESH:pi 3mm_deformed_tet (6).stl
G1 F4200 E3.5
G1 F3600 X-19.472 Y0.847 E0.03954
G1 X-19.437 Y-0.024 E0.02174
G1 X-19.472 Y-2.401 E0.0593
G1 X-19.184 Y-4.25 E0.04668
G1 X-22.383 Y-4.278 E0.0798
G1 X-22.376 Y-3.754 E0.01307
G1 X-22.38 Y-2.411 E0.0335
G1 X-22.343 Y-0.038 E0.0592
G1 X-22.368 Y3.543 E0.08933
G1 X-22.364 Y4.242 E0.01744
G1 X-20.899 Y4.227 E0.03655
G1 X-19.024 Y4.222 E0.04677
G1 X-19.152 Y3.689 E0.01367
G1 X-19.485 Y2.432 E0.03244
G0 F7200 X-19.082 Y2.398
;TYPE:WALL-OUTER
G1 F1800 X-19.072 Y0.863 E0.03829
G1 X-19.037 Y-0.019 E0.02202
G1 X-19.07 Y-2.42 E0.0599
G1 X-18.864 Y-3.709 E0.03256
G1 X-18.673 Y-4.646 E0.02385
G1 X-22.789 Y-4.682 E0.10268
G1 X-22.776 Y-3.755 E0.02313
G1 X-22.78 Y-2.405 E0.03368
G1 X-22.743 Y-0.037 E0.05908
G1 X-22.768 Y3.545 E0.08936
G1 X-22.761 Y4.646 E0.02747
G1 X-20.898 Y4.627 E0.04648
G1 X-18.518 Y4.62 E0.05937
G1 X-18.763 Y3.596 E0.02626
G1 X-19.082 Y2.398 E0.03093
G0 F7200 X-19.081 Y2.198
G0 X-19.862 Y2.494
;TYPE:SKIN
G1 F1800 X-19.511 Y3.841 E0.03472
G1 X-21.982 Y3.858 E0.06164
G1 X-21.959 Y-0.038 E0.09719
G1 X-22 Y-2.406 E0.05908
G1 X-22 Y-3.893 E0.03709
G1 X-19.627 Y-3.87 E0.0592
G1 X-19.85 Y-2.476 E0.03522
G1 X-19.816 Y-0.072 E0.05997
G1 X-19.852 Y0.831 E0.02254
G1 X-19.862 Y2.494 E0.04148
G0 F7200 X-19.827 Y3.422
G1 F1800 X-20.05 Y3.645 E0.00787
G0 F7200 X-20.62 Y3.649
G1 F1800 X-19.944 Y2.973 E0.02385
G0 F7200 X-20.059 Y2.523
G1 F1800 X-21.189 Y3.653 E0.03986
G0 F7200 X-21.758 Y3.656
G1 F1800 X-20.057 Y1.955 E0.06001
G0 F7200 X-20.055 Y1.387
G1 F1800 X-21.777 Y3.11 E0.06077
G0 F7200 X-21.774 Y2.541
G1 F1800 X-20.052 Y0.819 E0.06075
G0 F7200 X-20.029 Y0.23
G1 F1800 X-21.77 Y1.971 E0.06142
G0 F7200 X-21.768 Y1.403
G1 F1800 X-20.02 Y-.344 E0.06165
G0 F7200 X-20.027 Y-.903
G1 F1800 X-21.764 Y0.834 E0.06128
G0 F7200 X-21.761 Y0.264
G1 F1800 X-20.034 Y-1.462 E0.06091
G0 F7200 X-20.042 Y-2.019
G1 F1800 X-21.763 Y-.299 E0.0607
G0 F7200 X-21.773 Y-.855
G1 F1800 X-20.034 Y-2.593 E0.06133
G0 F7200 X-19.926 Y-3.267
G1 F1800 X-21.782 Y-1.411 E0.06548
G0 F7200 X-21.792 Y-1.966
G1 F1800 X-20.084 Y-3.675 E0.06027
G0 F7200 X-20.645 Y-3.68
G1 F1800 X-21.8 Y-2.524 E0.04076
G0 F7200 X-21.8 Y-3.09
G1 F1800 X-21.205 Y-3.685 E0.02099
G1 X-21.135 Y-3.755
G1 F4200 E-3.5
G0 F7200 X-21.132 Y-4.166
G0 X-18.932 Y-4.438
G0 X-17.877 Y-4.223
G0 X18.214 Y-.744
G0 X19.618 Y-0.026
;TYPE:WALL-INNER
G1 F4200 E3.5
G1 F3600 X19.477 Y0.796 E0.0208
G1 X19.364 Y2.431 E0.04088
G1 X19.194 Y3.791 E0.03419
G1 X19.174 Y4.2 E0.01021
G1 X22.298 Y4.227 E0.07793
G1 X22.268 Y2.382 E0.04603
G1 X22.244 Y-0.025 E0.06005
G1 X22.25 Y-4.276 E0.10604
G1 X18.912 Y-4.256 E0.08327
G1 X19.042 Y-3.672 E0.01492
G1 X19.322 Y-2.519 E0.0296
G1 X19.472 Y-.855 E0.04168
G1 X19.618 Y-0.026 E0.021
G0 F7200 X19.212 Y-0.025
;TYPE:WALL-OUTER
G1 F1800 X19.079 Y0.748 E0.01957
G1 X18.967 Y2.381 E0.04083
G1 X18.796 Y3.742 E0.03422
G1 X18.754 Y4.597 E0.02135
G1 X22.702 Y4.63 E0.09849
G1 X22.692 Y3.562 E0.02664
G1 X22.668 Y2.378 E0.02954
G1 X22.644 Y-0.025 E0.05995
G1 X22.651 Y-4.678 E0.11607
G1 X18.414 Y-4.653 E0.10569
G1 X18.653 Y-3.578 E0.02747
G1 X18.932 Y-2.426 E0.02957
G1 X19.075 Y-.803 E0.04064
G1 X19.212 Y-0.025 E0.01971
G0 F7200 X19.179 Y0.172
G0 X20.004 Y-0.027
;TYPE:SKIN
G1 F1800 X19.847 Y-.899 E0.0221
G1 X19.7 Y-2.57 E0.04184
G1 X19.39 Y-3.877 E0.03351
G1 X21.867 Y-3.89 E0.06179
G1 X21.864 Y-0.025 E0.09641
G1 X21.909 Y3.842 E0.09647
G1 X19.571 Y3.821 E0.05832
G1 X19.743 Y2.433 E0.03489
G1 X19.855 Y0.836 E0.03994
G1 X20.004 Y-0.027 E0.02185
G0 F7200 X19.72 Y-0.028
G0 X19.26 Y-3.213
G0 X19.728 Y-3.323
G1 F1800 X20.085 Y-3.68 E0.01259
G0 F7200 X20.654 Y-3.683
G1 F1800 X19.837 Y-2.867 E0.0288
G0 F7200 X19.916 Y-2.38
G1 F1800 X21.223 Y-3.687 E0.04611
G0 F7200 X21.666 Y-3.564
G1 F1800 X19.962 Y-1.86 E0.06011
G0 F7200 X20.008 Y-1.341
G1 F1800 X21.666 Y-2.998 E0.05847
G0 F7200 X21.665 Y-2.432
G1 F1800 X20.064 Y-.831 E0.05648
G0 F7200 X20.15 Y-.351
G1 F1800 X21.665 Y-1.866 E0.05345
G0 F7200 X21.664 Y-1.3
G1 F1800 X20.169 Y0.196 E0.05276
G0 F7200 X20.054 Y0.877
G1 F1800 X21.664 Y-.733 E0.0568
G0 F7200 X21.664 Y-.168
G1 F1800 X20.01 Y1.486 E0.05835
G0 F7200 X19.967 Y2.095
G1 F1800 X21.668 Y0.394 E0.06001
G0 F7200 X21.675 Y0.952
G1 F1800 X19.909 Y2.719 E0.06232
G0 F7200 X19.829 Y3.364
G1 F1800 X21.681 Y1.512 E0.06533
G0 F7200 X21.688 Y2.071
G1 F1800 X20.133 Y3.626 E0.05486
G0 F7200 X20.693 Y3.631
G1 F1800 X21.694 Y2.63 E0.03531
G0 F7200 X21.7 Y3.19
G1 F1800 X21.254 Y3.636 E0.01573
G1 F4200 E-3.5
;MESH:NONMESH
G0 F600 X21.254 Y3.636 Z21.8
G0 F7200 X21.25 Y4.117
G0 X18.989 Y4.269
G0 X17.907 Y4.218
G0 X-17.927 Y3.393
G0 X-19.945 Y2.423
;TIME_ELAPSED:1821.779688
;LAYER:144
;TYPE:WALL-INNER
;MESH:pi 3mm_deformed_tet (6).stl
G1 F4200 E3.5
G1 F3600 X-19.928 Y0.409 E0.05024
G1 X-19.909 Y-0.029 E0.01094
G1 X-19.949 Y-2.443 E0.06023
G1 X-19.65 Y-4.25 E0.04569
G1 X-22.344 Y-4.274 E0.0672
G1 X-22.336 Y-3.582 E0.01726
G1 X-22.34 Y-2.413 E0.02916
G1 X-22.303 Y-0.042 E0.05915
G1 X-22.328 Y3.687 E0.09302
G1 X-22.324 Y4.235 E0.01367
G1 X-19.498 Y4.216 E0.0705
G1 X-19.762 Y3.123 E0.02805
G1 X-19.945 Y2.423 E0.01805
G0 F7200 X-19.542 Y2.39
;TYPE:WALL-OUTER
G1 F1800 X-19.528 Y0.427 E0.04897
G1 X-19.509 Y-0.023 E0.01124
G1 X-19.546 Y-2.425 E0.05993
G1 X-19.273 Y-4.101 E0.04236
G1 X-19.161 Y-4.646 E0.01388
G1 X-22.749 Y-4.678 E0.08951
G1 X-22.736 Y-3.583 E0.02732
G1 X-22.74 Y-2.407 E0.02934
G1 X-22.703 Y-0.041 E0.05903
G1 X-22.728 Y3.689 E0.09305
G1 X-22.721 Y4.638 E0.02367
G1 X-18.99 Y4.616 E0.09307
G1 X-19.374 Y3.025 E0.04083
G1 X-19.542 Y2.39 E0.01639
G0 F7200 X-19.541 Y2.19
G0 X-20.322 Y2.478
;TYPE:SKIN
G1 F1800 X-19.984 Y3.834 E0.03486
G1 X-21.943 Y3.85 E0.04887
G1 X-21.919 Y-0.038 E0.09699
G1 X-21.96 Y-2.408 E0.05913
G1 X-21.959 Y-3.889 E0.03694
G1 X-20.096 Y-3.873 E0.04647
G1 X-20.326 Y-2.481 E0.03519
G1 X-20.288 Y-0.069 E0.06018
G1 X-20.308 Y0.394 E0.01156
G1 X-20.322 Y2.478 E0.05199
G0 F7200 X-19.897 Y3.003
G0 X-19.721 Y4.04
G0 X-21.244 Y4.127
G0 X-21.246 Y3.644
G1 F1800 X-21.739 Y3.152 E0.01737
G0 F7200 X-21.735 Y2.589
G1 F1800 X-20.685 Y3.639 E0.03704
G0 F7200 X-20.277 Y3.482
G1 F1800 X-21.732 Y2.027 E0.05133
G0 F7200 X-21.729 Y1.464
G1 F1800 X-20.464 Y2.729 E0.04463
G0 F7200 X-20.517 Y2.111
G1 F1800 X-21.725 Y0.902 E0.04263
G0 F7200 X-21.722 Y0.34
G1 F1800 X-20.514 Y1.548 E0.04262
G0 F7200 X-20.511 Y0.985
G1 F1800 X-21.722 Y-.226 E0.04272
G0 F7200 X-21.732 Y-.802
G1 F1800 X-20.508 Y0.422 E0.04318
G0 F7200 X-20.488 Y-.123
G1 F1800 X-21.742 Y-1.377 E0.04424
G0 F7200 X-21.752 Y-1.953
G1 F1800 X-20.496 Y-.697 E0.04431
G0 F7200 X-20.505 Y-1.271
G1 F1800 X-21.76 Y-2.526 E0.04427
G0 F7200 X-21.76 Y-3.092
G1 F1800 X-20.513 Y-1.846 E0.04397
G0 F7200 X-20.522 Y-2.42
G1 F1800 X-21.76 Y-3.658 E0.04367
G0 F7200 X-21.218 Y-3.682
G1 F1800 X-20.456 Y-2.92 E0.02688
G0 F7200 X-20.376 Y-3.405
G1 F1800 X-20.648 Y-3.678 E0.00961
G1 F4200 E-3.5
G0 F7200 X-20.644 Y-4.159
G0 X-19.423 Y-4.437
G0 X-18.368 Y-4.222
G0 X18.566 Y-2.301
G0 X20.06 Y-0.013
;TYPE:WALL-INNER
G1 F4200 E3.5
G1 F3600 X20.009 Y0.329 E0.00863
G1 X19.867 Y2.401 E0.05181
G1 X19.638 Y4.196 E0.04514
G1 X22.256 Y4.219 E0.06531
G1 X22.204 Y-0.026 E0.1059
G1 X22.21 Y-4.272 E0.10592
G1 X19.415 Y-4.255 E0.06972
G1 X19.671 Y-3.103 E0.02944
G1 X19.818 Y-2.508 E0.01529
G1 X20.004 Y-.385 E0.05316
G1 X20.06 Y-0.013 E0.00938
G0 F7200 X19.66 Y-0.017
;TYPE:WALL-OUTER
G1 F1800 X19.611 Y0.281 E0.00753
G1 X19.467 Y2.386 E0.05263
G1 X19.24 Y4.138 E0.04407
G1 X19.218 Y4.593 E0.01136
G1 X22.661 Y4.622 E0.08589
G1 X22.604 Y-0.025 E0.11593
G1 X22.611 Y-4.674 E0.11597
G1 X18.917 Y-4.653 E0.09215
G1 X19.283 Y-3.007 E0.04206
G1 X19.424 Y-2.426 E0.01491
G1 X19.607 Y-.331 E0.05246
G1 X19.66 Y-0.017 E0.00794
G0 F7200 X19.628 Y0.18
G0 X20.435 Y-0.051
;TYPE:SKIN
G1 F1800 X20.385 Y-.42 E0.00929
G1 X20.196 Y-2.562 E0.05364
G1 X20.04 Y-3.183 E0.01597
G1 X19.886 Y-3.877 E0.01773
G1 X21.827 Y-3.886 E0.04842
G1 X21.824 Y-0.025 E0.09631
G1 X21.869 Y3.834 E0.09627
G1 X20.067 Y3.818 E0.04495
G1 X20.239 Y2.486 E0.0335
G1 X20.388 Y0.372 E0.05286
G1 X20.435 Y-0.051 E0.01062
G0 F7200 X20.103 Y0.446
G0 X19.833 Y4.024
G0 X20.328 Y3.357
G1 F1800 X20.593 Y3.623 E0.00937
G0 F7200 X21.164 Y3.627
G1 F1800 X20.392 Y2.856 E0.02722
G0 F7200 X20.449 Y2.347
G1 F1800 X21.666 Y3.564 E0.04293
G0 F7200 X21.659 Y2.992
G1 F1800 X20.486 Y1.819 E0.04138
G0 F7200 X20.523 Y1.29
G1 F1800 X21.653 Y2.42 E0.03986
G0 F7200 X21.646 Y1.847
G1 F1800 X20.561 Y0.762 E0.03828
G0 F7200 X20.605 Y0.24
G1 F1800 X21.64 Y1.275 E0.03651
G0 F7200 X21.633 Y0.702
G1 F1800 X20.597 Y-.333 E0.03653
G0 F7200 X20.537 Y-.96
G1 F1800 X21.626 Y0.13 E0.03844
G0 F7200 X21.625 Y-.437
G1 F1800 X20.481 Y-1.581 E0.04036
G0 F7200 X20.424 Y-2.203
G1 F1800 X21.625 Y-1.002 E0.04237
G0 F7200 X21.625 Y-1.568
G1 F1800 X20.327 Y-2.866 E0.04579
G0 F7200 X20.133 Y-3.625
G1 F1800 X21.626 Y-2.133 E0.05265
G0 F7200 X21.626 Y-2.698
G1 F1800 X20.644 Y-3.68 E0.03464
G0 F7200 X21.208 Y-3.683
G1 F1800 X21.627 Y-3.263 E0.0148
G1 F4200 E-3.5
;MESH:NONMESH
G0 F600 X21.627 Y-3.263 Z21.95
G0 F7200 X22.108 Y-3.262
G0 X22.038 Y-4.098
G0 X19.181 Y-4.445
G0 X18.13 Y-4.212
G0 X-18.665 Y0.44
G0 X-20.401 Y2.409
;TIME_ELAPSED:1831.672620
;LAYER:145
;TYPE:WALL-INNER
;MESH:pi 3mm_deformed_tet (6).stl
G1 F4200 E3.5
G1 F3600 X-20.38 Y-0.049 E0.06132
G1 X-20.421 Y-2.446 E0.0598
G1 X-20.126 Y-4.249 E0.04557
G1 X-22.305 Y-4.267 E0.05436
G1 X-22.296 Y-2.358 E0.04762
G1 X-22.263 Y-0.024 E0.05823
G1 X-22.285 Y4.231 E0.10614
G1 X-19.968 Y4.214 E0.0578
G1 X-20.401 Y2.409 E0.0463
G0 F7200 X-19.998 Y2.378
;TYPE:WALL-OUTER
G1 F1800 X-19.98 Y-0.056 E0.06072
G1 X-20.018 Y-2.429 E0.0592
G1 X-19.656 Y-4.645 E0.05601
G1 X-22.709 Y-4.67 E0.07616
G1 X-22.696 Y-2.353 E0.0578
G1 X-22.663 Y-0.026 E0.05805
G1 X-22.688 Y3.832 E0.09624
G1 X-22.681 Y4.634 E0.02001
G1 X-19.462 Y4.61 E0.0803
G1 X-19.998 Y2.378 E0.05726
G0 F7200 X-19.997 Y2.178
G0 X-20.301 Y2.176
G0 X-21.151 Y2.531
;TYPE:SKIN
G1 F1865.3 X-20.996 Y3.417 E0.02165
G1 F1777.8 X-21.467 Y3.421 E0.0119
G1 F1865.3 X-21.512 Y2.572 E0.02047
G1 F1989 X-21.497 Y-0.014 E0.05838
G1 F2005.6 X-21.537 Y-2.539 E0.05654
G1 F1914.9 X-21.499 Y-3.468 E0.0218
G1 F1846.2 X-21.061 Y-3.464 E0.01065
G1 F1914.9 X-21.178 Y-2.51 E0.02254
G1 F2005.6 X-21.139 Y-0.021 E0.05573
G1 F1989 X-21.151 Y2.531 E0.05761
G0 F7200 X-20.778 Y2.458
G1 F1800 X-20.449 Y3.834 E0.03529
G1 X-21.906 Y3.846 E0.03635
G1 X-21.879 Y-0.018 E0.09639
G1 X-21.916 Y-2.36 E0.05843
G1 X-21.922 Y-3.882 E0.03797
G1 X-20.568 Y-3.869 E0.03378
G1 X-20.798 Y-2.485 E0.035
G1 X-20.761 Y-0.037 E0.06107
G1 X-20.778 Y2.458 E0.06224
G1 F4200 E-3.5
G0 F7200 X-20.502 Y2.418
G0 X-19.732 Y4.404
G0 X-18.687 Y4.153
G0 X19.102 Y2.305
G0 X20.522 Y-0.021
;TYPE:WALL-INNER
G1 F4200 E3.5
G1 F3600 X20.36 Y2.441 E0.06155
G1 X20.133 Y4.198 E0.04419
G1 X22.212 Y4.215 E0.05186
G1 X22.16 Y-0.021 E0.10568
G1 X22.168 Y-4.265 E0.10587
G1 X19.92 Y-4.255 E0.05608
G1 X20.315 Y-2.452 E0.04604
G1 X20.522 Y-0.021 E0.06086
G0 F7200 X20.12 Y-0.002
;TYPE:WALL-OUTER
G1 F1800 X19.963 Y2.39 E0.0598
G1 X19.679 Y4.594 E0.05543
G1 X22.617 Y4.618 E0.07329
G1 X22.56 Y-0.021 E0.11573
G1 X22.57 Y-4.667 E0.1159
G1 X19.422 Y-4.653 E0.07853
G1 X19.916 Y-2.418 E0.0571
G1 X20.12 Y-0.002 E0.06048
G0 F7200 X20.107 Y0.197
G0 X20.405 Y0.217
G0 X20.33 Y4.026
G0 X22.038 Y4.041
G0 X22.061 Y0.009
G0 X21.217 Y0.02
;TYPE:SKIN
G1 F2656.8 X21.137 Y-1.289 E0.02216
G1 F2215.4 X21.056 Y-2.598 E0.02658
G1 F1956.5 X20.915 Y-3.464 E0.02014
G1 F1875 X21.36 Y-3.469 E0.01066
G1 F1967.2 X21.406 Y-2.589 E0.02011
G1 F2236 X21.433 Y-1.299 E0.02591
G1 F2666.7 X21.46 Y-0.009 E0.02173
G1 F2696.6 X21.45 Y1.264 E0.0212
G1 F2285.7 X21.44 Y2.537 E0.02501
G1 F1978 X21.424 Y3.432 E0.02032
G1 F1914.9 X21.016 Y3.428 E0.00957
G1 F2045.5 X21.101 Y2.538 E0.01963
G1 F2278.5 X21.159 Y1.279 E0.02484
G1 F2686.6 X21.217 Y0.02 E0.02106
G0 F7200 X20.9 Y-0.002
G1 F1800 X20.692 Y-2.489 E0.06226
G1 X20.392 Y-3.873 E0.03533
G1 X21.783 Y-3.882 E0.0347
G1 X21.78 Y-0.07 E0.09509
G1 X21.825 Y3.83 E0.09729
G1 X20.564 Y3.818 E0.03146
G1 X20.735 Y2.49 E0.0334
G1 X20.9 Y-0.002 E0.0623
G1 F4200 E-3.5
;MESH:NONMESH
G0 F600 X20.9 Y-0.002 Z22.1
G0 F7200 X20.624 Y-0.02
G0 X20.181 Y2.403
G0 X19.102 Y2.305
G0 X-18.687 Y4.153
G0 X-20.818 Y2.77
;TIME_ELAPSED:1839.350538
;LAYER:146
;note -- min layer time used
;TYPE:WALL-INNER
;MESH:pi 3mm_deformed_tet (6).stl
G1 F4200 E3.5
G1 F1747.6 X-20.886 Y2.023 E0.01871
G1 X-20.872 Y-0.052 E0.05176
G1 X-20.861 Y-.429 E0.00941
G1 X-20.897 Y-2.446 E0.05032
G1 X-20.602 Y-4.249 E0.04557
G1 X-22.266 Y-4.262 E0.04151
G1 X-22.252 Y-3.241 E0.02547
G1 X-22.256 Y-2.363 E0.0219
G1 X-22.219 Y-0.043 E0.05788
G1 X-22.246 Y4.227 E0.10652
G1 X-20.443 Y4.211 E0.04498
G1 X-20.818 Y2.77 E0.03714
G0 F7200 X-20.422 Y2.702
;TYPE:WALL-OUTER
G1 F1747.6 X-20.488 Y1.987 E0.01791
G1 X-20.472 Y-0.039 E0.05054
G1 X-20.461 Y-.436 E0.00991
G1 X-20.494 Y-2.429 E0.04972
G1 X-20.132 Y-4.645 E0.05601
G1 X-22.672 Y-4.666 E0.06336
G1 X-22.652 Y-3.243 E0.0355
G1 X-22.656 Y-2.357 E0.0221
G1 X-22.619 Y-0.046 E0.05766
G1 X-22.648 Y3.979 E0.10041
G1 X-22.644 Y4.63 E0.01624
G1 X-19.936 Y4.606 E0.06755
G1 X-20.422 Y2.702 E0.04902
G0 F7200 X-20.44 Y2.503
G0 X-20.741 Y2.53
G0 X-20.67 Y4.037
G0 X-21.402 Y3.436
;TYPE:SKIN
G1 F1721.8 X-21.477 Y3.479 E0.00219
G1 X-21.477 Y3.393 E0.00218
G1 X-21.402 Y3.436 E0.00219
G0 F7200 X-21.255 Y2.868
G1 F1484.2 X-21.061 Y3.33 E0.01472
G1 F1747.6 X-20.93 Y3.834 E0.01299
G1 X-21.866 Y3.842 E0.02335
G1 X-21.863 Y3.428 E0.01033
G1 F1484.2 X-21.788 Y2.934 E0.01468
G1 F1349.5 X-21.805 Y2.08 E0.02759
G1 F1418 X-21.79 Y-0.038 E0.06512
G1 F1409.4 X-21.826 Y-2.363 E0.07193
G1 F1341.8 X-21.773 Y-3.787 E0.0463
G1 F1289.8 X-21.166 Y-3.78 E0.02052
G1 F1339.2 X-21.324 Y-2.493 E0.04221
G1 F1392.5 X-21.291 Y-.432 E0.06453
G1 F1403.7 X-21.311 Y2.059 E0.07736
G1 F1349.5 X-21.255 Y2.868 E0.0262
G1 F4200 E-3.5
G0 F7200 X-22.138 Y2.862
G0 X-22.075 Y4.053
G0 X-20.241 Y4.279
G0 X-19.188 Y4.027
G0 X19.348 Y4.248
G0 X20.836 Y2.565
;TYPE:WALL-INNER
G1 F4200 E3.5
G1 F1747.6 X20.629 Y4.194 E0.04096
G1 X22.169 Y4.21 E0.03842
G1 X22.14 Y2.377 E0.04573
G1 X22.12 Y-.113 E0.06212
G1 X22.127 Y-4.26 E0.10345
G1 X20.415 Y-4.251 E0.04271
G1 X20.791 Y-2.455 E0.04577
G1 X20.992 Y-0.01 E0.0612
G1 X20.836 Y2.565 E0.06435
G0 F7200 X20.435 Y2.554
;TYPE:WALL-OUTER
G1 F1747.6 X20.175 Y4.59 E0.0512
G1 X22.576 Y4.614 E0.0599
G1 X22.54 Y2.374 E0.05588
G1 X22.52 Y-.113 E0.06204
G1 X22.52 Y-3.206 E0.07716
G1 X22.53 Y-4.662 E0.03632
G1 X19.923 Y-4.649 E0.06503
G1 X20.392 Y-2.421 E0.0568
G1 X20.592 Y-0.033 E0.05978
G1 X20.435 Y2.554 E0.06465
G0 F7200 X20.41 Y2.752
G0 X21.246 Y2.658
;TYPE:SKIN
G1 F1529.7 X21.305 Y1.331 E0.03786
G1 F1705 X21.364 Y0.004 E0.03396
G1 F1696.7 X21.287 Y-1.259 E0.03251
G1 F1500.1 X21.209 Y-2.522 E0.03677
G1 F1354.8 X21.016 Y-3.779 E0.04092
G1 F1296.9 X21.635 Y-3.781 E0.02081
G1 F1354.8 X21.696 Y-2.572 E0.03895
G1 F1503.3 X21.722 Y-1.307 E0.03669
G1 F1696.7 X21.749 Y-0.041 E0.03254
G1 F1713.4 X21.737 Y1.307 E0.0343
G1 F1536.4 X21.725 Y2.655 E0.03825
G1 F1420.8 X21.704 Y3.757 E0.03382
G1 F1376.1 X21.147 Y3.751 E0.01765
G1 F1412.2 X21.246 Y2.658 E0.03388
G1 F4200 E-3.5
;MESH:NONMESH
G0 F600 X21.246 Y2.658 Z22.25
G0 F7200 X22.045 Y2.646
G0 X21.994 Y4.036
G0 X20.417 Y4.383
G0 X19.348 Y4.248
G0 X-19.188 Y4.027
G0 X-21.238 Y3.126
;TIME_ELAPSED:1846.312147
;LAYER:147
;note -- min layer time used
;TYPE:WALL-INNER
;MESH:pi 3mm_deformed_tet (6).stl
G1 F4200 E3.5
G1 F1459.2 X-21.344 Y2.375 E0.01892
G1 X-21.38 Y1.539 E0.02087
G1 X-21.368 Y-0.054 E0.03974
G1 X-21.345 Y-.826 E0.01927
G1 X-21.369 Y-2.447 E0.04044
G1 X-21.076 Y-4.246 E0.04547
G1 X-22.228 Y-4.258 E0.02874
G1 X-22.18 Y-0.046 E0.10508
G1 X-22.208 Y4.222 E0.10647
G1 X-20.961 Y4.211 E0.03111
G1 X-21.238 Y3.126 E0.02793
G0 F7200 X-20.842 Y3.074
;TYPE:WALL-OUTER
G1 F1459.2 X-20.944 Y2.357 E0.01807
G1 X-20.98 Y1.542 E0.02035
G1 X-20.968 Y-0.042 E0.03951
G1 X-20.945 Y-.832 E0.01971
G1 X-20.966 Y-2.429 E0.03984
G1 X-20.607 Y-4.642 E0.05593
G1 X-22.633 Y-4.662 E0.05054
G1 X-22.612 Y-3.076 E0.03957
G1 X-22.612 Y-2.371 E0.01759
G1 X-22.58 Y-0.049 E0.05793
G1 X-22.605 Y4.626 E0.11662
G1 X-20.446 Y4.606 E0.05386
G1 X-20.842 Y3.074 E0.03947
G0 F7200 X-20.87 Y2.876
G0 X-21.169 Y2.918
G0 X-21.188 Y4.037
G0 X-22.036 Y4.049
G0 X-21.426 Y3.851
;TYPE:SKIN
G1 F1590.4 X-21.844 Y3.856 E0.00957
G1 X-21.842 Y3.67 E0.00426
G1 F1191.2 X-21.715 Y3.196 E0.015
G1 X-21.482 Y3.627 E0.01497
G1 F1590.4 X-21.426 Y3.851 E0.00528
G0 F7200 X-22.106 Y3.846
G0 X-22.053 Y-4.084
G0 X-21.692 Y-3.725
G1 F910.6 X-21.739 Y-3.108 E0.02474
G1 F1091 X-21.786 Y-2.491 E0.02065
G1 F1211 X-21.766 Y-.826 E0.05005
G1 F1249.9 X-21.785 Y1.55 E0.0692
G1 F1231.4 X-21.769 Y2.42 E0.02572
G1 F1053.6 X-21.715 Y3.196 E0.02687
G1 F4200 E-3.5
G0 F7200 X-22.102 Y3.194
G0 X-22.036 Y4.049
G0 X-20.719 Y4.397
G0 X-19.679 Y4.126
G0 X19.838 Y4.248
G0 X20.907 Y4.383
G0 X21.606 Y2.47
G0 X21.418 Y2.459
;TYPE:WALL-INNER
G1 F4200 E3.5
G1 F1176.8 X21.281 Y2.846 E0.0127
G1 F1459.2 X21.248 Y3.168 E0.00807
G1 X21.117 Y4.194 E0.0258
G1 X22.129 Y4.205 E0.02525
G1 X22.11 Y2.883 E0.03298
G1 F1176.8 X22.007 Y2.485 E0.01272
G1 F1024 X22.015 Y1.236 E0.0444
G1 F1109.7 X22.024 Y-0.013 E0.04097
G1 F1065.1 X21.982 Y-2.137 E0.0726
G1 F1176.8 X22.079 Y-2.536 E0.0127
G1 F1459.2 X22.087 Y-4.253 E0.04283
G1 X20.892 Y-4.25 E0.02981
G1 X21.261 Y-2.48 E0.0451
G1 F1176.8 X21.391 Y-2.113 E0.01204
G1 F1065.1 X21.52 Y-0.006 E0.07214
G1 F1097.2 X21.451 Y1.525 E0.05085
G1 F1013.3 X21.418 Y2.459 E0.03357
G0 F7200 X21.621 Y2.48
G0 X21.767 Y-0.091
G0 X21.068 Y-0.033
;TYPE:WALL-OUTER
G1 F1459.2 X20.972 Y1.501 E0.03834
G1 X20.925 Y2.407 E0.02263
G1 X20.851 Y3.118 E0.01783
G1 X20.663 Y4.59 E0.03702
G1 X22.536 Y4.609 E0.04672
G1 X22.501 Y2.401 E0.05509
G1 X22.476 Y-0.091 E0.06217
G1 X22.49 Y-4.655 E0.11385
G1 X20.399 Y-4.648 E0.05216
G1 X20.868 Y-2.413 E0.05697
G1 X21.068 Y-0.033 E0.05958
G0 F7200 X21.056 Y0.166
G0 X21.756 Y0.212
G0 X21.314 Y4.022
G0 X21.648 Y3.727
;TYPE:SKIN
G1 F1099.2 X21.69 Y2.936 E0.02623
G0 F7200 X21.555 Y2.65
G0 X21.696 Y0.244
G0 X21.533 Y-2.29
G0 X21.604 Y-2.566
G1 F1644.2 X21.329 Y-3.891 E0.02996
G1 X21.726 Y-3.894 E0.00879
G1 X21.719 Y-2.574 E0.02922
G1 X21.665 Y-2.464 E0.00271
G1 X21.604 Y-2.566 E0.00263
G0 F7200 X21.879 Y-2.338
G1 F4200 E-3.5
;MESH:NONMESH
G0 F600 X21.879 Y-2.338 Z22.4
G0 F7200 X21.872 Y-2.293
G0 X21.169 Y-1.255
G0 X20.108 Y-1.165
G0 X-19.993 Y2.914
G0 X-21.801 Y2.377
;TIME_ELAPSED:1853.548239
;LAYER:148
;note -- min layer time used
;TYPE:WALL-INNER
;MESH:pi 3mm_deformed_tet (6).stl
G1 F4200 E3.5
G1 F1284.7 X-21.844 Y1.144 E0.02716
G1 F1345.6 X-21.833 Y-0.061 E0.02533
G1 F1288.3 X-21.806 Y-1.221 E0.02547
G1 F1239 X-21.826 Y-2.444 E0.02792
G1 F1142.3 X-21.619 Y-4.202 E0.04383
G1 F1062 X-22.133 Y-4.207 E0.01369
G1 F1151 X-22.187 Y-2.385 E0.04479
G1 F1245.8 X-22.172 Y-1.217 E0.02652
G1 F1295.7 X-22.179 Y1.151 E0.05169
G1 F1277.4 X-22.169 Y2.456 E0.02889
G1 F1117 X-22.143 Y3.31 E0.02163
G1 F964.9 X-22.116 Y4.164 E0.02504
G1 F903.4 X-21.542 Y4.16 E0.01797
G1 F944.8 X-21.684 Y3.517 E0.01971
G1 F1095.4 X-21.801 Y2.377 E0.02959
G0 F7200 X-21.96 Y2.902
G0 X-21.262 Y3.446
;TYPE:WALL-OUTER
G1 F1133.7 X-21.416 Y2.358 E0.02741
G1 X-21.476 Y1.113 E0.03109
G1 X-21.464 Y-0.05 E0.02901
G1 X-21.424 Y-1.227 E0.02938
G1 X-21.442 Y-2.433 E0.03009
G1 X-21.083 Y-4.642 E0.05583
G1 X-22.593 Y-4.657 E0.03767
G1 X-22.539 Y-0.054 E0.11483
G1 X-22.565 Y4.618 E0.11655
G1 X-20.962 Y4.606 E0.03999
G1 X-21.262 Y3.446 E0.02989
G0 F7200 X-21.29 Y3.249
G1 F4200 E-3.5
G0 F7200 X-21.823 Y3.341
G0 X-21.235 Y4.396
G0 X-20.195 Y4.125
G0 X20.429 Y3.454
G0 X21.769 Y2.423
;TYPE:WALL-INNER
G1 F4200 E3.5
G1 F1295.7 X21.632 Y4.182 E0.03851
G1 F1133.7 X22.074 Y4.186 E0.01103
G1 F1212.5 X22.095 Y2.4 E0.04166
G1 F1591.2 X22.11 Y-0.065 E0.04381
G1 F1667.2 X22.085 Y-1.306 E0.02105
G1 F1399.6 X22.06 Y-2.548 E0.0251
G1 F1168.8 X21.981 Y-4.197 E0.03995
G1 F1064.5 X21.45 Y-4.196 E0.01411
G1 F1168.8 X21.712 Y-2.512 E0.04124
G1 F1399.6 X21.789 Y-1.245 E0.02565
G1 F1667.2 X21.866 Y0.022 E0.02153
G1 F1585.6 X21.769 Y2.423 E0.04286
G0 F7200 X21.845 Y-0.053
G0 X21.544 Y-0.029
;TYPE:WALL-OUTER
G1 F1133.7 X21.476 Y1.069 E0.02744
G1 X21.408 Y2.385 E0.03287
G1 X21.291 Y3.497 E0.02789
G1 X21.154 Y4.59 E0.02748
G1 X22.492 Y4.602 E0.03338
G1 X22.457 Y2.394 E0.05509
G1 X22.432 Y-0.065 E0.06134
G1 X22.436 Y-2.866 E0.06987
G1 X22.45 Y-4.65 E0.0445
G1 X20.909 Y-4.644 E0.03844
G1 X21.039 Y-3.87 E0.01958
G1 X21.345 Y-2.434 E0.03663
G1 X21.544 Y-0.029 E0.0602
G0 F7200 X21.532 Y0.17
G1 F4200 E-3.5
;MESH:NONMESH
G0 F600 X21.532 Y0.17 Z22.55
G0 F7200 X21.833 Y0.19
G0 X21.689 Y1.066
G0 X20.613 Y1.021
G0 X-20.195 Y4.125
G0 X-21.235 Y4.396
G0 X-21.812 Y3.515
G0 X-22.124 Y3.515
;TIME_ELAPSED:1859.583548
;LAYER:149
;note -- min layer time used
;TYPE:WALL-INNER
;MESH:pi 3mm_deformed_tet (6).stl
G1 F4200 E3.5
G1 F558.8 X-22.066 Y4.155 E0.01811
G0 F7200 X-22.175 Y0.739
G0 X-22.141 Y-3.517
G1 F555.1 X-22.091 Y-4.189 E0.01912
G0 F7200 X-22.223 Y3.116
G0 X-22.433 Y3.115
;TYPE:WALL-OUTER
G1 F521.9 X-22.518 Y3.513 E0.01228
G1 F631.5 X-22.523 Y4.614 E0.02746
G1 X-21.478 Y4.606 E0.02607
G1 X-21.683 Y3.817 E0.02034
G1 X-21.732 Y3.46 E0.00899
G1 F521.9 X-21.871 Y3.077 E0.0123
G1 F466.9 X-21.943 Y2.388 E0.02337
G1 F513.4 X-22.002 Y0.685 E0.05228
G1 F538.6 X-21.995 Y-0.059 E0.02176
G1 F517.6 X-21.957 Y-1.624 E0.04764
G1 F497.2 X-21.968 Y-2.441 E0.02589
G1 F471.2 X-21.893 Y-3.074 E0.02131
G1 F524 X-21.749 Y-3.454 E0.01221
G1 F631.5 X-21.555 Y-4.641 E0.03
G1 X-22.553 Y-4.65 E0.0249
G1 X-22.54 Y-3.513 E0.02836
G1 F524 X-22.454 Y-3.116 E0.01221
G1 F472.1 X-22.475 Y-2.389 E0.02427
G1 F498.2 X-22.465 Y-1.618 E0.02438
G1 F517.6 X-22.469 Y0.709 E0.07082
G1 F513.4 X-22.455 Y2.423 E0.05259
G1 F466.9 X-22.433 Y3.115 E0.02336
G0 F7200 X-22.474 Y3.31
G1 F4200 E-3.5
G0 F7200 X-22.223 Y3.311
G0 X-21.752 Y4.396
G0 X-20.711 Y4.125
G0 X20.769 Y-3.248
G0 X22.009 Y-3.442
;TYPE:WALL-INNER
G1 F4200 E3.5
G1 F565.1 X21.948 Y-4.186 E0.02081
G0 F7200 X22.115 Y-2.489
G0 X21.865 Y-2.438
;TYPE:WALL-OUTER
G1 F544.4 X21.939 Y-1.233 E0.03493
G1 F611.6 X22.013 Y-0.028 E0.03109
G1 F631.5 X21.982 Y0.642 E0.01673
G1 F576.7 X21.923 Y2.392 E0.04783
G1 F513.4 X21.762 Y4.503 E0.06496
G1 F485.7 X22.355 Y4.509 E0.01923
G1 F515.5 X22.385 Y2.376 E0.06519
G1 F595.7 X22.4 Y0.013 E0.06248
G1 F611.6 X22.375 Y-1.238 E0.03223
G1 F544.4 X22.35 Y-2.489 E0.03621
G1 F542 X22.375 Y-2.693 E0.00597
G1 F598.5 X22.4 Y-3.44 E0.01967
G1 F631.5 X22.406 Y-4.643 E0.03001
G1 X21.409 Y-4.64 E0.02487
G1 X21.626 Y-3.364 E0.03229
G1 F598.5 X21.799 Y-2.634 E0.01974
G1 F542 X21.865 Y-2.438 E0.00601
G0 F7200 X21.877 Y-2.239
G1 F4200 E-3.5
G1 F600 Z23.05
;MESH:NONMESH
G0 F7200 X-22.068 Y4.343 Z23.05
;TIME_ELAPSED:1866.154267
;LAYER:150
;note -- min layer time used
;MESH:pi 3mm_deformed_tet (6).stl
G0 X-22.068 Y4.343 Z23.2
;TYPE:WALL-OUTER
G1 F600 Z22.7
G1 F4200 E3.5
G1 F576.9 X-22.003 Y4.598 E0.00683
G1 F597 X-22.469 Y4.602 E0.01168
G1 F638.3 X-22.501 Y3.758 E0.0198
G1 F467.8 X-22.35 Y3.359 E0.01365
G1 X-22.143 Y3.734 E0.0137
G1 F617 X-22.068 Y4.343 E0.01489
G0 F7200 X-22.092 Y4.145
G0 X-22.35 Y3.359
G1 F405.4 X-22.416 Y2.389 E0.03589
G1 F489.8 X-22.439 Y1.277 E0.03399
G1 F560.7 X-22.463 Y0.165 E0.02969
G1 F567.4 X-22.448 Y-.927 E0.02881
G1 F507.4 X-22.433 Y-2.019 E0.03221
G1 F482.9 X-22.44 Y-2.395 E0.01166
G1 F415.9 X-22.368 Y-3.383 E0.03565
G0 F7200 X-22.16 Y-3.753
G1 F469.7 X-22.368 Y-3.383 E0.01353
G1 X-22.522 Y-3.78 E0.01357
G1 F634.9 X-22.495 Y-4.637 E0.02021
G1 F613.8 X-22.057 Y-4.632 E0.01068
G1 F634.9 X-22.16 Y-3.753 E0.02086
G0 F7200 X-22.137 Y-3.951
G1 F4200 E-3.5
G0 F7200 X-22.305 Y-4.29
G0 X-21.256 Y-4.042
G0 X21.297 Y4.34
G0 X22.28 Y4.463
G1 F4200 E3.5
G1 F389 X22.31 Y3.773 E0.02657
G1 F452 X22.341 Y3.083 E0.02287
G1 F539.3 X22.372 Y2.393 E0.01917
G1 F646.9 X22.422 Y-0.001 E0.0554
G1 F652.2 X22.377 Y-1.199 E0.02751
G1 F566 X22.331 Y-2.398 E0.03173
G0 F7200 X22.215 Y-2.858
G1 F583.9 X21.911 Y-4.631 E0.04611
G1 X22.362 Y-4.634 E0.01156
G1 X22.354 Y-2.872 E0.04516
G1 F555.6 X22.331 Y-2.398 E0.01278
G1 X22.215 Y-2.858 E0.01278
G0 F7200 X22.263 Y-2.664
G1 F4200 E-3.5
;MESH:NONMESH
G0 F600 X22.263 Y-2.664 Z22.85
G0 F7200 X22.204 Y-4.388
G0 X22.362 Y-4.669
;TIME_ELAPSED:1870.115490
;LAYER:151
;note -- min layer time used
;TYPE:WALL-OUTER
;MESH:pi 3mm_deformed_tet (6).stl
G1 F4200 E3.5
G1 F705.9 X22.465 Y-3.356 E0.02793
G1 F4200 E-3.5
G0 F7200 X21.766 Y-3.238
G0 X21.749 Y4.625
G0 X22.492 Y4.705
G1 F4200 E3.5
G1 F705.9 X22.516 Y4.165 E0.01146
G0 F7200 X22.516 Y4.156
G1 F705.9 X22.516 Y4.165 E0.00019
G1 X22.516 Y4.156 E0.00019
G1 F4200 E-3.5
G0 F7200 X21.808 Y4.08
G0 X-21.881 Y2.935
G0 X-22.587 Y3.036
G1 F4200 E3.5
G1 F699.7 X-22.474 Y4.633 E0.03425
G1 F4200 E-3.5
G0 F7200 X-21.668 Y4.412
G0 X-21.652 Y-4.532
G0 X-22.443 Y-4.657
G1 F4200 E3.5
G1 F648.6 X-22.512 Y-4.617 E0.00184
G1 X-22.512 Y-4.697 E0.00185
G1 X-22.443 Y-4.657 E0.00184
;TIME_ELAPSED:1872.205583
G1 F4200 E-3.5
M140 S0
M82 ;absolute extrusion mode
M107
M104 S0 ; turn off extruder
M140 S0 ; turn off heatbed
M107 ; turn off fan
G1 X178 Y180 F4200 ; park print head
M84 ; disable motors
M82 ;absolute extrusion mode
M104 S0
;End of Gcode
;SETTING_3 {"global_quality": "[general]\\nversion = 4\\nname = Fine #2\\ndefini
;SETTING_3 tion = Original_Prusa_MINI\\n\\n[metadata]\\ntype = quality_changes\\
;SETTING_3 nquality_type = normal\\nsetting_version = 23\\n\\n[values]\\nacceler
;SETTING_3 ation_enabled = False\\nadhesion_type = none\\nbridge_settings_enable
;SETTING_3 d = True\\nbridge_wall_min_length = 2.0\\nrelative_extrusion = True\\
;SETTING_3 nretraction_combing = noskin\\n\\n", "extruder_quality": ["[general]\
;SETTING_3 \nversion = 4\\nname = Fine #2\\ndefinition = Original_Prusa_MINI\\n\
;SETTING_3 \n[metadata]\\ntype = quality_changes\\nquality_type = normal\\nsetti
;SETTING_3 ng_version = 23\\nposition = 0\\n\\n[values]\\nbridge_fan_speed_2 = 1
;SETTING_3 00\\nbridge_fan_speed_3 = 100\\nbridge_skin_density_2 = 85.0\\nbridge
;SETTING_3 _skin_density_3 = 100.0\\nbridge_skin_material_flow = 80.0\\nbridge_s
;SETTING_3 kin_material_flow_3 = 100.0\\nbridge_skin_speed = 20.0\\nbridge_skin_
;SETTING_3 speed_2 = 25.0\\nbridge_skin_speed_3 = 30.0\\nbridge_wall_material_fl
;SETTING_3 ow = 80.0\\nbridge_wall_speed = 25\\ninfill_sparse_density = 10\\nret
;SETTING_3 raction_hop = 0.5\\nretraction_hop_enabled = True\\nretraction_hop_on
;SETTING_3 ly_when_collides = True\\n\\n"]}
